metric_id,period_type,period_start,value,dimension,dimension_value,source_detail,notes,generated_at
academic_collaborations,year,2013-01-01,,,,,Manual metric not yet captured.,2026-05-28T23:59:30+00:00
academic_collaborations,year,2014-01-01,,,,,Manual metric not yet captured.,2026-05-28T23:59:30+00:00
academic_collaborations,year,2015-01-01,,,,,Manual metric not yet captured.,2026-05-28T23:59:30+00:00
academic_collaborations,year,2016-01-01,,,,,Manual metric not yet captured.,2026-05-28T23:59:30+00:00
academic_collaborations,year,2017-01-01,,,,,Manual metric not yet captured.,2026-05-28T23:59:30+00:00
academic_collaborations,year,2018-01-01,,,,,Manual metric not yet captured.,2026-05-28T23:59:30+00:00
academic_collaborations,year,2019-01-01,,,,,Manual metric not yet captured.,2026-05-28T23:59:30+00:00
academic_collaborations,year,2020-01-01,,,,,Manual metric not yet captured.,2026-05-28T23:59:30+00:00
academic_collaborations,year,2021-01-01,,,,,Manual metric not yet captured.,2026-05-28T23:59:30+00:00
academic_collaborations,year,2022-01-01,,,,,Manual metric not yet captured.,2026-05-28T23:59:30+00:00
academic_collaborations,year,2023-01-01,,,,,Manual metric not yet captured.,2026-05-28T23:59:30+00:00
academic_collaborations,year,2024-01-01,,,,,Manual metric not yet captured.,2026-05-28T23:59:30+00:00
academic_collaborations,year,2025-01-01,,,,,Manual metric not yet captured.,2026-05-28T23:59:30+00:00
academic_collaborations,year,2026-01-01,,,,,Manual metric not yet captured.,2026-05-28T23:59:30+00:00
active_internal_portal_accounts,month,2013-11-01,,,,,,2026-05-28T23:59:30+00:00
active_internal_portal_accounts,month,2013-12-01,,,,,,2026-05-28T23:59:30+00:00
active_internal_portal_accounts,month,2014-01-01,,,,,,2026-05-28T23:59:30+00:00
active_internal_portal_accounts,month,2014-02-01,,,,,,2026-05-28T23:59:30+00:00
active_internal_portal_accounts,month,2014-03-01,,,,,,2026-05-28T23:59:30+00:00
active_internal_portal_accounts,month,2014-04-01,,,,,,2026-05-28T23:59:30+00:00
active_internal_portal_accounts,month,2014-05-01,,,,,,2026-05-28T23:59:30+00:00
active_internal_portal_accounts,month,2014-06-01,,,,,,2026-05-28T23:59:30+00:00
active_internal_portal_accounts,month,2014-07-01,,,,,,2026-05-28T23:59:30+00:00
active_internal_portal_accounts,month,2014-08-01,,,,,,2026-05-28T23:59:30+00:00
active_internal_portal_accounts,month,2014-09-01,,,,,,2026-05-28T23:59:30+00:00
active_internal_portal_accounts,month,2014-10-01,,,,,,2026-05-28T23:59:30+00:00
active_internal_portal_accounts,month,2014-11-01,,,,,,2026-05-28T23:59:30+00:00
active_internal_portal_accounts,month,2014-12-01,,,,,,2026-05-28T23:59:30+00:00
active_internal_portal_accounts,month,2015-01-01,,,,,,2026-05-28T23:59:30+00:00
active_internal_portal_accounts,month,2015-02-01,,,,,,2026-05-28T23:59:30+00:00
active_internal_portal_accounts,month,2015-03-01,,,,,,2026-05-28T23:59:30+00:00
active_internal_portal_accounts,month,2015-04-01,,,,,,2026-05-28T23:59:30+00:00
active_internal_portal_accounts,month,2015-05-01,,,,,,2026-05-28T23:59:30+00:00
active_internal_portal_accounts,month,2015-06-01,,,,,,2026-05-28T23:59:30+00:00
active_internal_portal_accounts,month,2015-07-01,,,,,,2026-05-28T23:59:30+00:00
active_internal_portal_accounts,month,2015-08-01,,,,,,2026-05-28T23:59:30+00:00
active_internal_portal_accounts,month,2015-09-01,,,,,,2026-05-28T23:59:30+00:00
active_internal_portal_accounts,month,2015-10-01,,,,,,2026-05-28T23:59:30+00:00
active_internal_portal_accounts,month,2015-11-01,,,,,,2026-05-28T23:59:30+00:00
active_internal_portal_accounts,month,2015-12-01,,,,,,2026-05-28T23:59:30+00:00
active_internal_portal_accounts,month,2016-01-01,,,,,,2026-05-28T23:59:30+00:00
active_internal_portal_accounts,month,2016-02-01,,,,,,2026-05-28T23:59:30+00:00
active_internal_portal_accounts,month,2016-03-01,,,,,,2026-05-28T23:59:30+00:00
active_internal_portal_accounts,month,2016-04-01,,,,,,2026-05-28T23:59:30+00:00
active_internal_portal_accounts,month,2016-05-01,,,,,,2026-05-28T23:59:30+00:00
active_internal_portal_accounts,month,2016-06-01,,,,,,2026-05-28T23:59:30+00:00
active_internal_portal_accounts,month,2016-07-01,,,,,,2026-05-28T23:59:30+00:00
active_internal_portal_accounts,month,2016-08-01,,,,,,2026-05-28T23:59:30+00:00
active_internal_portal_accounts,month,2016-09-01,,,,,,2026-05-28T23:59:30+00:00
active_internal_portal_accounts,month,2016-10-01,,,,,,2026-05-28T23:59:30+00:00
active_internal_portal_accounts,month,2016-11-01,,,,,,2026-05-28T23:59:30+00:00
active_internal_portal_accounts,month,2016-12-01,,,,,,2026-05-28T23:59:30+00:00
active_internal_portal_accounts,month,2017-01-01,,,,,,2026-05-28T23:59:30+00:00
active_internal_portal_accounts,month,2017-02-01,,,,,,2026-05-28T23:59:30+00:00
active_internal_portal_accounts,month,2017-03-01,,,,,,2026-05-28T23:59:30+00:00
active_internal_portal_accounts,month,2017-04-01,,,,,,2026-05-28T23:59:30+00:00
active_internal_portal_accounts,month,2017-05-01,,,,,,2026-05-28T23:59:30+00:00
active_internal_portal_accounts,month,2017-06-01,,,,,,2026-05-28T23:59:30+00:00
active_internal_portal_accounts,month,2017-07-01,,,,,,2026-05-28T23:59:30+00:00
active_internal_portal_accounts,month,2017-08-01,,,,,,2026-05-28T23:59:30+00:00
active_internal_portal_accounts,month,2017-09-01,,,,,,2026-05-28T23:59:30+00:00
active_internal_portal_accounts,month,2017-10-01,,,,,,2026-05-28T23:59:30+00:00
active_internal_portal_accounts,month,2017-11-01,,,,,,2026-05-28T23:59:30+00:00
active_internal_portal_accounts,month,2017-12-01,,,,,,2026-05-28T23:59:30+00:00
active_internal_portal_accounts,month,2018-01-01,,,,,,2026-05-28T23:59:30+00:00
active_internal_portal_accounts,month,2018-02-01,,,,,,2026-05-28T23:59:30+00:00
active_internal_portal_accounts,month,2018-03-01,,,,,,2026-05-28T23:59:30+00:00
active_internal_portal_accounts,month,2018-04-01,,,,,,2026-05-28T23:59:30+00:00
active_internal_portal_accounts,month,2018-05-01,,,,,,2026-05-28T23:59:30+00:00
active_internal_portal_accounts,month,2018-06-01,,,,,,2026-05-28T23:59:30+00:00
active_internal_portal_accounts,month,2018-07-01,,,,,,2026-05-28T23:59:30+00:00
active_internal_portal_accounts,month,2018-08-01,,,,,,2026-05-28T23:59:30+00:00
active_internal_portal_accounts,month,2018-09-01,,,,,,2026-05-28T23:59:30+00:00
active_internal_portal_accounts,month,2018-10-01,,,,,,2026-05-28T23:59:30+00:00
active_internal_portal_accounts,month,2018-11-01,,,,,,2026-05-28T23:59:30+00:00
active_internal_portal_accounts,month,2018-12-01,,,,,,2026-05-28T23:59:30+00:00
active_internal_portal_accounts,month,2019-01-01,,,,,,2026-05-28T23:59:30+00:00
active_internal_portal_accounts,month,2019-02-01,,,,,,2026-05-28T23:59:30+00:00
active_internal_portal_accounts,month,2019-03-01,,,,,,2026-05-28T23:59:30+00:00
active_internal_portal_accounts,month,2019-04-01,,,,,,2026-05-28T23:59:30+00:00
active_internal_portal_accounts,month,2019-05-01,,,,,,2026-05-28T23:59:30+00:00
active_internal_portal_accounts,month,2019-06-01,,,,,,2026-05-28T23:59:30+00:00
active_internal_portal_accounts,month,2019-07-01,,,,,,2026-05-28T23:59:30+00:00
active_internal_portal_accounts,month,2019-08-01,,,,,,2026-05-28T23:59:30+00:00
active_internal_portal_accounts,month,2019-09-01,,,,,,2026-05-28T23:59:30+00:00
active_internal_portal_accounts,month,2019-10-01,,,,,,2026-05-28T23:59:30+00:00
active_internal_portal_accounts,month,2019-11-01,,,,,,2026-05-28T23:59:30+00:00
active_internal_portal_accounts,month,2019-12-01,,,,,,2026-05-28T23:59:30+00:00
active_internal_portal_accounts,month,2020-01-01,,,,,,2026-05-28T23:59:30+00:00
active_internal_portal_accounts,month,2020-02-01,7,,,hbqn-78w5,,2026-05-28T23:59:30+00:00
active_internal_portal_accounts,month,2020-03-01,11,,,hbqn-78w5,,2026-05-28T23:59:30+00:00
active_internal_portal_accounts,month,2020-04-01,9,,,hbqn-78w5,,2026-05-28T23:59:30+00:00
active_internal_portal_accounts,month,2020-05-01,6,,,hbqn-78w5,,2026-05-28T23:59:30+00:00
active_internal_portal_accounts,month,2020-06-01,3,,,hbqn-78w5,,2026-05-28T23:59:30+00:00
active_internal_portal_accounts,month,2020-07-01,7,,,hbqn-78w5,,2026-05-28T23:59:30+00:00
active_internal_portal_accounts,month,2020-08-01,4,,,hbqn-78w5,,2026-05-28T23:59:30+00:00
active_internal_portal_accounts,month,2020-09-01,6,,,hbqn-78w5,,2026-05-28T23:59:30+00:00
active_internal_portal_accounts,month,2020-10-01,8,,,hbqn-78w5,,2026-05-28T23:59:30+00:00
active_internal_portal_accounts,month,2020-11-01,6,,,hbqn-78w5,,2026-05-28T23:59:30+00:00
active_internal_portal_accounts,month,2020-12-01,7,,,hbqn-78w5,,2026-05-28T23:59:30+00:00
active_internal_portal_accounts,month,2021-01-01,5,,,hbqn-78w5,,2026-05-28T23:59:30+00:00
active_internal_portal_accounts,month,2021-02-01,6,,,hbqn-78w5,,2026-05-28T23:59:30+00:00
active_internal_portal_accounts,month,2021-03-01,6,,,hbqn-78w5,,2026-05-28T23:59:30+00:00
active_internal_portal_accounts,month,2021-04-01,9,,,hbqn-78w5,,2026-05-28T23:59:30+00:00
active_internal_portal_accounts,month,2021-05-01,12,,,hbqn-78w5,,2026-05-28T23:59:30+00:00
active_internal_portal_accounts,month,2021-06-01,10,,,hbqn-78w5,,2026-05-28T23:59:30+00:00
active_internal_portal_accounts,month,2021-07-01,7,,,hbqn-78w5,,2026-05-28T23:59:30+00:00
active_internal_portal_accounts,month,2021-08-01,7,,,hbqn-78w5,,2026-05-28T23:59:30+00:00
active_internal_portal_accounts,month,2021-09-01,7,,,hbqn-78w5,,2026-05-28T23:59:30+00:00
active_internal_portal_accounts,month,2021-10-01,5,,,hbqn-78w5,,2026-05-28T23:59:30+00:00
active_internal_portal_accounts,month,2021-11-01,7,,,hbqn-78w5,,2026-05-28T23:59:30+00:00
active_internal_portal_accounts,month,2021-12-01,14,,,hbqn-78w5,,2026-05-28T23:59:30+00:00
active_internal_portal_accounts,month,2022-01-01,8,,,hbqn-78w5,,2026-05-28T23:59:30+00:00
active_internal_portal_accounts,month,2022-02-01,14,,,hbqn-78w5,,2026-05-28T23:59:30+00:00
active_internal_portal_accounts,month,2022-03-01,17,,,hbqn-78w5,,2026-05-28T23:59:30+00:00
active_internal_portal_accounts,month,2022-04-01,14,,,hbqn-78w5,,2026-05-28T23:59:30+00:00
active_internal_portal_accounts,month,2022-05-01,9,,,hbqn-78w5,,2026-05-28T23:59:30+00:00
active_internal_portal_accounts,month,2022-06-01,7,,,hbqn-78w5,,2026-05-28T23:59:30+00:00
active_internal_portal_accounts,month,2022-07-01,8,,,hbqn-78w5,,2026-05-28T23:59:30+00:00
active_internal_portal_accounts,month,2022-08-01,10,,,hbqn-78w5,,2026-05-28T23:59:30+00:00
active_internal_portal_accounts,month,2022-09-01,11,,,hbqn-78w5,,2026-05-28T23:59:30+00:00
active_internal_portal_accounts,month,2022-10-01,7,,,hbqn-78w5,,2026-05-28T23:59:30+00:00
active_internal_portal_accounts,month,2022-11-01,5,,,hbqn-78w5,,2026-05-28T23:59:30+00:00
active_internal_portal_accounts,month,2022-12-01,8,,,hbqn-78w5,,2026-05-28T23:59:30+00:00
active_internal_portal_accounts,month,2023-01-01,10,,,hbqn-78w5,,2026-05-28T23:59:30+00:00
active_internal_portal_accounts,month,2023-02-01,9,,,hbqn-78w5,,2026-05-28T23:59:30+00:00
active_internal_portal_accounts,month,2023-03-01,11,,,hbqn-78w5,,2026-05-28T23:59:30+00:00
active_internal_portal_accounts,month,2023-04-01,11,,,hbqn-78w5,,2026-05-28T23:59:30+00:00
active_internal_portal_accounts,month,2023-05-01,10,,,hbqn-78w5,,2026-05-28T23:59:30+00:00
active_internal_portal_accounts,month,2023-06-01,12,,,hbqn-78w5,,2026-05-28T23:59:30+00:00
active_internal_portal_accounts,month,2023-07-01,9,,,hbqn-78w5,,2026-05-28T23:59:30+00:00
active_internal_portal_accounts,month,2023-08-01,13,,,hbqn-78w5,,2026-05-28T23:59:30+00:00
active_internal_portal_accounts,month,2023-09-01,9,,,hbqn-78w5,,2026-05-28T23:59:30+00:00
active_internal_portal_accounts,month,2023-10-01,11,,,hbqn-78w5,,2026-05-28T23:59:30+00:00
active_internal_portal_accounts,month,2023-11-01,10,,,hbqn-78w5,,2026-05-28T23:59:30+00:00
active_internal_portal_accounts,month,2023-12-01,11,,,hbqn-78w5,,2026-05-28T23:59:30+00:00
active_internal_portal_accounts,month,2024-01-01,13,,,hbqn-78w5,,2026-05-28T23:59:30+00:00
active_internal_portal_accounts,month,2024-02-01,12,,,hbqn-78w5,,2026-05-28T23:59:30+00:00
active_internal_portal_accounts,month,2024-03-01,10,,,hbqn-78w5,,2026-05-28T23:59:30+00:00
active_internal_portal_accounts,month,2024-04-01,12,,,hbqn-78w5,,2026-05-28T23:59:30+00:00
active_internal_portal_accounts,month,2024-05-01,8,,,hbqn-78w5,,2026-05-28T23:59:30+00:00
active_internal_portal_accounts,month,2024-06-01,8,,,hbqn-78w5,,2026-05-28T23:59:30+00:00
active_internal_portal_accounts,month,2024-07-01,13,,,hbqn-78w5,,2026-05-28T23:59:30+00:00
active_internal_portal_accounts,month,2024-08-01,8,,,hbqn-78w5,,2026-05-28T23:59:30+00:00
active_internal_portal_accounts,month,2024-09-01,8,,,hbqn-78w5,,2026-05-28T23:59:30+00:00
active_internal_portal_accounts,month,2024-10-01,9,,,hbqn-78w5,,2026-05-28T23:59:30+00:00
active_internal_portal_accounts,month,2024-11-01,10,,,hbqn-78w5,,2026-05-28T23:59:30+00:00
active_internal_portal_accounts,month,2024-12-01,11,,,hbqn-78w5,,2026-05-28T23:59:30+00:00
active_internal_portal_accounts,month,2025-01-01,16,,,hbqn-78w5,,2026-05-28T23:59:30+00:00
active_internal_portal_accounts,month,2025-02-01,11,,,hbqn-78w5,,2026-05-28T23:59:30+00:00
active_internal_portal_accounts,month,2025-03-01,11,,,hbqn-78w5,,2026-05-28T23:59:30+00:00
active_internal_portal_accounts,month,2025-04-01,12,,,hbqn-78w5,,2026-05-28T23:59:30+00:00
active_internal_portal_accounts,month,2025-05-01,10,,,hbqn-78w5,,2026-05-28T23:59:30+00:00
active_internal_portal_accounts,month,2025-06-01,9,,,hbqn-78w5,,2026-05-28T23:59:30+00:00
active_internal_portal_accounts,month,2025-07-01,7,,,hbqn-78w5,,2026-05-28T23:59:30+00:00
active_internal_portal_accounts,month,2025-08-01,8,,,hbqn-78w5,,2026-05-28T23:59:30+00:00
active_internal_portal_accounts,month,2025-09-01,8,,,hbqn-78w5,,2026-05-28T23:59:30+00:00
active_internal_portal_accounts,month,2025-10-01,7,,,hbqn-78w5,,2026-05-28T23:59:30+00:00
active_internal_portal_accounts,month,2025-11-01,7,,,hbqn-78w5,,2026-05-28T23:59:30+00:00
active_internal_portal_accounts,month,2025-12-01,12,,,hbqn-78w5,,2026-05-28T23:59:30+00:00
active_internal_portal_accounts,month,2026-01-01,9,,,hbqn-78w5,,2026-05-28T23:59:30+00:00
active_internal_portal_accounts,month,2026-02-01,10,,,hbqn-78w5,,2026-05-28T23:59:30+00:00
active_internal_portal_accounts,month,2026-03-01,10,,,hbqn-78w5,,2026-05-28T23:59:30+00:00
active_internal_portal_accounts,month,2026-04-01,10,,,hbqn-78w5,,2026-05-28T23:59:30+00:00
active_internal_portal_accounts,month,2026-05-01,11,,,hbqn-78w5,,2026-05-28T23:59:30+00:00
active_internal_portal_accounts,year,2020-01-01,11,,,,Aggregated from monthly values using max.,2026-05-28T23:59:30+00:00
active_internal_portal_accounts,year,2021-01-01,14,,,,Aggregated from monthly values using max.,2026-05-28T23:59:30+00:00
active_internal_portal_accounts,year,2022-01-01,17,,,,Aggregated from monthly values using max.,2026-05-28T23:59:30+00:00
active_internal_portal_accounts,year,2023-01-01,13,,,,Aggregated from monthly values using max.,2026-05-28T23:59:30+00:00
active_internal_portal_accounts,year,2024-01-01,13,,,,Aggregated from monthly values using max.,2026-05-28T23:59:30+00:00
active_internal_portal_accounts,year,2025-01-01,16,,,,Aggregated from monthly values using max.,2026-05-28T23:59:30+00:00
active_internal_portal_accounts,year,2026-01-01,11,,,,Aggregated from monthly values using max.,2026-05-28T23:59:30+00:00
big_issues_attendance,month,2013-11-01,,,,,No source value available for this period.,2026-05-28T23:59:30+00:00
big_issues_attendance,month,2013-12-01,,,,,No source value available for this period.,2026-05-28T23:59:30+00:00
big_issues_attendance,month,2014-01-01,,,,,No source value available for this period.,2026-05-28T23:59:30+00:00
big_issues_attendance,month,2014-02-01,,,,,No source value available for this period.,2026-05-28T23:59:30+00:00
big_issues_attendance,month,2014-03-01,,,,,No source value available for this period.,2026-05-28T23:59:30+00:00
big_issues_attendance,month,2014-04-01,,,,,No source value available for this period.,2026-05-28T23:59:30+00:00
big_issues_attendance,month,2014-05-01,,,,,No source value available for this period.,2026-05-28T23:59:30+00:00
big_issues_attendance,month,2014-06-01,,,,,No source value available for this period.,2026-05-28T23:59:30+00:00
big_issues_attendance,month,2014-07-01,,,,,No source value available for this period.,2026-05-28T23:59:30+00:00
big_issues_attendance,month,2014-08-01,,,,,No source value available for this period.,2026-05-28T23:59:30+00:00
big_issues_attendance,month,2014-09-01,,,,,No source value available for this period.,2026-05-28T23:59:30+00:00
big_issues_attendance,month,2014-10-01,,,,,No source value available for this period.,2026-05-28T23:59:30+00:00
big_issues_attendance,month,2014-11-01,,,,,No source value available for this period.,2026-05-28T23:59:30+00:00
big_issues_attendance,month,2014-12-01,,,,,No source value available for this period.,2026-05-28T23:59:30+00:00
big_issues_attendance,month,2015-01-01,,,,,No source value available for this period.,2026-05-28T23:59:30+00:00
big_issues_attendance,month,2015-02-01,,,,,No source value available for this period.,2026-05-28T23:59:30+00:00
big_issues_attendance,month,2015-03-01,,,,,No source value available for this period.,2026-05-28T23:59:30+00:00
big_issues_attendance,month,2015-04-01,,,,,No source value available for this period.,2026-05-28T23:59:30+00:00
big_issues_attendance,month,2015-05-01,,,,,No source value available for this period.,2026-05-28T23:59:30+00:00
big_issues_attendance,month,2015-06-01,,,,,No source value available for this period.,2026-05-28T23:59:30+00:00
big_issues_attendance,month,2015-07-01,,,,,No source value available for this period.,2026-05-28T23:59:30+00:00
big_issues_attendance,month,2015-08-01,,,,,No source value available for this period.,2026-05-28T23:59:30+00:00
big_issues_attendance,month,2015-09-01,,,,,No source value available for this period.,2026-05-28T23:59:30+00:00
big_issues_attendance,month,2015-10-01,,,,,No source value available for this period.,2026-05-28T23:59:30+00:00
big_issues_attendance,month,2015-11-01,,,,,No source value available for this period.,2026-05-28T23:59:30+00:00
big_issues_attendance,month,2015-12-01,,,,,No source value available for this period.,2026-05-28T23:59:30+00:00
big_issues_attendance,month,2016-01-01,,,,,No source value available for this period.,2026-05-28T23:59:30+00:00
big_issues_attendance,month,2016-02-01,,,,,No source value available for this period.,2026-05-28T23:59:30+00:00
big_issues_attendance,month,2016-03-01,,,,,No source value available for this period.,2026-05-28T23:59:30+00:00
big_issues_attendance,month,2016-04-01,,,,,No source value available for this period.,2026-05-28T23:59:30+00:00
big_issues_attendance,month,2016-05-01,,,,,No source value available for this period.,2026-05-28T23:59:30+00:00
big_issues_attendance,month,2016-06-01,,,,,No source value available for this period.,2026-05-28T23:59:30+00:00
big_issues_attendance,month,2016-07-01,,,,,No source value available for this period.,2026-05-28T23:59:30+00:00
big_issues_attendance,month,2016-08-01,,,,,No source value available for this period.,2026-05-28T23:59:30+00:00
big_issues_attendance,month,2016-09-01,,,,,No source value available for this period.,2026-05-28T23:59:30+00:00
big_issues_attendance,month,2016-10-01,,,,,No source value available for this period.,2026-05-28T23:59:30+00:00
big_issues_attendance,month,2016-11-01,,,,,No source value available for this period.,2026-05-28T23:59:30+00:00
big_issues_attendance,month,2016-12-01,,,,,No source value available for this period.,2026-05-28T23:59:30+00:00
big_issues_attendance,month,2017-01-01,,,,,No source value available for this period.,2026-05-28T23:59:30+00:00
big_issues_attendance,month,2017-02-01,,,,,No source value available for this period.,2026-05-28T23:59:30+00:00
big_issues_attendance,month,2017-03-01,,,,,No source value available for this period.,2026-05-28T23:59:30+00:00
big_issues_attendance,month,2017-04-01,,,,,No source value available for this period.,2026-05-28T23:59:30+00:00
big_issues_attendance,month,2017-05-01,,,,,No source value available for this period.,2026-05-28T23:59:30+00:00
big_issues_attendance,month,2017-06-01,,,,,No source value available for this period.,2026-05-28T23:59:30+00:00
big_issues_attendance,month,2017-07-01,,,,,No source value available for this period.,2026-05-28T23:59:30+00:00
big_issues_attendance,month,2017-08-01,,,,,No source value available for this period.,2026-05-28T23:59:30+00:00
big_issues_attendance,month,2017-09-01,,,,,No source value available for this period.,2026-05-28T23:59:30+00:00
big_issues_attendance,month,2017-10-01,,,,,No source value available for this period.,2026-05-28T23:59:30+00:00
big_issues_attendance,month,2017-11-01,,,,,No source value available for this period.,2026-05-28T23:59:30+00:00
big_issues_attendance,month,2017-12-01,,,,,No source value available for this period.,2026-05-28T23:59:30+00:00
big_issues_attendance,month,2018-01-01,,,,,No source value available for this period.,2026-05-28T23:59:30+00:00
big_issues_attendance,month,2018-02-01,,,,,No source value available for this period.,2026-05-28T23:59:30+00:00
big_issues_attendance,month,2018-03-01,,,,,No source value available for this period.,2026-05-28T23:59:30+00:00
big_issues_attendance,month,2018-04-01,,,,,No source value available for this period.,2026-05-28T23:59:30+00:00
big_issues_attendance,month,2018-05-01,,,,,No source value available for this period.,2026-05-28T23:59:30+00:00
big_issues_attendance,month,2018-06-01,,,,,No source value available for this period.,2026-05-28T23:59:30+00:00
big_issues_attendance,month,2018-07-01,,,,,No source value available for this period.,2026-05-28T23:59:30+00:00
big_issues_attendance,month,2018-08-01,,,,,No source value available for this period.,2026-05-28T23:59:30+00:00
big_issues_attendance,month,2018-09-01,,,,,No source value available for this period.,2026-05-28T23:59:30+00:00
big_issues_attendance,month,2018-10-01,,,,,No source value available for this period.,2026-05-28T23:59:30+00:00
big_issues_attendance,month,2018-11-01,,,,,No source value available for this period.,2026-05-28T23:59:30+00:00
big_issues_attendance,month,2018-12-01,,,,,No source value available for this period.,2026-05-28T23:59:30+00:00
big_issues_attendance,month,2019-01-01,,,,,No source value available for this period.,2026-05-28T23:59:30+00:00
big_issues_attendance,month,2019-02-01,,,,,No source value available for this period.,2026-05-28T23:59:30+00:00
big_issues_attendance,month,2019-03-01,,,,,No source value available for this period.,2026-05-28T23:59:30+00:00
big_issues_attendance,month,2019-04-01,,,,,No source value available for this period.,2026-05-28T23:59:30+00:00
big_issues_attendance,month,2019-05-01,,,,,No source value available for this period.,2026-05-28T23:59:30+00:00
big_issues_attendance,month,2019-06-01,,,,,No source value available for this period.,2026-05-28T23:59:30+00:00
big_issues_attendance,month,2019-07-01,,,,,No source value available for this period.,2026-05-28T23:59:30+00:00
big_issues_attendance,month,2019-08-01,,,,,No source value available for this period.,2026-05-28T23:59:30+00:00
big_issues_attendance,month,2019-09-01,,,,,No source value available for this period.,2026-05-28T23:59:30+00:00
big_issues_attendance,month,2019-10-01,,,,,No source value available for this period.,2026-05-28T23:59:30+00:00
big_issues_attendance,month,2019-11-01,,,,,No source value available for this period.,2026-05-28T23:59:30+00:00
big_issues_attendance,month,2019-12-01,,,,,No source value available for this period.,2026-05-28T23:59:30+00:00
big_issues_attendance,month,2020-01-01,,,,,No source value available for this period.,2026-05-28T23:59:30+00:00
big_issues_attendance,month,2020-02-01,,,,,No source value available for this period.,2026-05-28T23:59:30+00:00
big_issues_attendance,month,2020-03-01,,,,,No source value available for this period.,2026-05-28T23:59:30+00:00
big_issues_attendance,month,2020-04-01,,,,,No source value available for this period.,2026-05-28T23:59:30+00:00
big_issues_attendance,month,2020-05-01,,,,,No source value available for this period.,2026-05-28T23:59:30+00:00
big_issues_attendance,month,2020-06-01,,,,,No source value available for this period.,2026-05-28T23:59:30+00:00
big_issues_attendance,month,2020-07-01,,,,,No source value available for this period.,2026-05-28T23:59:30+00:00
big_issues_attendance,month,2020-08-01,,,,,No source value available for this period.,2026-05-28T23:59:30+00:00
big_issues_attendance,month,2020-09-01,,,,,No source value available for this period.,2026-05-28T23:59:30+00:00
big_issues_attendance,month,2020-10-01,,,,,No source value available for this period.,2026-05-28T23:59:30+00:00
big_issues_attendance,month,2020-11-01,,,,,No source value available for this period.,2026-05-28T23:59:30+00:00
big_issues_attendance,month,2020-12-01,,,,,No source value available for this period.,2026-05-28T23:59:30+00:00
big_issues_attendance,month,2021-01-01,,,,,No source value available for this period.,2026-05-28T23:59:30+00:00
big_issues_attendance,month,2021-02-01,,,,,No source value available for this period.,2026-05-28T23:59:30+00:00
big_issues_attendance,month,2021-03-01,,,,,No source value available for this period.,2026-05-28T23:59:30+00:00
big_issues_attendance,month,2021-04-01,,,,,No source value available for this period.,2026-05-28T23:59:30+00:00
big_issues_attendance,month,2021-05-01,,,,,No source value available for this period.,2026-05-28T23:59:30+00:00
big_issues_attendance,month,2021-06-01,,,,,No source value available for this period.,2026-05-28T23:59:30+00:00
big_issues_attendance,month,2021-07-01,,,,,No source value available for this period.,2026-05-28T23:59:30+00:00
big_issues_attendance,month,2021-08-01,,,,,No source value available for this period.,2026-05-28T23:59:30+00:00
big_issues_attendance,month,2021-09-01,,,,,No source value available for this period.,2026-05-28T23:59:30+00:00
big_issues_attendance,month,2021-10-01,,,,,No source value available for this period.,2026-05-28T23:59:30+00:00
big_issues_attendance,month,2021-11-01,,,,,No source value available for this period.,2026-05-28T23:59:30+00:00
big_issues_attendance,month,2021-12-01,,,,,No source value available for this period.,2026-05-28T23:59:30+00:00
big_issues_attendance,month,2022-01-01,,,,,No source value available for this period.,2026-05-28T23:59:30+00:00
big_issues_attendance,month,2022-02-01,,,,,No source value available for this period.,2026-05-28T23:59:30+00:00
big_issues_attendance,month,2022-03-01,,,,,No source value available for this period.,2026-05-28T23:59:30+00:00
big_issues_attendance,month,2022-04-01,,,,,No source value available for this period.,2026-05-28T23:59:30+00:00
big_issues_attendance,month,2022-05-01,,,,,No source value available for this period.,2026-05-28T23:59:30+00:00
big_issues_attendance,month,2022-06-01,,,,,No source value available for this period.,2026-05-28T23:59:30+00:00
big_issues_attendance,month,2022-07-01,,,,,No source value available for this period.,2026-05-28T23:59:30+00:00
big_issues_attendance,month,2022-08-01,,,,,No source value available for this period.,2026-05-28T23:59:30+00:00
big_issues_attendance,month,2022-09-01,,,,,No source value available for this period.,2026-05-28T23:59:30+00:00
big_issues_attendance,month,2022-10-01,,,,,No source value available for this period.,2026-05-28T23:59:30+00:00
big_issues_attendance,month,2022-11-01,,,,,No source value available for this period.,2026-05-28T23:59:30+00:00
big_issues_attendance,month,2022-12-01,,,,,No source value available for this period.,2026-05-28T23:59:30+00:00
big_issues_attendance,month,2023-01-01,,,,,No source value available for this period.,2026-05-28T23:59:30+00:00
big_issues_attendance,month,2023-02-01,,,,,No source value available for this period.,2026-05-28T23:59:30+00:00
big_issues_attendance,month,2023-03-01,,,,,No source value available for this period.,2026-05-28T23:59:30+00:00
big_issues_attendance,month,2023-04-01,,,,,No source value available for this period.,2026-05-28T23:59:30+00:00
big_issues_attendance,month,2023-05-01,,,,,No source value available for this period.,2026-05-28T23:59:30+00:00
big_issues_attendance,month,2023-06-01,,,,,No source value available for this period.,2026-05-28T23:59:30+00:00
big_issues_attendance,month,2023-07-01,,,,,No source value available for this period.,2026-05-28T23:59:30+00:00
big_issues_attendance,month,2023-08-01,,,,,No source value available for this period.,2026-05-28T23:59:30+00:00
big_issues_attendance,month,2023-09-01,,,,,No source value available for this period.,2026-05-28T23:59:30+00:00
big_issues_attendance,month,2023-10-01,,,,,No source value available for this period.,2026-05-28T23:59:30+00:00
big_issues_attendance,month,2023-11-01,,,,,No source value available for this period.,2026-05-28T23:59:30+00:00
big_issues_attendance,month,2023-12-01,,,,,No source value available for this period.,2026-05-28T23:59:30+00:00
big_issues_attendance,month,2024-01-01,,,,,No source value available for this period.,2026-05-28T23:59:30+00:00
big_issues_attendance,month,2024-02-01,,,,,No source value available for this period.,2026-05-28T23:59:30+00:00
big_issues_attendance,month,2024-03-01,,,,,No source value available for this period.,2026-05-28T23:59:30+00:00
big_issues_attendance,month,2024-04-01,,,,,No source value available for this period.,2026-05-28T23:59:30+00:00
big_issues_attendance,month,2024-05-01,,,,,No source value available for this period.,2026-05-28T23:59:30+00:00
big_issues_attendance,month,2024-06-01,,,,,No source value available for this period.,2026-05-28T23:59:30+00:00
big_issues_attendance,month,2024-07-01,,,,,No source value available for this period.,2026-05-28T23:59:30+00:00
big_issues_attendance,month,2024-08-01,,,,,No source value available for this period.,2026-05-28T23:59:30+00:00
big_issues_attendance,month,2024-09-01,,,,,No source value available for this period.,2026-05-28T23:59:30+00:00
big_issues_attendance,month,2024-10-01,,,,,No source value available for this period.,2026-05-28T23:59:30+00:00
big_issues_attendance,month,2024-11-01,,,,,No source value available for this period.,2026-05-28T23:59:30+00:00
big_issues_attendance,month,2024-12-01,,,,,No source value available for this period.,2026-05-28T23:59:30+00:00
big_issues_attendance,month,2025-01-01,,,,,No source value available for this period.,2026-05-28T23:59:30+00:00
big_issues_attendance,month,2025-02-01,,,,,No source value available for this period.,2026-05-28T23:59:30+00:00
big_issues_attendance,month,2025-03-01,,,,,No source value available for this period.,2026-05-28T23:59:30+00:00
big_issues_attendance,month,2025-04-01,,,,,No source value available for this period.,2026-05-28T23:59:30+00:00
big_issues_attendance,month,2025-05-01,,,,,No source value available for this period.,2026-05-28T23:59:30+00:00
big_issues_attendance,month,2025-06-01,,,,,No source value available for this period.,2026-05-28T23:59:30+00:00
big_issues_attendance,month,2025-07-01,,,,,No source value available for this period.,2026-05-28T23:59:30+00:00
big_issues_attendance,month,2025-08-01,,,,,No source value available for this period.,2026-05-28T23:59:30+00:00
big_issues_attendance,month,2025-09-01,,,,,No source value available for this period.,2026-05-28T23:59:30+00:00
big_issues_attendance,month,2025-10-01,,,,,No source value available for this period.,2026-05-28T23:59:30+00:00
big_issues_attendance,month,2025-11-01,,,,,No source value available for this period.,2026-05-28T23:59:30+00:00
big_issues_attendance,month,2025-12-01,,,,,No source value available for this period.,2026-05-28T23:59:30+00:00
big_issues_attendance,month,2026-01-01,,,,,No source value available for this period.,2026-05-28T23:59:30+00:00
big_issues_attendance,month,2026-02-01,,,,,No source value available for this period.,2026-05-28T23:59:30+00:00
big_issues_attendance,month,2026-03-01,,,,,No source value available for this period.,2026-05-28T23:59:30+00:00
big_issues_attendance,month,2026-04-01,,,,,No source value available for this period.,2026-05-28T23:59:30+00:00
big_issues_attendance,month,2026-05-01,,,,,No source value available for this period.,2026-05-28T23:59:30+00:00
big_issues_talks,month,2013-11-01,,,,,No source value available for this period.,2026-05-28T23:59:30+00:00
big_issues_talks,month,2013-12-01,,,,,No source value available for this period.,2026-05-28T23:59:30+00:00
big_issues_talks,month,2014-01-01,,,,,No source value available for this period.,2026-05-28T23:59:30+00:00
big_issues_talks,month,2014-02-01,,,,,No source value available for this period.,2026-05-28T23:59:30+00:00
big_issues_talks,month,2014-03-01,,,,,No source value available for this period.,2026-05-28T23:59:30+00:00
big_issues_talks,month,2014-04-01,,,,,No source value available for this period.,2026-05-28T23:59:30+00:00
big_issues_talks,month,2014-05-01,,,,,No source value available for this period.,2026-05-28T23:59:30+00:00
big_issues_talks,month,2014-06-01,,,,,No source value available for this period.,2026-05-28T23:59:30+00:00
big_issues_talks,month,2014-07-01,,,,,No source value available for this period.,2026-05-28T23:59:30+00:00
big_issues_talks,month,2014-08-01,,,,,No source value available for this period.,2026-05-28T23:59:30+00:00
big_issues_talks,month,2014-09-01,,,,,No source value available for this period.,2026-05-28T23:59:30+00:00
big_issues_talks,month,2014-10-01,,,,,No source value available for this period.,2026-05-28T23:59:30+00:00
big_issues_talks,month,2014-11-01,,,,,No source value available for this period.,2026-05-28T23:59:30+00:00
big_issues_talks,month,2014-12-01,,,,,No source value available for this period.,2026-05-28T23:59:30+00:00
big_issues_talks,month,2015-01-01,,,,,No source value available for this period.,2026-05-28T23:59:30+00:00
big_issues_talks,month,2015-02-01,,,,,No source value available for this period.,2026-05-28T23:59:30+00:00
big_issues_talks,month,2015-03-01,,,,,No source value available for this period.,2026-05-28T23:59:30+00:00
big_issues_talks,month,2015-04-01,,,,,No source value available for this period.,2026-05-28T23:59:30+00:00
big_issues_talks,month,2015-05-01,,,,,No source value available for this period.,2026-05-28T23:59:30+00:00
big_issues_talks,month,2015-06-01,,,,,No source value available for this period.,2026-05-28T23:59:30+00:00
big_issues_talks,month,2015-07-01,,,,,No source value available for this period.,2026-05-28T23:59:30+00:00
big_issues_talks,month,2015-08-01,,,,,No source value available for this period.,2026-05-28T23:59:30+00:00
big_issues_talks,month,2015-09-01,,,,,No source value available for this period.,2026-05-28T23:59:30+00:00
big_issues_talks,month,2015-10-01,,,,,No source value available for this period.,2026-05-28T23:59:30+00:00
big_issues_talks,month,2015-11-01,,,,,No source value available for this period.,2026-05-28T23:59:30+00:00
big_issues_talks,month,2015-12-01,,,,,No source value available for this period.,2026-05-28T23:59:30+00:00
big_issues_talks,month,2016-01-01,,,,,No source value available for this period.,2026-05-28T23:59:30+00:00
big_issues_talks,month,2016-02-01,,,,,No source value available for this period.,2026-05-28T23:59:30+00:00
big_issues_talks,month,2016-03-01,,,,,No source value available for this period.,2026-05-28T23:59:30+00:00
big_issues_talks,month,2016-04-01,,,,,No source value available for this period.,2026-05-28T23:59:30+00:00
big_issues_talks,month,2016-05-01,,,,,No source value available for this period.,2026-05-28T23:59:30+00:00
big_issues_talks,month,2016-06-01,,,,,No source value available for this period.,2026-05-28T23:59:30+00:00
big_issues_talks,month,2016-07-01,,,,,No source value available for this period.,2026-05-28T23:59:30+00:00
big_issues_talks,month,2016-08-01,,,,,No source value available for this period.,2026-05-28T23:59:30+00:00
big_issues_talks,month,2016-09-01,,,,,No source value available for this period.,2026-05-28T23:59:30+00:00
big_issues_talks,month,2016-10-01,,,,,No source value available for this period.,2026-05-28T23:59:30+00:00
big_issues_talks,month,2016-11-01,,,,,No source value available for this period.,2026-05-28T23:59:30+00:00
big_issues_talks,month,2016-12-01,,,,,No source value available for this period.,2026-05-28T23:59:30+00:00
big_issues_talks,month,2017-01-01,,,,,No source value available for this period.,2026-05-28T23:59:30+00:00
big_issues_talks,month,2017-02-01,,,,,No source value available for this period.,2026-05-28T23:59:30+00:00
big_issues_talks,month,2017-03-01,,,,,No source value available for this period.,2026-05-28T23:59:30+00:00
big_issues_talks,month,2017-04-01,,,,,No source value available for this period.,2026-05-28T23:59:30+00:00
big_issues_talks,month,2017-05-01,,,,,No source value available for this period.,2026-05-28T23:59:30+00:00
big_issues_talks,month,2017-06-01,,,,,No source value available for this period.,2026-05-28T23:59:30+00:00
big_issues_talks,month,2017-07-01,,,,,No source value available for this period.,2026-05-28T23:59:30+00:00
big_issues_talks,month,2017-08-01,,,,,No source value available for this period.,2026-05-28T23:59:30+00:00
big_issues_talks,month,2017-09-01,,,,,No source value available for this period.,2026-05-28T23:59:30+00:00
big_issues_talks,month,2017-10-01,,,,,No source value available for this period.,2026-05-28T23:59:30+00:00
big_issues_talks,month,2017-11-01,,,,,No source value available for this period.,2026-05-28T23:59:30+00:00
big_issues_talks,month,2017-12-01,,,,,No source value available for this period.,2026-05-28T23:59:30+00:00
big_issues_talks,month,2018-01-01,,,,,No source value available for this period.,2026-05-28T23:59:30+00:00
big_issues_talks,month,2018-02-01,,,,,No source value available for this period.,2026-05-28T23:59:30+00:00
big_issues_talks,month,2018-03-01,,,,,No source value available for this period.,2026-05-28T23:59:30+00:00
big_issues_talks,month,2018-04-01,,,,,No source value available for this period.,2026-05-28T23:59:30+00:00
big_issues_talks,month,2018-05-01,,,,,No source value available for this period.,2026-05-28T23:59:30+00:00
big_issues_talks,month,2018-06-01,,,,,No source value available for this period.,2026-05-28T23:59:30+00:00
big_issues_talks,month,2018-07-01,,,,,No source value available for this period.,2026-05-28T23:59:30+00:00
big_issues_talks,month,2018-08-01,,,,,No source value available for this period.,2026-05-28T23:59:30+00:00
big_issues_talks,month,2018-09-01,,,,,No source value available for this period.,2026-05-28T23:59:30+00:00
big_issues_talks,month,2018-10-01,,,,,No source value available for this period.,2026-05-28T23:59:30+00:00
big_issues_talks,month,2018-11-01,,,,,No source value available for this period.,2026-05-28T23:59:30+00:00
big_issues_talks,month,2018-12-01,,,,,No source value available for this period.,2026-05-28T23:59:30+00:00
big_issues_talks,month,2019-01-01,,,,,No source value available for this period.,2026-05-28T23:59:30+00:00
big_issues_talks,month,2019-02-01,,,,,No source value available for this period.,2026-05-28T23:59:30+00:00
big_issues_talks,month,2019-03-01,,,,,No source value available for this period.,2026-05-28T23:59:30+00:00
big_issues_talks,month,2019-04-01,,,,,No source value available for this period.,2026-05-28T23:59:30+00:00
big_issues_talks,month,2019-05-01,,,,,No source value available for this period.,2026-05-28T23:59:30+00:00
big_issues_talks,month,2019-06-01,,,,,No source value available for this period.,2026-05-28T23:59:30+00:00
big_issues_talks,month,2019-07-01,,,,,No source value available for this period.,2026-05-28T23:59:30+00:00
big_issues_talks,month,2019-08-01,,,,,No source value available for this period.,2026-05-28T23:59:30+00:00
big_issues_talks,month,2019-09-01,,,,,No source value available for this period.,2026-05-28T23:59:30+00:00
big_issues_talks,month,2019-10-01,,,,,No source value available for this period.,2026-05-28T23:59:30+00:00
big_issues_talks,month,2019-11-01,,,,,No source value available for this period.,2026-05-28T23:59:30+00:00
big_issues_talks,month,2019-12-01,,,,,No source value available for this period.,2026-05-28T23:59:30+00:00
big_issues_talks,month,2020-01-01,,,,,No source value available for this period.,2026-05-28T23:59:30+00:00
big_issues_talks,month,2020-02-01,,,,,No source value available for this period.,2026-05-28T23:59:30+00:00
big_issues_talks,month,2020-03-01,,,,,No source value available for this period.,2026-05-28T23:59:30+00:00
big_issues_talks,month,2020-04-01,,,,,No source value available for this period.,2026-05-28T23:59:30+00:00
big_issues_talks,month,2020-05-01,,,,,No source value available for this period.,2026-05-28T23:59:30+00:00
big_issues_talks,month,2020-06-01,,,,,No source value available for this period.,2026-05-28T23:59:30+00:00
big_issues_talks,month,2020-07-01,,,,,No source value available for this period.,2026-05-28T23:59:30+00:00
big_issues_talks,month,2020-08-01,,,,,No source value available for this period.,2026-05-28T23:59:30+00:00
big_issues_talks,month,2020-09-01,,,,,No source value available for this period.,2026-05-28T23:59:30+00:00
big_issues_talks,month,2020-10-01,,,,,No source value available for this period.,2026-05-28T23:59:30+00:00
big_issues_talks,month,2020-11-01,,,,,No source value available for this period.,2026-05-28T23:59:30+00:00
big_issues_talks,month,2020-12-01,,,,,No source value available for this period.,2026-05-28T23:59:30+00:00
big_issues_talks,month,2021-01-01,,,,,No source value available for this period.,2026-05-28T23:59:30+00:00
big_issues_talks,month,2021-02-01,,,,,No source value available for this period.,2026-05-28T23:59:30+00:00
big_issues_talks,month,2021-03-01,,,,,No source value available for this period.,2026-05-28T23:59:30+00:00
big_issues_talks,month,2021-04-01,,,,,No source value available for this period.,2026-05-28T23:59:30+00:00
big_issues_talks,month,2021-05-01,,,,,No source value available for this period.,2026-05-28T23:59:30+00:00
big_issues_talks,month,2021-06-01,,,,,No source value available for this period.,2026-05-28T23:59:30+00:00
big_issues_talks,month,2021-07-01,,,,,No source value available for this period.,2026-05-28T23:59:30+00:00
big_issues_talks,month,2021-08-01,,,,,No source value available for this period.,2026-05-28T23:59:30+00:00
big_issues_talks,month,2021-09-01,,,,,No source value available for this period.,2026-05-28T23:59:30+00:00
big_issues_talks,month,2021-10-01,,,,,No source value available for this period.,2026-05-28T23:59:30+00:00
big_issues_talks,month,2021-11-01,,,,,No source value available for this period.,2026-05-28T23:59:30+00:00
big_issues_talks,month,2021-12-01,,,,,No source value available for this period.,2026-05-28T23:59:30+00:00
big_issues_talks,month,2022-01-01,,,,,No source value available for this period.,2026-05-28T23:59:30+00:00
big_issues_talks,month,2022-02-01,,,,,No source value available for this period.,2026-05-28T23:59:30+00:00
big_issues_talks,month,2022-03-01,,,,,No source value available for this period.,2026-05-28T23:59:30+00:00
big_issues_talks,month,2022-04-01,,,,,No source value available for this period.,2026-05-28T23:59:30+00:00
big_issues_talks,month,2022-05-01,,,,,No source value available for this period.,2026-05-28T23:59:30+00:00
big_issues_talks,month,2022-06-01,,,,,No source value available for this period.,2026-05-28T23:59:30+00:00
big_issues_talks,month,2022-07-01,,,,,No source value available for this period.,2026-05-28T23:59:30+00:00
big_issues_talks,month,2022-08-01,,,,,No source value available for this period.,2026-05-28T23:59:30+00:00
big_issues_talks,month,2022-09-01,,,,,No source value available for this period.,2026-05-28T23:59:30+00:00
big_issues_talks,month,2022-10-01,,,,,No source value available for this period.,2026-05-28T23:59:30+00:00
big_issues_talks,month,2022-11-01,,,,,No source value available for this period.,2026-05-28T23:59:30+00:00
big_issues_talks,month,2022-12-01,,,,,No source value available for this period.,2026-05-28T23:59:30+00:00
big_issues_talks,month,2023-01-01,,,,,No source value available for this period.,2026-05-28T23:59:30+00:00
big_issues_talks,month,2023-02-01,,,,,No source value available for this period.,2026-05-28T23:59:30+00:00
big_issues_talks,month,2023-03-01,,,,,No source value available for this period.,2026-05-28T23:59:30+00:00
big_issues_talks,month,2023-04-01,,,,,No source value available for this period.,2026-05-28T23:59:30+00:00
big_issues_talks,month,2023-05-01,,,,,No source value available for this period.,2026-05-28T23:59:30+00:00
big_issues_talks,month,2023-06-01,,,,,No source value available for this period.,2026-05-28T23:59:30+00:00
big_issues_talks,month,2023-07-01,,,,,No source value available for this period.,2026-05-28T23:59:30+00:00
big_issues_talks,month,2023-08-01,,,,,No source value available for this period.,2026-05-28T23:59:30+00:00
big_issues_talks,month,2023-09-01,,,,,No source value available for this period.,2026-05-28T23:59:30+00:00
big_issues_talks,month,2023-10-01,,,,,No source value available for this period.,2026-05-28T23:59:30+00:00
big_issues_talks,month,2023-11-01,,,,,No source value available for this period.,2026-05-28T23:59:30+00:00
big_issues_talks,month,2023-12-01,,,,,No source value available for this period.,2026-05-28T23:59:30+00:00
big_issues_talks,month,2024-01-01,,,,,No source value available for this period.,2026-05-28T23:59:30+00:00
big_issues_talks,month,2024-02-01,,,,,No source value available for this period.,2026-05-28T23:59:30+00:00
big_issues_talks,month,2024-03-01,,,,,No source value available for this period.,2026-05-28T23:59:30+00:00
big_issues_talks,month,2024-04-01,,,,,No source value available for this period.,2026-05-28T23:59:30+00:00
big_issues_talks,month,2024-05-01,,,,,No source value available for this period.,2026-05-28T23:59:30+00:00
big_issues_talks,month,2024-06-01,,,,,No source value available for this period.,2026-05-28T23:59:30+00:00
big_issues_talks,month,2024-07-01,,,,,No source value available for this period.,2026-05-28T23:59:30+00:00
big_issues_talks,month,2024-08-01,,,,,No source value available for this period.,2026-05-28T23:59:30+00:00
big_issues_talks,month,2024-09-01,,,,,No source value available for this period.,2026-05-28T23:59:30+00:00
big_issues_talks,month,2024-10-01,,,,,No source value available for this period.,2026-05-28T23:59:30+00:00
big_issues_talks,month,2024-11-01,,,,,No source value available for this period.,2026-05-28T23:59:30+00:00
big_issues_talks,month,2024-12-01,,,,,No source value available for this period.,2026-05-28T23:59:30+00:00
big_issues_talks,month,2025-01-01,,,,,No source value available for this period.,2026-05-28T23:59:30+00:00
big_issues_talks,month,2025-02-01,,,,,No source value available for this period.,2026-05-28T23:59:30+00:00
big_issues_talks,month,2025-03-01,,,,,No source value available for this period.,2026-05-28T23:59:30+00:00
big_issues_talks,month,2025-04-01,,,,,No source value available for this period.,2026-05-28T23:59:30+00:00
big_issues_talks,month,2025-05-01,,,,,No source value available for this period.,2026-05-28T23:59:30+00:00
big_issues_talks,month,2025-06-01,,,,,No source value available for this period.,2026-05-28T23:59:30+00:00
big_issues_talks,month,2025-07-01,,,,,No source value available for this period.,2026-05-28T23:59:30+00:00
big_issues_talks,month,2025-08-01,,,,,No source value available for this period.,2026-05-28T23:59:30+00:00
big_issues_talks,month,2025-09-01,,,,,No source value available for this period.,2026-05-28T23:59:30+00:00
big_issues_talks,month,2025-10-01,,,,,No source value available for this period.,2026-05-28T23:59:30+00:00
big_issues_talks,month,2025-11-01,,,,,No source value available for this period.,2026-05-28T23:59:30+00:00
big_issues_talks,month,2025-12-01,,,,,No source value available for this period.,2026-05-28T23:59:30+00:00
big_issues_talks,month,2026-01-01,,,,,No source value available for this period.,2026-05-28T23:59:30+00:00
big_issues_talks,month,2026-02-01,,,,,No source value available for this period.,2026-05-28T23:59:30+00:00
big_issues_talks,month,2026-03-01,,,,,No source value available for this period.,2026-05-28T23:59:30+00:00
big_issues_talks,month,2026-04-01,,,,,No source value available for this period.,2026-05-28T23:59:30+00:00
big_issues_talks,month,2026-05-01,,,,,No source value available for this period.,2026-05-28T23:59:30+00:00
catalog_searches,month,2013-11-01,,,,,,2026-05-28T23:59:30+00:00
catalog_searches,month,2013-12-01,,,,,,2026-05-28T23:59:30+00:00
catalog_searches,month,2014-01-01,,,,,,2026-05-28T23:59:30+00:00
catalog_searches,month,2014-02-01,,,,,,2026-05-28T23:59:30+00:00
catalog_searches,month,2014-03-01,,,,,,2026-05-28T23:59:30+00:00
catalog_searches,month,2014-04-01,,,,,,2026-05-28T23:59:30+00:00
catalog_searches,month,2014-05-01,,,,,,2026-05-28T23:59:30+00:00
catalog_searches,month,2014-06-01,,,,,,2026-05-28T23:59:30+00:00
catalog_searches,month,2014-07-01,,,,,,2026-05-28T23:59:30+00:00
catalog_searches,month,2014-08-01,,,,,,2026-05-28T23:59:30+00:00
catalog_searches,month,2014-09-01,,,,,,2026-05-28T23:59:30+00:00
catalog_searches,month,2014-10-01,,,,,,2026-05-28T23:59:30+00:00
catalog_searches,month,2014-11-01,,,,,,2026-05-28T23:59:30+00:00
catalog_searches,month,2014-12-01,,,,,,2026-05-28T23:59:30+00:00
catalog_searches,month,2015-01-01,,,,,,2026-05-28T23:59:30+00:00
catalog_searches,month,2015-02-01,,,,,,2026-05-28T23:59:30+00:00
catalog_searches,month,2015-03-01,,,,,,2026-05-28T23:59:30+00:00
catalog_searches,month,2015-04-01,,,,,,2026-05-28T23:59:30+00:00
catalog_searches,month,2015-05-01,,,,,,2026-05-28T23:59:30+00:00
catalog_searches,month,2015-06-01,,,,,,2026-05-28T23:59:30+00:00
catalog_searches,month,2015-07-01,,,,,,2026-05-28T23:59:30+00:00
catalog_searches,month,2015-08-01,,,,,,2026-05-28T23:59:30+00:00
catalog_searches,month,2015-09-01,,,,,,2026-05-28T23:59:30+00:00
catalog_searches,month,2015-10-01,,,,,,2026-05-28T23:59:30+00:00
catalog_searches,month,2015-11-01,,,,,,2026-05-28T23:59:30+00:00
catalog_searches,month,2015-12-01,,,,,,2026-05-28T23:59:30+00:00
catalog_searches,month,2016-01-01,,,,,,2026-05-28T23:59:30+00:00
catalog_searches,month,2016-02-01,,,,,,2026-05-28T23:59:30+00:00
catalog_searches,month,2016-03-01,,,,,,2026-05-28T23:59:30+00:00
catalog_searches,month,2016-04-01,,,,,,2026-05-28T23:59:30+00:00
catalog_searches,month,2016-05-01,,,,,,2026-05-28T23:59:30+00:00
catalog_searches,month,2016-06-01,,,,,,2026-05-28T23:59:30+00:00
catalog_searches,month,2016-07-01,,,,,,2026-05-28T23:59:30+00:00
catalog_searches,month,2016-08-01,,,,,,2026-05-28T23:59:30+00:00
catalog_searches,month,2016-09-01,,,,,,2026-05-28T23:59:30+00:00
catalog_searches,month,2016-10-01,,,,,,2026-05-28T23:59:30+00:00
catalog_searches,month,2016-11-01,,,,,,2026-05-28T23:59:30+00:00
catalog_searches,month,2016-12-01,,,,,,2026-05-28T23:59:30+00:00
catalog_searches,month,2017-01-01,,,,,,2026-05-28T23:59:30+00:00
catalog_searches,month,2017-02-01,,,,,,2026-05-28T23:59:30+00:00
catalog_searches,month,2017-03-01,,,,,,2026-05-28T23:59:30+00:00
catalog_searches,month,2017-04-01,,,,,,2026-05-28T23:59:30+00:00
catalog_searches,month,2017-05-01,,,,,,2026-05-28T23:59:30+00:00
catalog_searches,month,2017-06-01,,,,,,2026-05-28T23:59:30+00:00
catalog_searches,month,2017-07-01,,,,,,2026-05-28T23:59:30+00:00
catalog_searches,month,2017-08-01,,,,,,2026-05-28T23:59:30+00:00
catalog_searches,month,2017-09-01,,,,,,2026-05-28T23:59:30+00:00
catalog_searches,month,2017-10-01,,,,,,2026-05-28T23:59:30+00:00
catalog_searches,month,2017-11-01,,,,,,2026-05-28T23:59:30+00:00
catalog_searches,month,2017-12-01,,,,,,2026-05-28T23:59:30+00:00
catalog_searches,month,2018-01-01,,,,,,2026-05-28T23:59:30+00:00
catalog_searches,month,2018-02-01,,,,,,2026-05-28T23:59:30+00:00
catalog_searches,month,2018-03-01,,,,,,2026-05-28T23:59:30+00:00
catalog_searches,month,2018-04-01,,,,,,2026-05-28T23:59:30+00:00
catalog_searches,month,2018-05-01,,,,,,2026-05-28T23:59:30+00:00
catalog_searches,month,2018-06-01,,,,,,2026-05-28T23:59:30+00:00
catalog_searches,month,2018-07-01,,,,,,2026-05-28T23:59:30+00:00
catalog_searches,month,2018-08-01,,,,,,2026-05-28T23:59:30+00:00
catalog_searches,month,2018-09-01,,,,,,2026-05-28T23:59:30+00:00
catalog_searches,month,2018-10-01,,,,,,2026-05-28T23:59:30+00:00
catalog_searches,month,2018-11-01,,,,,,2026-05-28T23:59:30+00:00
catalog_searches,month,2018-12-01,,,,,,2026-05-28T23:59:30+00:00
catalog_searches,month,2019-01-01,,,,,,2026-05-28T23:59:30+00:00
catalog_searches,month,2019-02-01,,,,,,2026-05-28T23:59:30+00:00
catalog_searches,month,2019-03-01,,,,,,2026-05-28T23:59:30+00:00
catalog_searches,month,2019-04-01,,,,,,2026-05-28T23:59:30+00:00
catalog_searches,month,2019-05-01,,,,,,2026-05-28T23:59:30+00:00
catalog_searches,month,2019-06-01,,,,,,2026-05-28T23:59:30+00:00
catalog_searches,month,2019-07-01,,,,,,2026-05-28T23:59:30+00:00
catalog_searches,month,2019-08-01,,,,,,2026-05-28T23:59:30+00:00
catalog_searches,month,2019-09-01,,,,,,2026-05-28T23:59:30+00:00
catalog_searches,month,2019-10-01,,,,,,2026-05-28T23:59:30+00:00
catalog_searches,month,2019-11-01,,,,,,2026-05-28T23:59:30+00:00
catalog_searches,month,2019-12-01,,,,,,2026-05-28T23:59:30+00:00
catalog_searches,month,2020-01-01,,,,,,2026-05-28T23:59:30+00:00
catalog_searches,month,2020-02-01,759,,,bhi2-xwsy,,2026-05-28T23:59:30+00:00
catalog_searches,month,2020-03-01,8477,,,bhi2-xwsy,,2026-05-28T23:59:30+00:00
catalog_searches,month,2020-04-01,1182,,,bhi2-xwsy,,2026-05-28T23:59:30+00:00
catalog_searches,month,2020-05-01,176282,,,bhi2-xwsy,,2026-05-28T23:59:30+00:00
catalog_searches,month,2020-06-01,161036,,,bhi2-xwsy,,2026-05-28T23:59:30+00:00
catalog_searches,month,2020-07-01,547,,,bhi2-xwsy,,2026-05-28T23:59:30+00:00
catalog_searches,month,2020-08-01,45087,,,bhi2-xwsy,,2026-05-28T23:59:30+00:00
catalog_searches,month,2020-09-01,647,,,bhi2-xwsy,,2026-05-28T23:59:30+00:00
catalog_searches,month,2020-10-01,688,,,bhi2-xwsy,,2026-05-28T23:59:30+00:00
catalog_searches,month,2020-11-01,1281,,,bhi2-xwsy,,2026-05-28T23:59:30+00:00
catalog_searches,month,2020-12-01,1382,,,bhi2-xwsy,,2026-05-28T23:59:30+00:00
catalog_searches,month,2021-01-01,435,,,bhi2-xwsy,,2026-05-28T23:59:30+00:00
catalog_searches,month,2021-02-01,18287,,,bhi2-xwsy,,2026-05-28T23:59:30+00:00
catalog_searches,month,2021-03-01,304594,,,bhi2-xwsy,,2026-05-28T23:59:30+00:00
catalog_searches,month,2021-04-01,33101,,,bhi2-xwsy,,2026-05-28T23:59:30+00:00
catalog_searches,month,2021-05-01,1628,,,bhi2-xwsy,,2026-05-28T23:59:30+00:00
catalog_searches,month,2021-06-01,469,,,bhi2-xwsy,,2026-05-28T23:59:30+00:00
catalog_searches,month,2021-07-01,3633,,,bhi2-xwsy,,2026-05-28T23:59:30+00:00
catalog_searches,month,2021-08-01,1250,,,bhi2-xwsy,,2026-05-28T23:59:30+00:00
catalog_searches,month,2021-09-01,3930,,,bhi2-xwsy,,2026-05-28T23:59:30+00:00
catalog_searches,month,2021-10-01,38620,,,bhi2-xwsy,,2026-05-28T23:59:30+00:00
catalog_searches,month,2021-11-01,27702,,,bhi2-xwsy,,2026-05-28T23:59:30+00:00
catalog_searches,month,2021-12-01,72544,,,bhi2-xwsy,,2026-05-28T23:59:30+00:00
catalog_searches,month,2022-01-01,3579,,,bhi2-xwsy,,2026-05-28T23:59:30+00:00
catalog_searches,month,2022-02-01,2322,,,bhi2-xwsy,,2026-05-28T23:59:30+00:00
catalog_searches,month,2022-03-01,21421,,,bhi2-xwsy,,2026-05-28T23:59:30+00:00
catalog_searches,month,2022-04-01,27740,,,bhi2-xwsy,,2026-05-28T23:59:30+00:00
catalog_searches,month,2022-05-01,46420,,,bhi2-xwsy,,2026-05-28T23:59:30+00:00
catalog_searches,month,2022-06-01,14887,,,bhi2-xwsy,,2026-05-28T23:59:30+00:00
catalog_searches,month,2022-07-01,9438,,,bhi2-xwsy,,2026-05-28T23:59:30+00:00
catalog_searches,month,2022-08-01,7094,,,bhi2-xwsy,,2026-05-28T23:59:30+00:00
catalog_searches,month,2022-09-01,4961,,,bhi2-xwsy,,2026-05-28T23:59:30+00:00
catalog_searches,month,2022-10-01,4095,,,bhi2-xwsy,,2026-05-28T23:59:30+00:00
catalog_searches,month,2022-11-01,2645,,,bhi2-xwsy,,2026-05-28T23:59:30+00:00
catalog_searches,month,2022-12-01,617,,,bhi2-xwsy,,2026-05-28T23:59:30+00:00
catalog_searches,month,2023-01-01,1009,,,bhi2-xwsy,,2026-05-28T23:59:30+00:00
catalog_searches,month,2023-02-01,367,,,bhi2-xwsy,,2026-05-28T23:59:30+00:00
catalog_searches,month,2023-03-01,2314,,,bhi2-xwsy,,2026-05-28T23:59:30+00:00
catalog_searches,month,2023-04-01,38379,,,bhi2-xwsy,,2026-05-28T23:59:30+00:00
catalog_searches,month,2023-05-01,5843,,,bhi2-xwsy,,2026-05-28T23:59:30+00:00
catalog_searches,month,2023-06-01,4450,,,bhi2-xwsy,,2026-05-28T23:59:30+00:00
catalog_searches,month,2023-07-01,2932,,,bhi2-xwsy,,2026-05-28T23:59:30+00:00
catalog_searches,month,2023-08-01,41819,,,bhi2-xwsy,,2026-05-28T23:59:30+00:00
catalog_searches,month,2023-09-01,16469,,,bhi2-xwsy,,2026-05-28T23:59:30+00:00
catalog_searches,month,2023-10-01,2870,,,bhi2-xwsy,,2026-05-28T23:59:30+00:00
catalog_searches,month,2023-11-01,61881,,,bhi2-xwsy,,2026-05-28T23:59:30+00:00
catalog_searches,month,2023-12-01,67362,,,bhi2-xwsy,,2026-05-28T23:59:30+00:00
catalog_searches,month,2024-01-01,46544,,,bhi2-xwsy,,2026-05-28T23:59:30+00:00
catalog_searches,month,2024-02-01,23851,,,bhi2-xwsy,,2026-05-28T23:59:30+00:00
catalog_searches,month,2024-03-01,112209,,,bhi2-xwsy,,2026-05-28T23:59:30+00:00
catalog_searches,month,2024-04-01,29844,,,bhi2-xwsy,,2026-05-28T23:59:30+00:00
catalog_searches,month,2024-05-01,23610,,,bhi2-xwsy,,2026-05-28T23:59:30+00:00
catalog_searches,month,2024-06-01,877,,,bhi2-xwsy,,2026-05-28T23:59:30+00:00
catalog_searches,month,2024-07-01,1324,,,bhi2-xwsy,,2026-05-28T23:59:30+00:00
catalog_searches,month,2024-08-01,764,,,bhi2-xwsy,,2026-05-28T23:59:30+00:00
catalog_searches,month,2024-09-01,888,,,bhi2-xwsy,,2026-05-28T23:59:30+00:00
catalog_searches,month,2024-10-01,1009,,,bhi2-xwsy,,2026-05-28T23:59:30+00:00
catalog_searches,month,2024-11-01,821,,,bhi2-xwsy,,2026-05-28T23:59:30+00:00
catalog_searches,month,2024-12-01,437,,,bhi2-xwsy,,2026-05-28T23:59:30+00:00
catalog_searches,month,2025-01-01,637,,,bhi2-xwsy,,2026-05-28T23:59:30+00:00
catalog_searches,month,2025-02-01,516,,,bhi2-xwsy,,2026-05-28T23:59:30+00:00
catalog_searches,month,2025-03-01,616,,,bhi2-xwsy,,2026-05-28T23:59:30+00:00
catalog_searches,month,2025-04-01,541,,,bhi2-xwsy,,2026-05-28T23:59:30+00:00
catalog_searches,month,2025-05-01,638,,,bhi2-xwsy,,2026-05-28T23:59:30+00:00
catalog_searches,month,2025-06-01,603,,,bhi2-xwsy,,2026-05-28T23:59:30+00:00
catalog_searches,month,2025-07-01,693,,,bhi2-xwsy,,2026-05-28T23:59:30+00:00
catalog_searches,month,2025-08-01,477,,,bhi2-xwsy,,2026-05-28T23:59:30+00:00
catalog_searches,month,2025-09-01,1058,,,bhi2-xwsy,,2026-05-28T23:59:30+00:00
catalog_searches,month,2025-10-01,763,,,bhi2-xwsy,,2026-05-28T23:59:30+00:00
catalog_searches,month,2025-11-01,731,,,bhi2-xwsy,,2026-05-28T23:59:30+00:00
catalog_searches,month,2025-12-01,663,,,bhi2-xwsy,,2026-05-28T23:59:30+00:00
catalog_searches,month,2026-01-01,553,,,bhi2-xwsy,,2026-05-28T23:59:30+00:00
catalog_searches,month,2026-02-01,1146,,,bhi2-xwsy,,2026-05-28T23:59:30+00:00
catalog_searches,month,2026-03-01,4656,,,bhi2-xwsy,,2026-05-28T23:59:30+00:00
catalog_searches,month,2026-04-01,5731,,,bhi2-xwsy,,2026-05-28T23:59:30+00:00
catalog_searches,month,2026-05-01,1183,,,bhi2-xwsy,,2026-05-28T23:59:30+00:00
catalog_searches,year,2020-01-01,397368,,,,Aggregated from monthly values using sum.,2026-05-28T23:59:30+00:00
catalog_searches,year,2021-01-01,506193,,,,Aggregated from monthly values using sum.,2026-05-28T23:59:30+00:00
catalog_searches,year,2022-01-01,145219,,,,Aggregated from monthly values using sum.,2026-05-28T23:59:30+00:00
catalog_searches,year,2023-01-01,245695,,,,Aggregated from monthly values using sum.,2026-05-28T23:59:30+00:00
catalog_searches,year,2024-01-01,242178,,,,Aggregated from monthly values using sum.,2026-05-28T23:59:30+00:00
catalog_searches,year,2025-01-01,7936,,,,Aggregated from monthly values using sum.,2026-05-28T23:59:30+00:00
catalog_searches,year,2026-01-01,13269,,,,Aggregated from monthly values using sum.,2026-05-28T23:59:30+00:00
cdag_attendance,month,2013-11-01,,,,,No source value available for this period.,2026-05-28T23:59:30+00:00
cdag_attendance,month,2013-12-01,,,,,No source value available for this period.,2026-05-28T23:59:30+00:00
cdag_attendance,month,2014-01-01,,,,,No source value available for this period.,2026-05-28T23:59:30+00:00
cdag_attendance,month,2014-02-01,,,,,No source value available for this period.,2026-05-28T23:59:30+00:00
cdag_attendance,month,2014-03-01,,,,,No source value available for this period.,2026-05-28T23:59:30+00:00
cdag_attendance,month,2014-04-01,,,,,No source value available for this period.,2026-05-28T23:59:30+00:00
cdag_attendance,month,2014-05-01,,,,,No source value available for this period.,2026-05-28T23:59:30+00:00
cdag_attendance,month,2014-06-01,,,,,No source value available for this period.,2026-05-28T23:59:30+00:00
cdag_attendance,month,2014-07-01,,,,,No source value available for this period.,2026-05-28T23:59:30+00:00
cdag_attendance,month,2014-08-01,,,,,No source value available for this period.,2026-05-28T23:59:30+00:00
cdag_attendance,month,2014-09-01,,,,,No source value available for this period.,2026-05-28T23:59:30+00:00
cdag_attendance,month,2014-10-01,,,,,No source value available for this period.,2026-05-28T23:59:30+00:00
cdag_attendance,month,2014-11-01,,,,,No source value available for this period.,2026-05-28T23:59:30+00:00
cdag_attendance,month,2014-12-01,,,,,No source value available for this period.,2026-05-28T23:59:30+00:00
cdag_attendance,month,2015-01-01,,,,,No source value available for this period.,2026-05-28T23:59:30+00:00
cdag_attendance,month,2015-02-01,,,,,No source value available for this period.,2026-05-28T23:59:30+00:00
cdag_attendance,month,2015-03-01,,,,,No source value available for this period.,2026-05-28T23:59:30+00:00
cdag_attendance,month,2015-04-01,,,,,No source value available for this period.,2026-05-28T23:59:30+00:00
cdag_attendance,month,2015-05-01,,,,,No source value available for this period.,2026-05-28T23:59:30+00:00
cdag_attendance,month,2015-06-01,,,,,No source value available for this period.,2026-05-28T23:59:30+00:00
cdag_attendance,month,2015-07-01,,,,,No source value available for this period.,2026-05-28T23:59:30+00:00
cdag_attendance,month,2015-08-01,,,,,No source value available for this period.,2026-05-28T23:59:30+00:00
cdag_attendance,month,2015-09-01,,,,,No source value available for this period.,2026-05-28T23:59:30+00:00
cdag_attendance,month,2015-10-01,,,,,No source value available for this period.,2026-05-28T23:59:30+00:00
cdag_attendance,month,2015-11-01,,,,,No source value available for this period.,2026-05-28T23:59:30+00:00
cdag_attendance,month,2015-12-01,,,,,No source value available for this period.,2026-05-28T23:59:30+00:00
cdag_attendance,month,2016-01-01,,,,,No source value available for this period.,2026-05-28T23:59:30+00:00
cdag_attendance,month,2016-02-01,,,,,No source value available for this period.,2026-05-28T23:59:30+00:00
cdag_attendance,month,2016-03-01,,,,,No source value available for this period.,2026-05-28T23:59:30+00:00
cdag_attendance,month,2016-04-01,,,,,No source value available for this period.,2026-05-28T23:59:30+00:00
cdag_attendance,month,2016-05-01,,,,,No source value available for this period.,2026-05-28T23:59:30+00:00
cdag_attendance,month,2016-06-01,,,,,No source value available for this period.,2026-05-28T23:59:30+00:00
cdag_attendance,month,2016-07-01,,,,,No source value available for this period.,2026-05-28T23:59:30+00:00
cdag_attendance,month,2016-08-01,,,,,No source value available for this period.,2026-05-28T23:59:30+00:00
cdag_attendance,month,2016-09-01,,,,,No source value available for this period.,2026-05-28T23:59:30+00:00
cdag_attendance,month,2016-10-01,,,,,No source value available for this period.,2026-05-28T23:59:30+00:00
cdag_attendance,month,2016-11-01,,,,,No source value available for this period.,2026-05-28T23:59:30+00:00
cdag_attendance,month,2016-12-01,,,,,No source value available for this period.,2026-05-28T23:59:30+00:00
cdag_attendance,month,2017-01-01,,,,,No source value available for this period.,2026-05-28T23:59:30+00:00
cdag_attendance,month,2017-02-01,,,,,No source value available for this period.,2026-05-28T23:59:30+00:00
cdag_attendance,month,2017-03-01,,,,,No source value available for this period.,2026-05-28T23:59:30+00:00
cdag_attendance,month,2017-04-01,,,,,No source value available for this period.,2026-05-28T23:59:30+00:00
cdag_attendance,month,2017-05-01,,,,,No source value available for this period.,2026-05-28T23:59:30+00:00
cdag_attendance,month,2017-06-01,,,,,No source value available for this period.,2026-05-28T23:59:30+00:00
cdag_attendance,month,2017-07-01,,,,,No source value available for this period.,2026-05-28T23:59:30+00:00
cdag_attendance,month,2017-08-01,,,,,No source value available for this period.,2026-05-28T23:59:30+00:00
cdag_attendance,month,2017-09-01,,,,,No source value available for this period.,2026-05-28T23:59:30+00:00
cdag_attendance,month,2017-10-01,,,,,No source value available for this period.,2026-05-28T23:59:30+00:00
cdag_attendance,month,2017-11-01,,,,,No source value available for this period.,2026-05-28T23:59:30+00:00
cdag_attendance,month,2017-12-01,,,,,No source value available for this period.,2026-05-28T23:59:30+00:00
cdag_attendance,month,2018-01-01,,,,,No source value available for this period.,2026-05-28T23:59:30+00:00
cdag_attendance,month,2018-02-01,,,,,No source value available for this period.,2026-05-28T23:59:30+00:00
cdag_attendance,month,2018-03-01,,,,,No source value available for this period.,2026-05-28T23:59:30+00:00
cdag_attendance,month,2018-04-01,,,,,No source value available for this period.,2026-05-28T23:59:30+00:00
cdag_attendance,month,2018-05-01,,,,,No source value available for this period.,2026-05-28T23:59:30+00:00
cdag_attendance,month,2018-06-01,,,,,No source value available for this period.,2026-05-28T23:59:30+00:00
cdag_attendance,month,2018-07-01,,,,,No source value available for this period.,2026-05-28T23:59:30+00:00
cdag_attendance,month,2018-08-01,,,,,No source value available for this period.,2026-05-28T23:59:30+00:00
cdag_attendance,month,2018-09-01,,,,,No source value available for this period.,2026-05-28T23:59:30+00:00
cdag_attendance,month,2018-10-01,,,,,No source value available for this period.,2026-05-28T23:59:30+00:00
cdag_attendance,month,2018-11-01,,,,,No source value available for this period.,2026-05-28T23:59:30+00:00
cdag_attendance,month,2018-12-01,,,,,No source value available for this period.,2026-05-28T23:59:30+00:00
cdag_attendance,month,2019-01-01,,,,,No source value available for this period.,2026-05-28T23:59:30+00:00
cdag_attendance,month,2019-02-01,,,,,No source value available for this period.,2026-05-28T23:59:30+00:00
cdag_attendance,month,2019-03-01,,,,,No source value available for this period.,2026-05-28T23:59:30+00:00
cdag_attendance,month,2019-04-01,,,,,No source value available for this period.,2026-05-28T23:59:30+00:00
cdag_attendance,month,2019-05-01,,,,,No source value available for this period.,2026-05-28T23:59:30+00:00
cdag_attendance,month,2019-06-01,,,,,No source value available for this period.,2026-05-28T23:59:30+00:00
cdag_attendance,month,2019-07-01,,,,,No source value available for this period.,2026-05-28T23:59:30+00:00
cdag_attendance,month,2019-08-01,,,,,No source value available for this period.,2026-05-28T23:59:30+00:00
cdag_attendance,month,2019-09-01,,,,,No source value available for this period.,2026-05-28T23:59:30+00:00
cdag_attendance,month,2019-10-01,,,,,No source value available for this period.,2026-05-28T23:59:30+00:00
cdag_attendance,month,2019-11-01,,,,,No source value available for this period.,2026-05-28T23:59:30+00:00
cdag_attendance,month,2019-12-01,,,,,No source value available for this period.,2026-05-28T23:59:30+00:00
cdag_attendance,month,2020-01-01,,,,,No source value available for this period.,2026-05-28T23:59:30+00:00
cdag_attendance,month,2020-02-01,,,,,No source value available for this period.,2026-05-28T23:59:30+00:00
cdag_attendance,month,2020-03-01,,,,,No source value available for this period.,2026-05-28T23:59:30+00:00
cdag_attendance,month,2020-04-01,,,,,No source value available for this period.,2026-05-28T23:59:30+00:00
cdag_attendance,month,2020-05-01,,,,,No source value available for this period.,2026-05-28T23:59:30+00:00
cdag_attendance,month,2020-06-01,,,,,No source value available for this period.,2026-05-28T23:59:30+00:00
cdag_attendance,month,2020-07-01,,,,,No source value available for this period.,2026-05-28T23:59:30+00:00
cdag_attendance,month,2020-08-01,,,,,No source value available for this period.,2026-05-28T23:59:30+00:00
cdag_attendance,month,2020-09-01,,,,,No source value available for this period.,2026-05-28T23:59:30+00:00
cdag_attendance,month,2020-10-01,,,,,No source value available for this period.,2026-05-28T23:59:30+00:00
cdag_attendance,month,2020-11-01,,,,,No source value available for this period.,2026-05-28T23:59:30+00:00
cdag_attendance,month,2020-12-01,,,,,No source value available for this period.,2026-05-28T23:59:30+00:00
cdag_attendance,month,2021-01-01,,,,,No source value available for this period.,2026-05-28T23:59:30+00:00
cdag_attendance,month,2021-02-01,,,,,No source value available for this period.,2026-05-28T23:59:30+00:00
cdag_attendance,month,2021-03-01,,,,,No source value available for this period.,2026-05-28T23:59:30+00:00
cdag_attendance,month,2021-04-01,,,,,No source value available for this period.,2026-05-28T23:59:30+00:00
cdag_attendance,month,2021-05-01,,,,,No source value available for this period.,2026-05-28T23:59:30+00:00
cdag_attendance,month,2021-06-01,,,,,No source value available for this period.,2026-05-28T23:59:30+00:00
cdag_attendance,month,2021-07-01,,,,,No source value available for this period.,2026-05-28T23:59:30+00:00
cdag_attendance,month,2021-08-01,,,,,No source value available for this period.,2026-05-28T23:59:30+00:00
cdag_attendance,month,2021-09-01,,,,,No source value available for this period.,2026-05-28T23:59:30+00:00
cdag_attendance,month,2021-10-01,,,,,No source value available for this period.,2026-05-28T23:59:30+00:00
cdag_attendance,month,2021-11-01,,,,,No source value available for this period.,2026-05-28T23:59:30+00:00
cdag_attendance,month,2021-12-01,,,,,No source value available for this period.,2026-05-28T23:59:30+00:00
cdag_attendance,month,2022-01-01,,,,,No source value available for this period.,2026-05-28T23:59:30+00:00
cdag_attendance,month,2022-02-01,,,,,No source value available for this period.,2026-05-28T23:59:30+00:00
cdag_attendance,month,2022-03-01,,,,,No source value available for this period.,2026-05-28T23:59:30+00:00
cdag_attendance,month,2022-04-01,,,,,No source value available for this period.,2026-05-28T23:59:30+00:00
cdag_attendance,month,2022-05-01,,,,,No source value available for this period.,2026-05-28T23:59:30+00:00
cdag_attendance,month,2022-06-01,,,,,No source value available for this period.,2026-05-28T23:59:30+00:00
cdag_attendance,month,2022-07-01,,,,,No source value available for this period.,2026-05-28T23:59:30+00:00
cdag_attendance,month,2022-08-01,,,,,No source value available for this period.,2026-05-28T23:59:30+00:00
cdag_attendance,month,2022-09-01,,,,,No source value available for this period.,2026-05-28T23:59:30+00:00
cdag_attendance,month,2022-10-01,,,,,No source value available for this period.,2026-05-28T23:59:30+00:00
cdag_attendance,month,2022-11-01,,,,,No source value available for this period.,2026-05-28T23:59:30+00:00
cdag_attendance,month,2022-12-01,,,,,No source value available for this period.,2026-05-28T23:59:30+00:00
cdag_attendance,month,2023-01-01,,,,,No source value available for this period.,2026-05-28T23:59:30+00:00
cdag_attendance,month,2023-02-01,,,,,No source value available for this period.,2026-05-28T23:59:30+00:00
cdag_attendance,month,2023-03-01,,,,,No source value available for this period.,2026-05-28T23:59:30+00:00
cdag_attendance,month,2023-04-01,,,,,No source value available for this period.,2026-05-28T23:59:30+00:00
cdag_attendance,month,2023-05-01,,,,,No source value available for this period.,2026-05-28T23:59:30+00:00
cdag_attendance,month,2023-06-01,,,,,No source value available for this period.,2026-05-28T23:59:30+00:00
cdag_attendance,month,2023-07-01,,,,,No source value available for this period.,2026-05-28T23:59:30+00:00
cdag_attendance,month,2023-08-01,,,,,No source value available for this period.,2026-05-28T23:59:30+00:00
cdag_attendance,month,2023-09-01,,,,,No source value available for this period.,2026-05-28T23:59:30+00:00
cdag_attendance,month,2023-10-01,,,,,No source value available for this period.,2026-05-28T23:59:30+00:00
cdag_attendance,month,2023-11-01,,,,,No source value available for this period.,2026-05-28T23:59:30+00:00
cdag_attendance,month,2023-12-01,,,,,No source value available for this period.,2026-05-28T23:59:30+00:00
cdag_attendance,month,2024-01-01,,,,,No source value available for this period.,2026-05-28T23:59:30+00:00
cdag_attendance,month,2024-02-01,,,,,No source value available for this period.,2026-05-28T23:59:30+00:00
cdag_attendance,month,2024-03-01,,,,,No source value available for this period.,2026-05-28T23:59:30+00:00
cdag_attendance,month,2024-04-01,,,,,No source value available for this period.,2026-05-28T23:59:30+00:00
cdag_attendance,month,2024-05-01,,,,,No source value available for this period.,2026-05-28T23:59:30+00:00
cdag_attendance,month,2024-06-01,,,,,No source value available for this period.,2026-05-28T23:59:30+00:00
cdag_attendance,month,2024-07-01,,,,,No source value available for this period.,2026-05-28T23:59:30+00:00
cdag_attendance,month,2024-08-01,,,,,No source value available for this period.,2026-05-28T23:59:30+00:00
cdag_attendance,month,2024-09-01,,,,,No source value available for this period.,2026-05-28T23:59:30+00:00
cdag_attendance,month,2024-10-01,,,,,No source value available for this period.,2026-05-28T23:59:30+00:00
cdag_attendance,month,2024-11-01,,,,,No source value available for this period.,2026-05-28T23:59:30+00:00
cdag_attendance,month,2024-12-01,,,,,No source value available for this period.,2026-05-28T23:59:30+00:00
cdag_attendance,month,2025-01-01,,,,,No source value available for this period.,2026-05-28T23:59:30+00:00
cdag_attendance,month,2025-02-01,,,,,No source value available for this period.,2026-05-28T23:59:30+00:00
cdag_attendance,month,2025-03-01,,,,,No source value available for this period.,2026-05-28T23:59:30+00:00
cdag_attendance,month,2025-04-01,,,,,No source value available for this period.,2026-05-28T23:59:30+00:00
cdag_attendance,month,2025-05-01,,,,,No source value available for this period.,2026-05-28T23:59:30+00:00
cdag_attendance,month,2025-06-01,,,,,No source value available for this period.,2026-05-28T23:59:30+00:00
cdag_attendance,month,2025-07-01,,,,,No source value available for this period.,2026-05-28T23:59:30+00:00
cdag_attendance,month,2025-08-01,,,,,No source value available for this period.,2026-05-28T23:59:30+00:00
cdag_attendance,month,2025-09-01,,,,,No source value available for this period.,2026-05-28T23:59:30+00:00
cdag_attendance,month,2025-10-01,,,,,No source value available for this period.,2026-05-28T23:59:30+00:00
cdag_attendance,month,2025-11-01,,,,,No source value available for this period.,2026-05-28T23:59:30+00:00
cdag_attendance,month,2025-12-01,,,,,No source value available for this period.,2026-05-28T23:59:30+00:00
cdag_attendance,month,2026-01-01,,,,,No source value available for this period.,2026-05-28T23:59:30+00:00
cdag_attendance,month,2026-02-01,,,,,No source value available for this period.,2026-05-28T23:59:30+00:00
cdag_attendance,month,2026-03-01,,,,,No source value available for this period.,2026-05-28T23:59:30+00:00
cdag_attendance,month,2026-04-01,,,,,No source value available for this period.,2026-05-28T23:59:30+00:00
cdag_attendance,month,2026-05-01,,,,,No source value available for this period.,2026-05-28T23:59:30+00:00
cdag_meetings,month,2013-11-01,,,,,No source value available for this period.,2026-05-28T23:59:30+00:00
cdag_meetings,month,2013-12-01,,,,,No source value available for this period.,2026-05-28T23:59:30+00:00
cdag_meetings,month,2014-01-01,,,,,No source value available for this period.,2026-05-28T23:59:30+00:00
cdag_meetings,month,2014-02-01,,,,,No source value available for this period.,2026-05-28T23:59:30+00:00
cdag_meetings,month,2014-03-01,,,,,No source value available for this period.,2026-05-28T23:59:30+00:00
cdag_meetings,month,2014-04-01,,,,,No source value available for this period.,2026-05-28T23:59:30+00:00
cdag_meetings,month,2014-05-01,,,,,No source value available for this period.,2026-05-28T23:59:30+00:00
cdag_meetings,month,2014-06-01,,,,,No source value available for this period.,2026-05-28T23:59:30+00:00
cdag_meetings,month,2014-07-01,,,,,No source value available for this period.,2026-05-28T23:59:30+00:00
cdag_meetings,month,2014-08-01,,,,,No source value available for this period.,2026-05-28T23:59:30+00:00
cdag_meetings,month,2014-09-01,,,,,No source value available for this period.,2026-05-28T23:59:30+00:00
cdag_meetings,month,2014-10-01,,,,,No source value available for this period.,2026-05-28T23:59:30+00:00
cdag_meetings,month,2014-11-01,,,,,No source value available for this period.,2026-05-28T23:59:30+00:00
cdag_meetings,month,2014-12-01,,,,,No source value available for this period.,2026-05-28T23:59:30+00:00
cdag_meetings,month,2015-01-01,,,,,No source value available for this period.,2026-05-28T23:59:30+00:00
cdag_meetings,month,2015-02-01,,,,,No source value available for this period.,2026-05-28T23:59:30+00:00
cdag_meetings,month,2015-03-01,,,,,No source value available for this period.,2026-05-28T23:59:30+00:00
cdag_meetings,month,2015-04-01,,,,,No source value available for this period.,2026-05-28T23:59:30+00:00
cdag_meetings,month,2015-05-01,,,,,No source value available for this period.,2026-05-28T23:59:30+00:00
cdag_meetings,month,2015-06-01,,,,,No source value available for this period.,2026-05-28T23:59:30+00:00
cdag_meetings,month,2015-07-01,,,,,No source value available for this period.,2026-05-28T23:59:30+00:00
cdag_meetings,month,2015-08-01,,,,,No source value available for this period.,2026-05-28T23:59:30+00:00
cdag_meetings,month,2015-09-01,,,,,No source value available for this period.,2026-05-28T23:59:30+00:00
cdag_meetings,month,2015-10-01,,,,,No source value available for this period.,2026-05-28T23:59:30+00:00
cdag_meetings,month,2015-11-01,,,,,No source value available for this period.,2026-05-28T23:59:30+00:00
cdag_meetings,month,2015-12-01,,,,,No source value available for this period.,2026-05-28T23:59:30+00:00
cdag_meetings,month,2016-01-01,,,,,No source value available for this period.,2026-05-28T23:59:30+00:00
cdag_meetings,month,2016-02-01,,,,,No source value available for this period.,2026-05-28T23:59:30+00:00
cdag_meetings,month,2016-03-01,,,,,No source value available for this period.,2026-05-28T23:59:30+00:00
cdag_meetings,month,2016-04-01,,,,,No source value available for this period.,2026-05-28T23:59:30+00:00
cdag_meetings,month,2016-05-01,,,,,No source value available for this period.,2026-05-28T23:59:30+00:00
cdag_meetings,month,2016-06-01,,,,,No source value available for this period.,2026-05-28T23:59:30+00:00
cdag_meetings,month,2016-07-01,,,,,No source value available for this period.,2026-05-28T23:59:30+00:00
cdag_meetings,month,2016-08-01,,,,,No source value available for this period.,2026-05-28T23:59:30+00:00
cdag_meetings,month,2016-09-01,,,,,No source value available for this period.,2026-05-28T23:59:30+00:00
cdag_meetings,month,2016-10-01,,,,,No source value available for this period.,2026-05-28T23:59:30+00:00
cdag_meetings,month,2016-11-01,,,,,No source value available for this period.,2026-05-28T23:59:30+00:00
cdag_meetings,month,2016-12-01,,,,,No source value available for this period.,2026-05-28T23:59:30+00:00
cdag_meetings,month,2017-01-01,,,,,No source value available for this period.,2026-05-28T23:59:30+00:00
cdag_meetings,month,2017-02-01,,,,,No source value available for this period.,2026-05-28T23:59:30+00:00
cdag_meetings,month,2017-03-01,,,,,No source value available for this period.,2026-05-28T23:59:30+00:00
cdag_meetings,month,2017-04-01,,,,,No source value available for this period.,2026-05-28T23:59:30+00:00
cdag_meetings,month,2017-05-01,,,,,No source value available for this period.,2026-05-28T23:59:30+00:00
cdag_meetings,month,2017-06-01,,,,,No source value available for this period.,2026-05-28T23:59:30+00:00
cdag_meetings,month,2017-07-01,,,,,No source value available for this period.,2026-05-28T23:59:30+00:00
cdag_meetings,month,2017-08-01,,,,,No source value available for this period.,2026-05-28T23:59:30+00:00
cdag_meetings,month,2017-09-01,,,,,No source value available for this period.,2026-05-28T23:59:30+00:00
cdag_meetings,month,2017-10-01,,,,,No source value available for this period.,2026-05-28T23:59:30+00:00
cdag_meetings,month,2017-11-01,,,,,No source value available for this period.,2026-05-28T23:59:30+00:00
cdag_meetings,month,2017-12-01,,,,,No source value available for this period.,2026-05-28T23:59:30+00:00
cdag_meetings,month,2018-01-01,,,,,No source value available for this period.,2026-05-28T23:59:30+00:00
cdag_meetings,month,2018-02-01,,,,,No source value available for this period.,2026-05-28T23:59:30+00:00
cdag_meetings,month,2018-03-01,,,,,No source value available for this period.,2026-05-28T23:59:30+00:00
cdag_meetings,month,2018-04-01,,,,,No source value available for this period.,2026-05-28T23:59:30+00:00
cdag_meetings,month,2018-05-01,,,,,No source value available for this period.,2026-05-28T23:59:30+00:00
cdag_meetings,month,2018-06-01,,,,,No source value available for this period.,2026-05-28T23:59:30+00:00
cdag_meetings,month,2018-07-01,,,,,No source value available for this period.,2026-05-28T23:59:30+00:00
cdag_meetings,month,2018-08-01,,,,,No source value available for this period.,2026-05-28T23:59:30+00:00
cdag_meetings,month,2018-09-01,,,,,No source value available for this period.,2026-05-28T23:59:30+00:00
cdag_meetings,month,2018-10-01,,,,,No source value available for this period.,2026-05-28T23:59:30+00:00
cdag_meetings,month,2018-11-01,,,,,No source value available for this period.,2026-05-28T23:59:30+00:00
cdag_meetings,month,2018-12-01,,,,,No source value available for this period.,2026-05-28T23:59:30+00:00
cdag_meetings,month,2019-01-01,,,,,No source value available for this period.,2026-05-28T23:59:30+00:00
cdag_meetings,month,2019-02-01,,,,,No source value available for this period.,2026-05-28T23:59:30+00:00
cdag_meetings,month,2019-03-01,,,,,No source value available for this period.,2026-05-28T23:59:30+00:00
cdag_meetings,month,2019-04-01,,,,,No source value available for this period.,2026-05-28T23:59:30+00:00
cdag_meetings,month,2019-05-01,,,,,No source value available for this period.,2026-05-28T23:59:30+00:00
cdag_meetings,month,2019-06-01,,,,,No source value available for this period.,2026-05-28T23:59:30+00:00
cdag_meetings,month,2019-07-01,,,,,No source value available for this period.,2026-05-28T23:59:30+00:00
cdag_meetings,month,2019-08-01,,,,,No source value available for this period.,2026-05-28T23:59:30+00:00
cdag_meetings,month,2019-09-01,,,,,No source value available for this period.,2026-05-28T23:59:30+00:00
cdag_meetings,month,2019-10-01,,,,,No source value available for this period.,2026-05-28T23:59:30+00:00
cdag_meetings,month,2019-11-01,,,,,No source value available for this period.,2026-05-28T23:59:30+00:00
cdag_meetings,month,2019-12-01,,,,,No source value available for this period.,2026-05-28T23:59:30+00:00
cdag_meetings,month,2020-01-01,,,,,No source value available for this period.,2026-05-28T23:59:30+00:00
cdag_meetings,month,2020-02-01,,,,,No source value available for this period.,2026-05-28T23:59:30+00:00
cdag_meetings,month,2020-03-01,,,,,No source value available for this period.,2026-05-28T23:59:30+00:00
cdag_meetings,month,2020-04-01,,,,,No source value available for this period.,2026-05-28T23:59:30+00:00
cdag_meetings,month,2020-05-01,,,,,No source value available for this period.,2026-05-28T23:59:30+00:00
cdag_meetings,month,2020-06-01,,,,,No source value available for this period.,2026-05-28T23:59:30+00:00
cdag_meetings,month,2020-07-01,,,,,No source value available for this period.,2026-05-28T23:59:30+00:00
cdag_meetings,month,2020-08-01,,,,,No source value available for this period.,2026-05-28T23:59:30+00:00
cdag_meetings,month,2020-09-01,,,,,No source value available for this period.,2026-05-28T23:59:30+00:00
cdag_meetings,month,2020-10-01,,,,,No source value available for this period.,2026-05-28T23:59:30+00:00
cdag_meetings,month,2020-11-01,,,,,No source value available for this period.,2026-05-28T23:59:30+00:00
cdag_meetings,month,2020-12-01,,,,,No source value available for this period.,2026-05-28T23:59:30+00:00
cdag_meetings,month,2021-01-01,,,,,No source value available for this period.,2026-05-28T23:59:30+00:00
cdag_meetings,month,2021-02-01,,,,,No source value available for this period.,2026-05-28T23:59:30+00:00
cdag_meetings,month,2021-03-01,,,,,No source value available for this period.,2026-05-28T23:59:30+00:00
cdag_meetings,month,2021-04-01,,,,,No source value available for this period.,2026-05-28T23:59:30+00:00
cdag_meetings,month,2021-05-01,,,,,No source value available for this period.,2026-05-28T23:59:30+00:00
cdag_meetings,month,2021-06-01,,,,,No source value available for this period.,2026-05-28T23:59:30+00:00
cdag_meetings,month,2021-07-01,,,,,No source value available for this period.,2026-05-28T23:59:30+00:00
cdag_meetings,month,2021-08-01,,,,,No source value available for this period.,2026-05-28T23:59:30+00:00
cdag_meetings,month,2021-09-01,,,,,No source value available for this period.,2026-05-28T23:59:30+00:00
cdag_meetings,month,2021-10-01,,,,,No source value available for this period.,2026-05-28T23:59:30+00:00
cdag_meetings,month,2021-11-01,,,,,No source value available for this period.,2026-05-28T23:59:30+00:00
cdag_meetings,month,2021-12-01,,,,,No source value available for this period.,2026-05-28T23:59:30+00:00
cdag_meetings,month,2022-01-01,,,,,No source value available for this period.,2026-05-28T23:59:30+00:00
cdag_meetings,month,2022-02-01,,,,,No source value available for this period.,2026-05-28T23:59:30+00:00
cdag_meetings,month,2022-03-01,,,,,No source value available for this period.,2026-05-28T23:59:30+00:00
cdag_meetings,month,2022-04-01,,,,,No source value available for this period.,2026-05-28T23:59:30+00:00
cdag_meetings,month,2022-05-01,,,,,No source value available for this period.,2026-05-28T23:59:30+00:00
cdag_meetings,month,2022-06-01,,,,,No source value available for this period.,2026-05-28T23:59:30+00:00
cdag_meetings,month,2022-07-01,,,,,No source value available for this period.,2026-05-28T23:59:30+00:00
cdag_meetings,month,2022-08-01,,,,,No source value available for this period.,2026-05-28T23:59:30+00:00
cdag_meetings,month,2022-09-01,,,,,No source value available for this period.,2026-05-28T23:59:30+00:00
cdag_meetings,month,2022-10-01,,,,,No source value available for this period.,2026-05-28T23:59:30+00:00
cdag_meetings,month,2022-11-01,,,,,No source value available for this period.,2026-05-28T23:59:30+00:00
cdag_meetings,month,2022-12-01,,,,,No source value available for this period.,2026-05-28T23:59:30+00:00
cdag_meetings,month,2023-01-01,,,,,No source value available for this period.,2026-05-28T23:59:30+00:00
cdag_meetings,month,2023-02-01,,,,,No source value available for this period.,2026-05-28T23:59:30+00:00
cdag_meetings,month,2023-03-01,,,,,No source value available for this period.,2026-05-28T23:59:30+00:00
cdag_meetings,month,2023-04-01,,,,,No source value available for this period.,2026-05-28T23:59:30+00:00
cdag_meetings,month,2023-05-01,,,,,No source value available for this period.,2026-05-28T23:59:30+00:00
cdag_meetings,month,2023-06-01,,,,,No source value available for this period.,2026-05-28T23:59:30+00:00
cdag_meetings,month,2023-07-01,,,,,No source value available for this period.,2026-05-28T23:59:30+00:00
cdag_meetings,month,2023-08-01,,,,,No source value available for this period.,2026-05-28T23:59:30+00:00
cdag_meetings,month,2023-09-01,,,,,No source value available for this period.,2026-05-28T23:59:30+00:00
cdag_meetings,month,2023-10-01,,,,,No source value available for this period.,2026-05-28T23:59:30+00:00
cdag_meetings,month,2023-11-01,,,,,No source value available for this period.,2026-05-28T23:59:30+00:00
cdag_meetings,month,2023-12-01,,,,,No source value available for this period.,2026-05-28T23:59:30+00:00
cdag_meetings,month,2024-01-01,,,,,No source value available for this period.,2026-05-28T23:59:30+00:00
cdag_meetings,month,2024-02-01,,,,,No source value available for this period.,2026-05-28T23:59:30+00:00
cdag_meetings,month,2024-03-01,,,,,No source value available for this period.,2026-05-28T23:59:30+00:00
cdag_meetings,month,2024-04-01,,,,,No source value available for this period.,2026-05-28T23:59:30+00:00
cdag_meetings,month,2024-05-01,,,,,No source value available for this period.,2026-05-28T23:59:30+00:00
cdag_meetings,month,2024-06-01,,,,,No source value available for this period.,2026-05-28T23:59:30+00:00
cdag_meetings,month,2024-07-01,,,,,No source value available for this period.,2026-05-28T23:59:30+00:00
cdag_meetings,month,2024-08-01,,,,,No source value available for this period.,2026-05-28T23:59:30+00:00
cdag_meetings,month,2024-09-01,,,,,No source value available for this period.,2026-05-28T23:59:30+00:00
cdag_meetings,month,2024-10-01,,,,,No source value available for this period.,2026-05-28T23:59:30+00:00
cdag_meetings,month,2024-11-01,,,,,No source value available for this period.,2026-05-28T23:59:30+00:00
cdag_meetings,month,2024-12-01,,,,,No source value available for this period.,2026-05-28T23:59:30+00:00
cdag_meetings,month,2025-01-01,,,,,No source value available for this period.,2026-05-28T23:59:30+00:00
cdag_meetings,month,2025-02-01,,,,,No source value available for this period.,2026-05-28T23:59:30+00:00
cdag_meetings,month,2025-03-01,,,,,No source value available for this period.,2026-05-28T23:59:30+00:00
cdag_meetings,month,2025-04-01,,,,,No source value available for this period.,2026-05-28T23:59:30+00:00
cdag_meetings,month,2025-05-01,,,,,No source value available for this period.,2026-05-28T23:59:30+00:00
cdag_meetings,month,2025-06-01,,,,,No source value available for this period.,2026-05-28T23:59:30+00:00
cdag_meetings,month,2025-07-01,,,,,No source value available for this period.,2026-05-28T23:59:30+00:00
cdag_meetings,month,2025-08-01,,,,,No source value available for this period.,2026-05-28T23:59:30+00:00
cdag_meetings,month,2025-09-01,,,,,No source value available for this period.,2026-05-28T23:59:30+00:00
cdag_meetings,month,2025-10-01,,,,,No source value available for this period.,2026-05-28T23:59:30+00:00
cdag_meetings,month,2025-11-01,,,,,No source value available for this period.,2026-05-28T23:59:30+00:00
cdag_meetings,month,2025-12-01,,,,,No source value available for this period.,2026-05-28T23:59:30+00:00
cdag_meetings,month,2026-01-01,,,,,No source value available for this period.,2026-05-28T23:59:30+00:00
cdag_meetings,month,2026-02-01,,,,,No source value available for this period.,2026-05-28T23:59:30+00:00
cdag_meetings,month,2026-03-01,,,,,No source value available for this period.,2026-05-28T23:59:30+00:00
cdag_meetings,month,2026-04-01,,,,,No source value available for this period.,2026-05-28T23:59:30+00:00
cdag_meetings,month,2026-05-01,,,,,No source value available for this period.,2026-05-28T23:59:30+00:00
civic_tech_collaborations,year,2013-01-01,,,,,Manual metric not yet captured.,2026-05-28T23:59:30+00:00
civic_tech_collaborations,year,2014-01-01,,,,,Manual metric not yet captured.,2026-05-28T23:59:30+00:00
civic_tech_collaborations,year,2015-01-01,,,,,Manual metric not yet captured.,2026-05-28T23:59:30+00:00
civic_tech_collaborations,year,2016-01-01,,,,,Manual metric not yet captured.,2026-05-28T23:59:30+00:00
civic_tech_collaborations,year,2017-01-01,,,,,Manual metric not yet captured.,2026-05-28T23:59:30+00:00
civic_tech_collaborations,year,2018-01-01,,,,,Manual metric not yet captured.,2026-05-28T23:59:30+00:00
civic_tech_collaborations,year,2019-01-01,,,,,Manual metric not yet captured.,2026-05-28T23:59:30+00:00
civic_tech_collaborations,year,2020-01-01,,,,,Manual metric not yet captured.,2026-05-28T23:59:30+00:00
civic_tech_collaborations,year,2021-01-01,,,,,Manual metric not yet captured.,2026-05-28T23:59:30+00:00
civic_tech_collaborations,year,2022-01-01,,,,,Manual metric not yet captured.,2026-05-28T23:59:30+00:00
civic_tech_collaborations,year,2023-01-01,,,,,Manual metric not yet captured.,2026-05-28T23:59:30+00:00
civic_tech_collaborations,year,2024-01-01,,,,,Manual metric not yet captured.,2026-05-28T23:59:30+00:00
civic_tech_collaborations,year,2025-01-01,,,,,Manual metric not yet captured.,2026-05-28T23:59:30+00:00
civic_tech_collaborations,year,2026-01-01,,,,,Manual metric not yet captured.,2026-05-28T23:59:30+00:00
dataset_freshness_pct,snapshot,2026-05-28,98.5,,,rkcc-jee9,,2026-05-28T23:59:30+00:00
datasets_with_automated_refresh,snapshot,2026-05-28,77,,,rkcc-jee9,,2026-05-28T23:59:30+00:00
datasets_with_department_metadata,snapshot,2026-05-28,1,,,rkcc-jee9,,2026-05-28T23:59:30+00:00
datasets_with_pddl_license,snapshot,2026-05-28,209,,,rkcc-jee9,,2026-05-28T23:59:30+00:00
datasets_with_pddl_license_pct,snapshot,2026-05-28,74.91,,,rkcc-jee9,,2026-05-28T23:59:30+00:00
datasets_with_privacy_geomasking_notes,snapshot,2026-05-28,2,,,rkcc-jee9,,2026-05-28T23:59:30+00:00
departments_represented_in_cdag,month,2013-11-01,,,,,No source value available for this period.,2026-05-28T23:59:30+00:00
departments_represented_in_cdag,month,2013-12-01,,,,,No source value available for this period.,2026-05-28T23:59:30+00:00
departments_represented_in_cdag,month,2014-01-01,,,,,No source value available for this period.,2026-05-28T23:59:30+00:00
departments_represented_in_cdag,month,2014-02-01,,,,,No source value available for this period.,2026-05-28T23:59:30+00:00
departments_represented_in_cdag,month,2014-03-01,,,,,No source value available for this period.,2026-05-28T23:59:30+00:00
departments_represented_in_cdag,month,2014-04-01,,,,,No source value available for this period.,2026-05-28T23:59:30+00:00
departments_represented_in_cdag,month,2014-05-01,,,,,No source value available for this period.,2026-05-28T23:59:30+00:00
departments_represented_in_cdag,month,2014-06-01,,,,,No source value available for this period.,2026-05-28T23:59:30+00:00
departments_represented_in_cdag,month,2014-07-01,,,,,No source value available for this period.,2026-05-28T23:59:30+00:00
departments_represented_in_cdag,month,2014-08-01,,,,,No source value available for this period.,2026-05-28T23:59:30+00:00
departments_represented_in_cdag,month,2014-09-01,,,,,No source value available for this period.,2026-05-28T23:59:30+00:00
departments_represented_in_cdag,month,2014-10-01,,,,,No source value available for this period.,2026-05-28T23:59:30+00:00
departments_represented_in_cdag,month,2014-11-01,,,,,No source value available for this period.,2026-05-28T23:59:30+00:00
departments_represented_in_cdag,month,2014-12-01,,,,,No source value available for this period.,2026-05-28T23:59:30+00:00
departments_represented_in_cdag,month,2015-01-01,,,,,No source value available for this period.,2026-05-28T23:59:30+00:00
departments_represented_in_cdag,month,2015-02-01,,,,,No source value available for this period.,2026-05-28T23:59:30+00:00
departments_represented_in_cdag,month,2015-03-01,,,,,No source value available for this period.,2026-05-28T23:59:30+00:00
departments_represented_in_cdag,month,2015-04-01,,,,,No source value available for this period.,2026-05-28T23:59:30+00:00
departments_represented_in_cdag,month,2015-05-01,,,,,No source value available for this period.,2026-05-28T23:59:30+00:00
departments_represented_in_cdag,month,2015-06-01,,,,,No source value available for this period.,2026-05-28T23:59:30+00:00
departments_represented_in_cdag,month,2015-07-01,,,,,No source value available for this period.,2026-05-28T23:59:30+00:00
departments_represented_in_cdag,month,2015-08-01,,,,,No source value available for this period.,2026-05-28T23:59:30+00:00
departments_represented_in_cdag,month,2015-09-01,,,,,No source value available for this period.,2026-05-28T23:59:30+00:00
departments_represented_in_cdag,month,2015-10-01,,,,,No source value available for this period.,2026-05-28T23:59:30+00:00
departments_represented_in_cdag,month,2015-11-01,,,,,No source value available for this period.,2026-05-28T23:59:30+00:00
departments_represented_in_cdag,month,2015-12-01,,,,,No source value available for this period.,2026-05-28T23:59:30+00:00
departments_represented_in_cdag,month,2016-01-01,,,,,No source value available for this period.,2026-05-28T23:59:30+00:00
departments_represented_in_cdag,month,2016-02-01,,,,,No source value available for this period.,2026-05-28T23:59:30+00:00
departments_represented_in_cdag,month,2016-03-01,,,,,No source value available for this period.,2026-05-28T23:59:30+00:00
departments_represented_in_cdag,month,2016-04-01,,,,,No source value available for this period.,2026-05-28T23:59:30+00:00
departments_represented_in_cdag,month,2016-05-01,,,,,No source value available for this period.,2026-05-28T23:59:30+00:00
departments_represented_in_cdag,month,2016-06-01,,,,,No source value available for this period.,2026-05-28T23:59:30+00:00
departments_represented_in_cdag,month,2016-07-01,,,,,No source value available for this period.,2026-05-28T23:59:30+00:00
departments_represented_in_cdag,month,2016-08-01,,,,,No source value available for this period.,2026-05-28T23:59:30+00:00
departments_represented_in_cdag,month,2016-09-01,,,,,No source value available for this period.,2026-05-28T23:59:30+00:00
departments_represented_in_cdag,month,2016-10-01,,,,,No source value available for this period.,2026-05-28T23:59:30+00:00
departments_represented_in_cdag,month,2016-11-01,,,,,No source value available for this period.,2026-05-28T23:59:30+00:00
departments_represented_in_cdag,month,2016-12-01,,,,,No source value available for this period.,2026-05-28T23:59:30+00:00
departments_represented_in_cdag,month,2017-01-01,,,,,No source value available for this period.,2026-05-28T23:59:30+00:00
departments_represented_in_cdag,month,2017-02-01,,,,,No source value available for this period.,2026-05-28T23:59:30+00:00
departments_represented_in_cdag,month,2017-03-01,,,,,No source value available for this period.,2026-05-28T23:59:30+00:00
departments_represented_in_cdag,month,2017-04-01,,,,,No source value available for this period.,2026-05-28T23:59:30+00:00
departments_represented_in_cdag,month,2017-05-01,,,,,No source value available for this period.,2026-05-28T23:59:30+00:00
departments_represented_in_cdag,month,2017-06-01,,,,,No source value available for this period.,2026-05-28T23:59:30+00:00
departments_represented_in_cdag,month,2017-07-01,,,,,No source value available for this period.,2026-05-28T23:59:30+00:00
departments_represented_in_cdag,month,2017-08-01,,,,,No source value available for this period.,2026-05-28T23:59:30+00:00
departments_represented_in_cdag,month,2017-09-01,,,,,No source value available for this period.,2026-05-28T23:59:30+00:00
departments_represented_in_cdag,month,2017-10-01,,,,,No source value available for this period.,2026-05-28T23:59:30+00:00
departments_represented_in_cdag,month,2017-11-01,,,,,No source value available for this period.,2026-05-28T23:59:30+00:00
departments_represented_in_cdag,month,2017-12-01,,,,,No source value available for this period.,2026-05-28T23:59:30+00:00
departments_represented_in_cdag,month,2018-01-01,,,,,No source value available for this period.,2026-05-28T23:59:30+00:00
departments_represented_in_cdag,month,2018-02-01,,,,,No source value available for this period.,2026-05-28T23:59:30+00:00
departments_represented_in_cdag,month,2018-03-01,,,,,No source value available for this period.,2026-05-28T23:59:30+00:00
departments_represented_in_cdag,month,2018-04-01,,,,,No source value available for this period.,2026-05-28T23:59:30+00:00
departments_represented_in_cdag,month,2018-05-01,,,,,No source value available for this period.,2026-05-28T23:59:30+00:00
departments_represented_in_cdag,month,2018-06-01,,,,,No source value available for this period.,2026-05-28T23:59:30+00:00
departments_represented_in_cdag,month,2018-07-01,,,,,No source value available for this period.,2026-05-28T23:59:30+00:00
departments_represented_in_cdag,month,2018-08-01,,,,,No source value available for this period.,2026-05-28T23:59:30+00:00
departments_represented_in_cdag,month,2018-09-01,,,,,No source value available for this period.,2026-05-28T23:59:30+00:00
departments_represented_in_cdag,month,2018-10-01,,,,,No source value available for this period.,2026-05-28T23:59:30+00:00
departments_represented_in_cdag,month,2018-11-01,,,,,No source value available for this period.,2026-05-28T23:59:30+00:00
departments_represented_in_cdag,month,2018-12-01,,,,,No source value available for this period.,2026-05-28T23:59:30+00:00
departments_represented_in_cdag,month,2019-01-01,,,,,No source value available for this period.,2026-05-28T23:59:30+00:00
departments_represented_in_cdag,month,2019-02-01,,,,,No source value available for this period.,2026-05-28T23:59:30+00:00
departments_represented_in_cdag,month,2019-03-01,,,,,No source value available for this period.,2026-05-28T23:59:30+00:00
departments_represented_in_cdag,month,2019-04-01,,,,,No source value available for this period.,2026-05-28T23:59:30+00:00
departments_represented_in_cdag,month,2019-05-01,,,,,No source value available for this period.,2026-05-28T23:59:30+00:00
departments_represented_in_cdag,month,2019-06-01,,,,,No source value available for this period.,2026-05-28T23:59:30+00:00
departments_represented_in_cdag,month,2019-07-01,,,,,No source value available for this period.,2026-05-28T23:59:30+00:00
departments_represented_in_cdag,month,2019-08-01,,,,,No source value available for this period.,2026-05-28T23:59:30+00:00
departments_represented_in_cdag,month,2019-09-01,,,,,No source value available for this period.,2026-05-28T23:59:30+00:00
departments_represented_in_cdag,month,2019-10-01,,,,,No source value available for this period.,2026-05-28T23:59:30+00:00
departments_represented_in_cdag,month,2019-11-01,,,,,No source value available for this period.,2026-05-28T23:59:30+00:00
departments_represented_in_cdag,month,2019-12-01,,,,,No source value available for this period.,2026-05-28T23:59:30+00:00
departments_represented_in_cdag,month,2020-01-01,,,,,No source value available for this period.,2026-05-28T23:59:30+00:00
departments_represented_in_cdag,month,2020-02-01,,,,,No source value available for this period.,2026-05-28T23:59:30+00:00
departments_represented_in_cdag,month,2020-03-01,,,,,No source value available for this period.,2026-05-28T23:59:30+00:00
departments_represented_in_cdag,month,2020-04-01,,,,,No source value available for this period.,2026-05-28T23:59:30+00:00
departments_represented_in_cdag,month,2020-05-01,,,,,No source value available for this period.,2026-05-28T23:59:30+00:00
departments_represented_in_cdag,month,2020-06-01,,,,,No source value available for this period.,2026-05-28T23:59:30+00:00
departments_represented_in_cdag,month,2020-07-01,,,,,No source value available for this period.,2026-05-28T23:59:30+00:00
departments_represented_in_cdag,month,2020-08-01,,,,,No source value available for this period.,2026-05-28T23:59:30+00:00
departments_represented_in_cdag,month,2020-09-01,,,,,No source value available for this period.,2026-05-28T23:59:30+00:00
departments_represented_in_cdag,month,2020-10-01,,,,,No source value available for this period.,2026-05-28T23:59:30+00:00
departments_represented_in_cdag,month,2020-11-01,,,,,No source value available for this period.,2026-05-28T23:59:30+00:00
departments_represented_in_cdag,month,2020-12-01,,,,,No source value available for this period.,2026-05-28T23:59:30+00:00
departments_represented_in_cdag,month,2021-01-01,,,,,No source value available for this period.,2026-05-28T23:59:30+00:00
departments_represented_in_cdag,month,2021-02-01,,,,,No source value available for this period.,2026-05-28T23:59:30+00:00
departments_represented_in_cdag,month,2021-03-01,,,,,No source value available for this period.,2026-05-28T23:59:30+00:00
departments_represented_in_cdag,month,2021-04-01,,,,,No source value available for this period.,2026-05-28T23:59:30+00:00
departments_represented_in_cdag,month,2021-05-01,,,,,No source value available for this period.,2026-05-28T23:59:30+00:00
departments_represented_in_cdag,month,2021-06-01,,,,,No source value available for this period.,2026-05-28T23:59:30+00:00
departments_represented_in_cdag,month,2021-07-01,,,,,No source value available for this period.,2026-05-28T23:59:30+00:00
departments_represented_in_cdag,month,2021-08-01,,,,,No source value available for this period.,2026-05-28T23:59:30+00:00
departments_represented_in_cdag,month,2021-09-01,,,,,No source value available for this period.,2026-05-28T23:59:30+00:00
departments_represented_in_cdag,month,2021-10-01,,,,,No source value available for this period.,2026-05-28T23:59:30+00:00
departments_represented_in_cdag,month,2021-11-01,,,,,No source value available for this period.,2026-05-28T23:59:30+00:00
departments_represented_in_cdag,month,2021-12-01,,,,,No source value available for this period.,2026-05-28T23:59:30+00:00
departments_represented_in_cdag,month,2022-01-01,,,,,No source value available for this period.,2026-05-28T23:59:30+00:00
departments_represented_in_cdag,month,2022-02-01,,,,,No source value available for this period.,2026-05-28T23:59:30+00:00
departments_represented_in_cdag,month,2022-03-01,,,,,No source value available for this period.,2026-05-28T23:59:30+00:00
departments_represented_in_cdag,month,2022-04-01,,,,,No source value available for this period.,2026-05-28T23:59:30+00:00
departments_represented_in_cdag,month,2022-05-01,,,,,No source value available for this period.,2026-05-28T23:59:30+00:00
departments_represented_in_cdag,month,2022-06-01,,,,,No source value available for this period.,2026-05-28T23:59:30+00:00
departments_represented_in_cdag,month,2022-07-01,,,,,No source value available for this period.,2026-05-28T23:59:30+00:00
departments_represented_in_cdag,month,2022-08-01,,,,,No source value available for this period.,2026-05-28T23:59:30+00:00
departments_represented_in_cdag,month,2022-09-01,,,,,No source value available for this period.,2026-05-28T23:59:30+00:00
departments_represented_in_cdag,month,2022-10-01,,,,,No source value available for this period.,2026-05-28T23:59:30+00:00
departments_represented_in_cdag,month,2022-11-01,,,,,No source value available for this period.,2026-05-28T23:59:30+00:00
departments_represented_in_cdag,month,2022-12-01,,,,,No source value available for this period.,2026-05-28T23:59:30+00:00
departments_represented_in_cdag,month,2023-01-01,,,,,No source value available for this period.,2026-05-28T23:59:30+00:00
departments_represented_in_cdag,month,2023-02-01,,,,,No source value available for this period.,2026-05-28T23:59:30+00:00
departments_represented_in_cdag,month,2023-03-01,,,,,No source value available for this period.,2026-05-28T23:59:30+00:00
departments_represented_in_cdag,month,2023-04-01,,,,,No source value available for this period.,2026-05-28T23:59:30+00:00
departments_represented_in_cdag,month,2023-05-01,,,,,No source value available for this period.,2026-05-28T23:59:30+00:00
departments_represented_in_cdag,month,2023-06-01,,,,,No source value available for this period.,2026-05-28T23:59:30+00:00
departments_represented_in_cdag,month,2023-07-01,,,,,No source value available for this period.,2026-05-28T23:59:30+00:00
departments_represented_in_cdag,month,2023-08-01,,,,,No source value available for this period.,2026-05-28T23:59:30+00:00
departments_represented_in_cdag,month,2023-09-01,,,,,No source value available for this period.,2026-05-28T23:59:30+00:00
departments_represented_in_cdag,month,2023-10-01,,,,,No source value available for this period.,2026-05-28T23:59:30+00:00
departments_represented_in_cdag,month,2023-11-01,,,,,No source value available for this period.,2026-05-28T23:59:30+00:00
departments_represented_in_cdag,month,2023-12-01,,,,,No source value available for this period.,2026-05-28T23:59:30+00:00
departments_represented_in_cdag,month,2024-01-01,,,,,No source value available for this period.,2026-05-28T23:59:30+00:00
departments_represented_in_cdag,month,2024-02-01,,,,,No source value available for this period.,2026-05-28T23:59:30+00:00
departments_represented_in_cdag,month,2024-03-01,,,,,No source value available for this period.,2026-05-28T23:59:30+00:00
departments_represented_in_cdag,month,2024-04-01,,,,,No source value available for this period.,2026-05-28T23:59:30+00:00
departments_represented_in_cdag,month,2024-05-01,,,,,No source value available for this period.,2026-05-28T23:59:30+00:00
departments_represented_in_cdag,month,2024-06-01,,,,,No source value available for this period.,2026-05-28T23:59:30+00:00
departments_represented_in_cdag,month,2024-07-01,,,,,No source value available for this period.,2026-05-28T23:59:30+00:00
departments_represented_in_cdag,month,2024-08-01,,,,,No source value available for this period.,2026-05-28T23:59:30+00:00
departments_represented_in_cdag,month,2024-09-01,,,,,No source value available for this period.,2026-05-28T23:59:30+00:00
departments_represented_in_cdag,month,2024-10-01,,,,,No source value available for this period.,2026-05-28T23:59:30+00:00
departments_represented_in_cdag,month,2024-11-01,,,,,No source value available for this period.,2026-05-28T23:59:30+00:00
departments_represented_in_cdag,month,2024-12-01,,,,,No source value available for this period.,2026-05-28T23:59:30+00:00
departments_represented_in_cdag,month,2025-01-01,,,,,No source value available for this period.,2026-05-28T23:59:30+00:00
departments_represented_in_cdag,month,2025-02-01,,,,,No source value available for this period.,2026-05-28T23:59:30+00:00
departments_represented_in_cdag,month,2025-03-01,,,,,No source value available for this period.,2026-05-28T23:59:30+00:00
departments_represented_in_cdag,month,2025-04-01,,,,,No source value available for this period.,2026-05-28T23:59:30+00:00
departments_represented_in_cdag,month,2025-05-01,,,,,No source value available for this period.,2026-05-28T23:59:30+00:00
departments_represented_in_cdag,month,2025-06-01,,,,,No source value available for this period.,2026-05-28T23:59:30+00:00
departments_represented_in_cdag,month,2025-07-01,,,,,No source value available for this period.,2026-05-28T23:59:30+00:00
departments_represented_in_cdag,month,2025-08-01,,,,,No source value available for this period.,2026-05-28T23:59:30+00:00
departments_represented_in_cdag,month,2025-09-01,,,,,No source value available for this period.,2026-05-28T23:59:30+00:00
departments_represented_in_cdag,month,2025-10-01,,,,,No source value available for this period.,2026-05-28T23:59:30+00:00
departments_represented_in_cdag,month,2025-11-01,,,,,No source value available for this period.,2026-05-28T23:59:30+00:00
departments_represented_in_cdag,month,2025-12-01,,,,,No source value available for this period.,2026-05-28T23:59:30+00:00
departments_represented_in_cdag,month,2026-01-01,,,,,No source value available for this period.,2026-05-28T23:59:30+00:00
departments_represented_in_cdag,month,2026-02-01,,,,,No source value available for this period.,2026-05-28T23:59:30+00:00
departments_represented_in_cdag,month,2026-03-01,,,,,No source value available for this period.,2026-05-28T23:59:30+00:00
departments_represented_in_cdag,month,2026-04-01,,,,,No source value available for this period.,2026-05-28T23:59:30+00:00
departments_represented_in_cdag,month,2026-05-01,,,,,No source value available for this period.,2026-05-28T23:59:30+00:00
discovery_api_public_datasets,snapshot,2026-05-28,279,,,rkcc-jee9,,2026-05-28T23:59:30+00:00
distinct_catalog_search_terms,month,2013-11-01,,,,,,2026-05-28T23:59:30+00:00
distinct_catalog_search_terms,month,2013-12-01,,,,,,2026-05-28T23:59:30+00:00
distinct_catalog_search_terms,month,2014-01-01,,,,,,2026-05-28T23:59:30+00:00
distinct_catalog_search_terms,month,2014-02-01,,,,,,2026-05-28T23:59:30+00:00
distinct_catalog_search_terms,month,2014-03-01,,,,,,2026-05-28T23:59:30+00:00
distinct_catalog_search_terms,month,2014-04-01,,,,,,2026-05-28T23:59:30+00:00
distinct_catalog_search_terms,month,2014-05-01,,,,,,2026-05-28T23:59:30+00:00
distinct_catalog_search_terms,month,2014-06-01,,,,,,2026-05-28T23:59:30+00:00
distinct_catalog_search_terms,month,2014-07-01,,,,,,2026-05-28T23:59:30+00:00
distinct_catalog_search_terms,month,2014-08-01,,,,,,2026-05-28T23:59:30+00:00
distinct_catalog_search_terms,month,2014-09-01,,,,,,2026-05-28T23:59:30+00:00
distinct_catalog_search_terms,month,2014-10-01,,,,,,2026-05-28T23:59:30+00:00
distinct_catalog_search_terms,month,2014-11-01,,,,,,2026-05-28T23:59:30+00:00
distinct_catalog_search_terms,month,2014-12-01,,,,,,2026-05-28T23:59:30+00:00
distinct_catalog_search_terms,month,2015-01-01,,,,,,2026-05-28T23:59:30+00:00
distinct_catalog_search_terms,month,2015-02-01,,,,,,2026-05-28T23:59:30+00:00
distinct_catalog_search_terms,month,2015-03-01,,,,,,2026-05-28T23:59:30+00:00
distinct_catalog_search_terms,month,2015-04-01,,,,,,2026-05-28T23:59:30+00:00
distinct_catalog_search_terms,month,2015-05-01,,,,,,2026-05-28T23:59:30+00:00
distinct_catalog_search_terms,month,2015-06-01,,,,,,2026-05-28T23:59:30+00:00
distinct_catalog_search_terms,month,2015-07-01,,,,,,2026-05-28T23:59:30+00:00
distinct_catalog_search_terms,month,2015-08-01,,,,,,2026-05-28T23:59:30+00:00
distinct_catalog_search_terms,month,2015-09-01,,,,,,2026-05-28T23:59:30+00:00
distinct_catalog_search_terms,month,2015-10-01,,,,,,2026-05-28T23:59:30+00:00
distinct_catalog_search_terms,month,2015-11-01,,,,,,2026-05-28T23:59:30+00:00
distinct_catalog_search_terms,month,2015-12-01,,,,,,2026-05-28T23:59:30+00:00
distinct_catalog_search_terms,month,2016-01-01,,,,,,2026-05-28T23:59:30+00:00
distinct_catalog_search_terms,month,2016-02-01,,,,,,2026-05-28T23:59:30+00:00
distinct_catalog_search_terms,month,2016-03-01,,,,,,2026-05-28T23:59:30+00:00
distinct_catalog_search_terms,month,2016-04-01,,,,,,2026-05-28T23:59:30+00:00
distinct_catalog_search_terms,month,2016-05-01,,,,,,2026-05-28T23:59:30+00:00
distinct_catalog_search_terms,month,2016-06-01,,,,,,2026-05-28T23:59:30+00:00
distinct_catalog_search_terms,month,2016-07-01,,,,,,2026-05-28T23:59:30+00:00
distinct_catalog_search_terms,month,2016-08-01,,,,,,2026-05-28T23:59:30+00:00
distinct_catalog_search_terms,month,2016-09-01,,,,,,2026-05-28T23:59:30+00:00
distinct_catalog_search_terms,month,2016-10-01,,,,,,2026-05-28T23:59:30+00:00
distinct_catalog_search_terms,month,2016-11-01,,,,,,2026-05-28T23:59:30+00:00
distinct_catalog_search_terms,month,2016-12-01,,,,,,2026-05-28T23:59:30+00:00
distinct_catalog_search_terms,month,2017-01-01,,,,,,2026-05-28T23:59:30+00:00
distinct_catalog_search_terms,month,2017-02-01,,,,,,2026-05-28T23:59:30+00:00
distinct_catalog_search_terms,month,2017-03-01,,,,,,2026-05-28T23:59:30+00:00
distinct_catalog_search_terms,month,2017-04-01,,,,,,2026-05-28T23:59:30+00:00
distinct_catalog_search_terms,month,2017-05-01,,,,,,2026-05-28T23:59:30+00:00
distinct_catalog_search_terms,month,2017-06-01,,,,,,2026-05-28T23:59:30+00:00
distinct_catalog_search_terms,month,2017-07-01,,,,,,2026-05-28T23:59:30+00:00
distinct_catalog_search_terms,month,2017-08-01,,,,,,2026-05-28T23:59:30+00:00
distinct_catalog_search_terms,month,2017-09-01,,,,,,2026-05-28T23:59:30+00:00
distinct_catalog_search_terms,month,2017-10-01,,,,,,2026-05-28T23:59:30+00:00
distinct_catalog_search_terms,month,2017-11-01,,,,,,2026-05-28T23:59:30+00:00
distinct_catalog_search_terms,month,2017-12-01,,,,,,2026-05-28T23:59:30+00:00
distinct_catalog_search_terms,month,2018-01-01,,,,,,2026-05-28T23:59:30+00:00
distinct_catalog_search_terms,month,2018-02-01,,,,,,2026-05-28T23:59:30+00:00
distinct_catalog_search_terms,month,2018-03-01,,,,,,2026-05-28T23:59:30+00:00
distinct_catalog_search_terms,month,2018-04-01,,,,,,2026-05-28T23:59:30+00:00
distinct_catalog_search_terms,month,2018-05-01,,,,,,2026-05-28T23:59:30+00:00
distinct_catalog_search_terms,month,2018-06-01,,,,,,2026-05-28T23:59:30+00:00
distinct_catalog_search_terms,month,2018-07-01,,,,,,2026-05-28T23:59:30+00:00
distinct_catalog_search_terms,month,2018-08-01,,,,,,2026-05-28T23:59:30+00:00
distinct_catalog_search_terms,month,2018-09-01,,,,,,2026-05-28T23:59:30+00:00
distinct_catalog_search_terms,month,2018-10-01,,,,,,2026-05-28T23:59:30+00:00
distinct_catalog_search_terms,month,2018-11-01,,,,,,2026-05-28T23:59:30+00:00
distinct_catalog_search_terms,month,2018-12-01,,,,,,2026-05-28T23:59:30+00:00
distinct_catalog_search_terms,month,2019-01-01,,,,,,2026-05-28T23:59:30+00:00
distinct_catalog_search_terms,month,2019-02-01,,,,,,2026-05-28T23:59:30+00:00
distinct_catalog_search_terms,month,2019-03-01,,,,,,2026-05-28T23:59:30+00:00
distinct_catalog_search_terms,month,2019-04-01,,,,,,2026-05-28T23:59:30+00:00
distinct_catalog_search_terms,month,2019-05-01,,,,,,2026-05-28T23:59:30+00:00
distinct_catalog_search_terms,month,2019-06-01,,,,,,2026-05-28T23:59:30+00:00
distinct_catalog_search_terms,month,2019-07-01,,,,,,2026-05-28T23:59:30+00:00
distinct_catalog_search_terms,month,2019-08-01,,,,,,2026-05-28T23:59:30+00:00
distinct_catalog_search_terms,month,2019-09-01,,,,,,2026-05-28T23:59:30+00:00
distinct_catalog_search_terms,month,2019-10-01,,,,,,2026-05-28T23:59:30+00:00
distinct_catalog_search_terms,month,2019-11-01,,,,,,2026-05-28T23:59:30+00:00
distinct_catalog_search_terms,month,2019-12-01,,,,,,2026-05-28T23:59:30+00:00
distinct_catalog_search_terms,month,2020-01-01,,,,,,2026-05-28T23:59:30+00:00
distinct_catalog_search_terms,month,2020-02-01,344,,,bhi2-xwsy,,2026-05-28T23:59:30+00:00
distinct_catalog_search_terms,month,2020-03-01,312,,,bhi2-xwsy,,2026-05-28T23:59:30+00:00
distinct_catalog_search_terms,month,2020-04-01,219,,,bhi2-xwsy,,2026-05-28T23:59:30+00:00
distinct_catalog_search_terms,month,2020-05-01,245,,,bhi2-xwsy,,2026-05-28T23:59:30+00:00
distinct_catalog_search_terms,month,2020-06-01,250,,,bhi2-xwsy,,2026-05-28T23:59:30+00:00
distinct_catalog_search_terms,month,2020-07-01,241,,,bhi2-xwsy,,2026-05-28T23:59:30+00:00
distinct_catalog_search_terms,month,2020-08-01,207,,,bhi2-xwsy,,2026-05-28T23:59:30+00:00
distinct_catalog_search_terms,month,2020-09-01,229,,,bhi2-xwsy,,2026-05-28T23:59:30+00:00
distinct_catalog_search_terms,month,2020-10-01,230,,,bhi2-xwsy,,2026-05-28T23:59:30+00:00
distinct_catalog_search_terms,month,2020-11-01,277,,,bhi2-xwsy,,2026-05-28T23:59:30+00:00
distinct_catalog_search_terms,month,2020-12-01,220,,,bhi2-xwsy,,2026-05-28T23:59:30+00:00
distinct_catalog_search_terms,month,2021-01-01,159,,,bhi2-xwsy,,2026-05-28T23:59:30+00:00
distinct_catalog_search_terms,month,2021-02-01,222,,,bhi2-xwsy,,2026-05-28T23:59:30+00:00
distinct_catalog_search_terms,month,2021-03-01,329,,,bhi2-xwsy,,2026-05-28T23:59:30+00:00
distinct_catalog_search_terms,month,2021-04-01,237,,,bhi2-xwsy,,2026-05-28T23:59:30+00:00
distinct_catalog_search_terms,month,2021-05-01,311,,,bhi2-xwsy,,2026-05-28T23:59:30+00:00
distinct_catalog_search_terms,month,2021-06-01,218,,,bhi2-xwsy,,2026-05-28T23:59:30+00:00
distinct_catalog_search_terms,month,2021-07-01,474,,,bhi2-xwsy,,2026-05-28T23:59:30+00:00
distinct_catalog_search_terms,month,2021-08-01,185,,,bhi2-xwsy,,2026-05-28T23:59:30+00:00
distinct_catalog_search_terms,month,2021-09-01,391,,,bhi2-xwsy,,2026-05-28T23:59:30+00:00
distinct_catalog_search_terms,month,2021-10-01,354,,,bhi2-xwsy,,2026-05-28T23:59:30+00:00
distinct_catalog_search_terms,month,2021-11-01,267,,,bhi2-xwsy,,2026-05-28T23:59:30+00:00
distinct_catalog_search_terms,month,2021-12-01,189,,,bhi2-xwsy,,2026-05-28T23:59:30+00:00
distinct_catalog_search_terms,month,2022-01-01,257,,,bhi2-xwsy,,2026-05-28T23:59:30+00:00
distinct_catalog_search_terms,month,2022-02-01,261,,,bhi2-xwsy,,2026-05-28T23:59:30+00:00
distinct_catalog_search_terms,month,2022-03-01,363,,,bhi2-xwsy,,2026-05-28T23:59:30+00:00
distinct_catalog_search_terms,month,2022-04-01,1144,,,bhi2-xwsy,,2026-05-28T23:59:30+00:00
distinct_catalog_search_terms,month,2022-05-01,6410,,,bhi2-xwsy,,2026-05-28T23:59:30+00:00
distinct_catalog_search_terms,month,2022-06-01,9030,,,bhi2-xwsy,,2026-05-28T23:59:30+00:00
distinct_catalog_search_terms,month,2022-07-01,9093,,,bhi2-xwsy,,2026-05-28T23:59:30+00:00
distinct_catalog_search_terms,month,2022-08-01,6146,,,bhi2-xwsy,,2026-05-28T23:59:30+00:00
distinct_catalog_search_terms,month,2022-09-01,4618,,,bhi2-xwsy,,2026-05-28T23:59:30+00:00
distinct_catalog_search_terms,month,2022-10-01,3754,,,bhi2-xwsy,,2026-05-28T23:59:30+00:00
distinct_catalog_search_terms,month,2022-11-01,1637,,,bhi2-xwsy,,2026-05-28T23:59:30+00:00
distinct_catalog_search_terms,month,2022-12-01,232,,,bhi2-xwsy,,2026-05-28T23:59:30+00:00
distinct_catalog_search_terms,month,2023-01-01,180,,,bhi2-xwsy,,2026-05-28T23:59:30+00:00
distinct_catalog_search_terms,month,2023-02-01,167,,,bhi2-xwsy,,2026-05-28T23:59:30+00:00
distinct_catalog_search_terms,month,2023-03-01,211,,,bhi2-xwsy,,2026-05-28T23:59:30+00:00
distinct_catalog_search_terms,month,2023-04-01,6498,,,bhi2-xwsy,,2026-05-28T23:59:30+00:00
distinct_catalog_search_terms,month,2023-05-01,5442,,,bhi2-xwsy,,2026-05-28T23:59:30+00:00
distinct_catalog_search_terms,month,2023-06-01,3122,,,bhi2-xwsy,,2026-05-28T23:59:30+00:00
distinct_catalog_search_terms,month,2023-07-01,200,,,bhi2-xwsy,,2026-05-28T23:59:30+00:00
distinct_catalog_search_terms,month,2023-08-01,6338,,,bhi2-xwsy,,2026-05-28T23:59:30+00:00
distinct_catalog_search_terms,month,2023-09-01,2570,,,bhi2-xwsy,,2026-05-28T23:59:30+00:00
distinct_catalog_search_terms,month,2023-10-01,668,,,bhi2-xwsy,,2026-05-28T23:59:30+00:00
distinct_catalog_search_terms,month,2023-11-01,7436,,,bhi2-xwsy,,2026-05-28T23:59:30+00:00
distinct_catalog_search_terms,month,2023-12-01,4262,,,bhi2-xwsy,,2026-05-28T23:59:30+00:00
distinct_catalog_search_terms,month,2024-01-01,1659,,,bhi2-xwsy,,2026-05-28T23:59:30+00:00
distinct_catalog_search_terms,month,2024-02-01,2057,,,bhi2-xwsy,,2026-05-28T23:59:30+00:00
distinct_catalog_search_terms,month,2024-03-01,996,,,bhi2-xwsy,,2026-05-28T23:59:30+00:00
distinct_catalog_search_terms,month,2024-04-01,273,,,bhi2-xwsy,,2026-05-28T23:59:30+00:00
distinct_catalog_search_terms,month,2024-05-01,266,,,bhi2-xwsy,,2026-05-28T23:59:30+00:00
distinct_catalog_search_terms,month,2024-06-01,227,,,bhi2-xwsy,,2026-05-28T23:59:30+00:00
distinct_catalog_search_terms,month,2024-07-01,252,,,bhi2-xwsy,,2026-05-28T23:59:30+00:00
distinct_catalog_search_terms,month,2024-08-01,203,,,bhi2-xwsy,,2026-05-28T23:59:30+00:00
distinct_catalog_search_terms,month,2024-09-01,288,,,bhi2-xwsy,,2026-05-28T23:59:30+00:00
distinct_catalog_search_terms,month,2024-10-01,344,,,bhi2-xwsy,,2026-05-28T23:59:30+00:00
distinct_catalog_search_terms,month,2024-11-01,293,,,bhi2-xwsy,,2026-05-28T23:59:30+00:00
distinct_catalog_search_terms,month,2024-12-01,237,,,bhi2-xwsy,,2026-05-28T23:59:30+00:00
distinct_catalog_search_terms,month,2025-01-01,317,,,bhi2-xwsy,,2026-05-28T23:59:30+00:00
distinct_catalog_search_terms,month,2025-02-01,265,,,bhi2-xwsy,,2026-05-28T23:59:30+00:00
distinct_catalog_search_terms,month,2025-03-01,297,,,bhi2-xwsy,,2026-05-28T23:59:30+00:00
distinct_catalog_search_terms,month,2025-04-01,283,,,bhi2-xwsy,,2026-05-28T23:59:30+00:00
distinct_catalog_search_terms,month,2025-05-01,298,,,bhi2-xwsy,,2026-05-28T23:59:30+00:00
distinct_catalog_search_terms,month,2025-06-01,318,,,bhi2-xwsy,,2026-05-28T23:59:30+00:00
distinct_catalog_search_terms,month,2025-07-01,326,,,bhi2-xwsy,,2026-05-28T23:59:30+00:00
distinct_catalog_search_terms,month,2025-08-01,276,,,bhi2-xwsy,,2026-05-28T23:59:30+00:00
distinct_catalog_search_terms,month,2025-09-01,519,,,bhi2-xwsy,,2026-05-28T23:59:30+00:00
distinct_catalog_search_terms,month,2025-10-01,350,,,bhi2-xwsy,,2026-05-28T23:59:30+00:00
distinct_catalog_search_terms,month,2025-11-01,340,,,bhi2-xwsy,,2026-05-28T23:59:30+00:00
distinct_catalog_search_terms,month,2025-12-01,403,,,bhi2-xwsy,,2026-05-28T23:59:30+00:00
distinct_catalog_search_terms,month,2026-01-01,286,,,bhi2-xwsy,,2026-05-28T23:59:30+00:00
distinct_catalog_search_terms,month,2026-02-01,649,,,bhi2-xwsy,,2026-05-28T23:59:30+00:00
distinct_catalog_search_terms,month,2026-03-01,487,,,bhi2-xwsy,,2026-05-28T23:59:30+00:00
distinct_catalog_search_terms,month,2026-04-01,454,,,bhi2-xwsy,,2026-05-28T23:59:30+00:00
distinct_catalog_search_terms,month,2026-05-01,369,,,bhi2-xwsy,,2026-05-28T23:59:30+00:00
distinct_catalog_search_terms,year,2020-01-01,344,,,,Aggregated from monthly values using max.,2026-05-28T23:59:30+00:00
distinct_catalog_search_terms,year,2021-01-01,474,,,,Aggregated from monthly values using max.,2026-05-28T23:59:30+00:00
distinct_catalog_search_terms,year,2022-01-01,9093,,,,Aggregated from monthly values using max.,2026-05-28T23:59:30+00:00
distinct_catalog_search_terms,year,2023-01-01,7436,,,,Aggregated from monthly values using max.,2026-05-28T23:59:30+00:00
distinct_catalog_search_terms,year,2024-01-01,2057,,,,Aggregated from monthly values using max.,2026-05-28T23:59:30+00:00
distinct_catalog_search_terms,year,2025-01-01,519,,,,Aggregated from monthly values using max.,2026-05-28T23:59:30+00:00
distinct_catalog_search_terms,year,2026-01-01,649,,,,Aggregated from monthly values using max.,2026-05-28T23:59:30+00:00
distinct_referrers,month,2013-11-01,,,,,,2026-05-28T23:59:30+00:00
distinct_referrers,month,2013-12-01,,,,,,2026-05-28T23:59:30+00:00
distinct_referrers,month,2014-01-01,,,,,,2026-05-28T23:59:30+00:00
distinct_referrers,month,2014-02-01,,,,,,2026-05-28T23:59:30+00:00
distinct_referrers,month,2014-03-01,,,,,,2026-05-28T23:59:30+00:00
distinct_referrers,month,2014-04-01,,,,,,2026-05-28T23:59:30+00:00
distinct_referrers,month,2014-05-01,,,,,,2026-05-28T23:59:30+00:00
distinct_referrers,month,2014-06-01,,,,,,2026-05-28T23:59:30+00:00
distinct_referrers,month,2014-07-01,,,,,,2026-05-28T23:59:30+00:00
distinct_referrers,month,2014-08-01,,,,,,2026-05-28T23:59:30+00:00
distinct_referrers,month,2014-09-01,,,,,,2026-05-28T23:59:30+00:00
distinct_referrers,month,2014-10-01,,,,,,2026-05-28T23:59:30+00:00
distinct_referrers,month,2014-11-01,,,,,,2026-05-28T23:59:30+00:00
distinct_referrers,month,2014-12-01,,,,,,2026-05-28T23:59:30+00:00
distinct_referrers,month,2015-01-01,,,,,,2026-05-28T23:59:30+00:00
distinct_referrers,month,2015-02-01,,,,,,2026-05-28T23:59:30+00:00
distinct_referrers,month,2015-03-01,,,,,,2026-05-28T23:59:30+00:00
distinct_referrers,month,2015-04-01,,,,,,2026-05-28T23:59:30+00:00
distinct_referrers,month,2015-05-01,,,,,,2026-05-28T23:59:30+00:00
distinct_referrers,month,2015-06-01,,,,,,2026-05-28T23:59:30+00:00
distinct_referrers,month,2015-07-01,,,,,,2026-05-28T23:59:30+00:00
distinct_referrers,month,2015-08-01,,,,,,2026-05-28T23:59:30+00:00
distinct_referrers,month,2015-09-01,,,,,,2026-05-28T23:59:30+00:00
distinct_referrers,month,2015-10-01,,,,,,2026-05-28T23:59:30+00:00
distinct_referrers,month,2015-11-01,,,,,,2026-05-28T23:59:30+00:00
distinct_referrers,month,2015-12-01,,,,,,2026-05-28T23:59:30+00:00
distinct_referrers,month,2016-01-01,,,,,,2026-05-28T23:59:30+00:00
distinct_referrers,month,2016-02-01,,,,,,2026-05-28T23:59:30+00:00
distinct_referrers,month,2016-03-01,,,,,,2026-05-28T23:59:30+00:00
distinct_referrers,month,2016-04-01,,,,,,2026-05-28T23:59:30+00:00
distinct_referrers,month,2016-05-01,,,,,,2026-05-28T23:59:30+00:00
distinct_referrers,month,2016-06-01,,,,,,2026-05-28T23:59:30+00:00
distinct_referrers,month,2016-07-01,,,,,,2026-05-28T23:59:30+00:00
distinct_referrers,month,2016-08-01,,,,,,2026-05-28T23:59:30+00:00
distinct_referrers,month,2016-09-01,,,,,,2026-05-28T23:59:30+00:00
distinct_referrers,month,2016-10-01,,,,,,2026-05-28T23:59:30+00:00
distinct_referrers,month,2016-11-01,,,,,,2026-05-28T23:59:30+00:00
distinct_referrers,month,2016-12-01,,,,,,2026-05-28T23:59:30+00:00
distinct_referrers,month,2017-01-01,,,,,,2026-05-28T23:59:30+00:00
distinct_referrers,month,2017-02-01,,,,,,2026-05-28T23:59:30+00:00
distinct_referrers,month,2017-03-01,,,,,,2026-05-28T23:59:30+00:00
distinct_referrers,month,2017-04-01,,,,,,2026-05-28T23:59:30+00:00
distinct_referrers,month,2017-05-01,,,,,,2026-05-28T23:59:30+00:00
distinct_referrers,month,2017-06-01,,,,,,2026-05-28T23:59:30+00:00
distinct_referrers,month,2017-07-01,,,,,,2026-05-28T23:59:30+00:00
distinct_referrers,month,2017-08-01,,,,,,2026-05-28T23:59:30+00:00
distinct_referrers,month,2017-09-01,,,,,,2026-05-28T23:59:30+00:00
distinct_referrers,month,2017-10-01,,,,,,2026-05-28T23:59:30+00:00
distinct_referrers,month,2017-11-01,,,,,,2026-05-28T23:59:30+00:00
distinct_referrers,month,2017-12-01,,,,,,2026-05-28T23:59:30+00:00
distinct_referrers,month,2018-01-01,,,,,,2026-05-28T23:59:30+00:00
distinct_referrers,month,2018-02-01,,,,,,2026-05-28T23:59:30+00:00
distinct_referrers,month,2018-03-01,,,,,,2026-05-28T23:59:30+00:00
distinct_referrers,month,2018-04-01,,,,,,2026-05-28T23:59:30+00:00
distinct_referrers,month,2018-05-01,,,,,,2026-05-28T23:59:30+00:00
distinct_referrers,month,2018-06-01,,,,,,2026-05-28T23:59:30+00:00
distinct_referrers,month,2018-07-01,,,,,,2026-05-28T23:59:30+00:00
distinct_referrers,month,2018-08-01,,,,,,2026-05-28T23:59:30+00:00
distinct_referrers,month,2018-09-01,,,,,,2026-05-28T23:59:30+00:00
distinct_referrers,month,2018-10-01,,,,,,2026-05-28T23:59:30+00:00
distinct_referrers,month,2018-11-01,,,,,,2026-05-28T23:59:30+00:00
distinct_referrers,month,2018-12-01,,,,,,2026-05-28T23:59:30+00:00
distinct_referrers,month,2019-01-01,,,,,,2026-05-28T23:59:30+00:00
distinct_referrers,month,2019-02-01,,,,,,2026-05-28T23:59:30+00:00
distinct_referrers,month,2019-03-01,,,,,,2026-05-28T23:59:30+00:00
distinct_referrers,month,2019-04-01,,,,,,2026-05-28T23:59:30+00:00
distinct_referrers,month,2019-05-01,,,,,,2026-05-28T23:59:30+00:00
distinct_referrers,month,2019-06-01,,,,,,2026-05-28T23:59:30+00:00
distinct_referrers,month,2019-07-01,,,,,,2026-05-28T23:59:30+00:00
distinct_referrers,month,2019-08-01,,,,,,2026-05-28T23:59:30+00:00
distinct_referrers,month,2019-09-01,,,,,,2026-05-28T23:59:30+00:00
distinct_referrers,month,2019-10-01,,,,,,2026-05-28T23:59:30+00:00
distinct_referrers,month,2019-11-01,,,,,,2026-05-28T23:59:30+00:00
distinct_referrers,month,2019-12-01,,,,,,2026-05-28T23:59:30+00:00
distinct_referrers,month,2020-01-01,,,,,,2026-05-28T23:59:30+00:00
distinct_referrers,month,2020-02-01,,,,,,2026-05-28T23:59:30+00:00
distinct_referrers,month,2020-03-01,,,,,,2026-05-28T23:59:30+00:00
distinct_referrers,month,2020-04-01,,,,,,2026-05-28T23:59:30+00:00
distinct_referrers,month,2020-05-01,,,,,,2026-05-28T23:59:30+00:00
distinct_referrers,month,2020-06-01,,,,,,2026-05-28T23:59:30+00:00
distinct_referrers,month,2020-07-01,,,,,,2026-05-28T23:59:30+00:00
distinct_referrers,month,2020-08-01,,,,,,2026-05-28T23:59:30+00:00
distinct_referrers,month,2020-09-01,,,,,,2026-05-28T23:59:30+00:00
distinct_referrers,month,2020-10-01,,,,,,2026-05-28T23:59:30+00:00
distinct_referrers,month,2020-11-01,,,,,,2026-05-28T23:59:30+00:00
distinct_referrers,month,2020-12-01,,,,,,2026-05-28T23:59:30+00:00
distinct_referrers,month,2021-01-01,,,,,,2026-05-28T23:59:30+00:00
distinct_referrers,month,2021-02-01,,,,,,2026-05-28T23:59:30+00:00
distinct_referrers,month,2021-03-01,,,,,,2026-05-28T23:59:30+00:00
distinct_referrers,month,2021-04-01,,,,,,2026-05-28T23:59:30+00:00
distinct_referrers,month,2021-05-01,29,,,yu3j-w3ic,,2026-05-28T23:59:30+00:00
distinct_referrers,month,2021-06-01,58,,,yu3j-w3ic,,2026-05-28T23:59:30+00:00
distinct_referrers,month,2021-07-01,63,,,yu3j-w3ic,,2026-05-28T23:59:30+00:00
distinct_referrers,month,2021-08-01,55,,,yu3j-w3ic,,2026-05-28T23:59:30+00:00
distinct_referrers,month,2021-09-01,64,,,yu3j-w3ic,,2026-05-28T23:59:30+00:00
distinct_referrers,month,2021-10-01,66,,,yu3j-w3ic,,2026-05-28T23:59:30+00:00
distinct_referrers,month,2021-11-01,63,,,yu3j-w3ic,,2026-05-28T23:59:30+00:00
distinct_referrers,month,2021-12-01,52,,,yu3j-w3ic,,2026-05-28T23:59:30+00:00
distinct_referrers,month,2022-01-01,58,,,yu3j-w3ic,,2026-05-28T23:59:30+00:00
distinct_referrers,month,2022-02-01,68,,,yu3j-w3ic,,2026-05-28T23:59:30+00:00
distinct_referrers,month,2022-03-01,66,,,yu3j-w3ic,,2026-05-28T23:59:30+00:00
distinct_referrers,month,2022-04-01,57,,,yu3j-w3ic,,2026-05-28T23:59:30+00:00
distinct_referrers,month,2022-05-01,92,,,yu3j-w3ic,,2026-05-28T23:59:30+00:00
distinct_referrers,month,2022-06-01,94,,,yu3j-w3ic,,2026-05-28T23:59:30+00:00
distinct_referrers,month,2022-07-01,100,,,yu3j-w3ic,,2026-05-28T23:59:30+00:00
distinct_referrers,month,2022-08-01,133,,,yu3j-w3ic,,2026-05-28T23:59:30+00:00
distinct_referrers,month,2022-09-01,134,,,yu3j-w3ic,,2026-05-28T23:59:30+00:00
distinct_referrers,month,2022-10-01,98,,,yu3j-w3ic,,2026-05-28T23:59:30+00:00
distinct_referrers,month,2022-11-01,89,,,yu3j-w3ic,,2026-05-28T23:59:30+00:00
distinct_referrers,month,2022-12-01,105,,,yu3j-w3ic,,2026-05-28T23:59:30+00:00
distinct_referrers,month,2023-01-01,66,,,yu3j-w3ic,,2026-05-28T23:59:30+00:00
distinct_referrers,month,2023-02-01,73,,,yu3j-w3ic,,2026-05-28T23:59:30+00:00
distinct_referrers,month,2023-03-01,78,,,yu3j-w3ic,,2026-05-28T23:59:30+00:00
distinct_referrers,month,2023-04-01,71,,,yu3j-w3ic,,2026-05-28T23:59:30+00:00
distinct_referrers,month,2023-05-01,69,,,yu3j-w3ic,,2026-05-28T23:59:30+00:00
distinct_referrers,month,2023-06-01,64,,,yu3j-w3ic,,2026-05-28T23:59:30+00:00
distinct_referrers,month,2023-07-01,63,,,yu3j-w3ic,,2026-05-28T23:59:30+00:00
distinct_referrers,month,2023-08-01,66,,,yu3j-w3ic,,2026-05-28T23:59:30+00:00
distinct_referrers,month,2023-09-01,60,,,yu3j-w3ic,,2026-05-28T23:59:30+00:00
distinct_referrers,month,2023-10-01,83,,,yu3j-w3ic,,2026-05-28T23:59:30+00:00
distinct_referrers,month,2023-11-01,76,,,yu3j-w3ic,,2026-05-28T23:59:30+00:00
distinct_referrers,month,2023-12-01,66,,,yu3j-w3ic,,2026-05-28T23:59:30+00:00
distinct_referrers,month,2024-01-01,67,,,yu3j-w3ic,,2026-05-28T23:59:30+00:00
distinct_referrers,month,2024-02-01,91,,,yu3j-w3ic,,2026-05-28T23:59:30+00:00
distinct_referrers,month,2024-03-01,68,,,yu3j-w3ic,,2026-05-28T23:59:30+00:00
distinct_referrers,month,2024-04-01,77,,,yu3j-w3ic,,2026-05-28T23:59:30+00:00
distinct_referrers,month,2024-05-01,78,,,yu3j-w3ic,,2026-05-28T23:59:30+00:00
distinct_referrers,month,2024-06-01,72,,,yu3j-w3ic,,2026-05-28T23:59:30+00:00
distinct_referrers,month,2024-07-01,71,,,yu3j-w3ic,,2026-05-28T23:59:30+00:00
distinct_referrers,month,2024-08-01,55,,,yu3j-w3ic,,2026-05-28T23:59:30+00:00
distinct_referrers,month,2024-09-01,89,,,yu3j-w3ic,,2026-05-28T23:59:30+00:00
distinct_referrers,month,2024-10-01,76,,,yu3j-w3ic,,2026-05-28T23:59:30+00:00
distinct_referrers,month,2024-11-01,70,,,yu3j-w3ic,,2026-05-28T23:59:30+00:00
distinct_referrers,month,2024-12-01,65,,,yu3j-w3ic,,2026-05-28T23:59:30+00:00
distinct_referrers,month,2025-01-01,68,,,yu3j-w3ic,,2026-05-28T23:59:30+00:00
distinct_referrers,month,2025-02-01,70,,,yu3j-w3ic,,2026-05-28T23:59:30+00:00
distinct_referrers,month,2025-03-01,116,,,yu3j-w3ic,,2026-05-28T23:59:30+00:00
distinct_referrers,month,2025-04-01,57,,,yu3j-w3ic,,2026-05-28T23:59:30+00:00
distinct_referrers,month,2025-05-01,95,,,yu3j-w3ic,,2026-05-28T23:59:30+00:00
distinct_referrers,month,2025-06-01,104,,,yu3j-w3ic,,2026-05-28T23:59:30+00:00
distinct_referrers,month,2025-07-01,105,,,yu3j-w3ic,,2026-05-28T23:59:30+00:00
distinct_referrers,month,2025-08-01,124,,,yu3j-w3ic,,2026-05-28T23:59:30+00:00
distinct_referrers,month,2025-09-01,323,,,yu3j-w3ic,,2026-05-28T23:59:30+00:00
distinct_referrers,month,2025-10-01,135,,,yu3j-w3ic,,2026-05-28T23:59:30+00:00
distinct_referrers,month,2025-11-01,91,,,yu3j-w3ic,,2026-05-28T23:59:30+00:00
distinct_referrers,month,2025-12-01,103,,,yu3j-w3ic,,2026-05-28T23:59:30+00:00
distinct_referrers,month,2026-01-01,109,,,yu3j-w3ic,,2026-05-28T23:59:30+00:00
distinct_referrers,month,2026-02-01,148,,,yu3j-w3ic,,2026-05-28T23:59:30+00:00
distinct_referrers,month,2026-03-01,126,,,yu3j-w3ic,,2026-05-28T23:59:30+00:00
distinct_referrers,month,2026-04-01,126,,,yu3j-w3ic,,2026-05-28T23:59:30+00:00
distinct_referrers,month,2026-05-01,143,,,yu3j-w3ic,,2026-05-28T23:59:30+00:00
distinct_referrers,year,2021-01-01,66,,,,Aggregated from monthly values using max.,2026-05-28T23:59:30+00:00
distinct_referrers,year,2022-01-01,134,,,,Aggregated from monthly values using max.,2026-05-28T23:59:30+00:00
distinct_referrers,year,2023-01-01,83,,,,Aggregated from monthly values using max.,2026-05-28T23:59:30+00:00
distinct_referrers,year,2024-01-01,91,,,,Aggregated from monthly values using max.,2026-05-28T23:59:30+00:00
distinct_referrers,year,2025-01-01,323,,,,Aggregated from monthly values using max.,2026-05-28T23:59:30+00:00
distinct_referrers,year,2026-01-01,148,,,,Aggregated from monthly values using max.,2026-05-28T23:59:30+00:00
documented_pilots,year,2013-01-01,,,,,Manual metric not yet captured.,2026-05-28T23:59:30+00:00
documented_pilots,year,2014-01-01,,,,,Manual metric not yet captured.,2026-05-28T23:59:30+00:00
documented_pilots,year,2015-01-01,,,,,Manual metric not yet captured.,2026-05-28T23:59:30+00:00
documented_pilots,year,2016-01-01,,,,,Manual metric not yet captured.,2026-05-28T23:59:30+00:00
documented_pilots,year,2017-01-01,,,,,Manual metric not yet captured.,2026-05-28T23:59:30+00:00
documented_pilots,year,2018-01-01,,,,,Manual metric not yet captured.,2026-05-28T23:59:30+00:00
documented_pilots,year,2019-01-01,,,,,Manual metric not yet captured.,2026-05-28T23:59:30+00:00
documented_pilots,year,2020-01-01,,,,,Manual metric not yet captured.,2026-05-28T23:59:30+00:00
documented_pilots,year,2021-01-01,,,,,Manual metric not yet captured.,2026-05-28T23:59:30+00:00
documented_pilots,year,2022-01-01,,,,,Manual metric not yet captured.,2026-05-28T23:59:30+00:00
documented_pilots,year,2023-01-01,,,,,Manual metric not yet captured.,2026-05-28T23:59:30+00:00
documented_pilots,year,2024-01-01,,,,,Manual metric not yet captured.,2026-05-28T23:59:30+00:00
documented_pilots,year,2025-01-01,,,,,Manual metric not yet captured.,2026-05-28T23:59:30+00:00
documented_pilots,year,2026-01-01,,,,,Manual metric not yet captured.,2026-05-28T23:59:30+00:00
emerging_tool_evaluations,year,2013-01-01,,,,,Manual metric not yet captured.,2026-05-28T23:59:30+00:00
emerging_tool_evaluations,year,2014-01-01,,,,,Manual metric not yet captured.,2026-05-28T23:59:30+00:00
emerging_tool_evaluations,year,2015-01-01,,,,,Manual metric not yet captured.,2026-05-28T23:59:30+00:00
emerging_tool_evaluations,year,2016-01-01,,,,,Manual metric not yet captured.,2026-05-28T23:59:30+00:00
emerging_tool_evaluations,year,2017-01-01,,,,,Manual metric not yet captured.,2026-05-28T23:59:30+00:00
emerging_tool_evaluations,year,2018-01-01,,,,,Manual metric not yet captured.,2026-05-28T23:59:30+00:00
emerging_tool_evaluations,year,2019-01-01,,,,,Manual metric not yet captured.,2026-05-28T23:59:30+00:00
emerging_tool_evaluations,year,2020-01-01,,,,,Manual metric not yet captured.,2026-05-28T23:59:30+00:00
emerging_tool_evaluations,year,2021-01-01,,,,,Manual metric not yet captured.,2026-05-28T23:59:30+00:00
emerging_tool_evaluations,year,2022-01-01,,,,,Manual metric not yet captured.,2026-05-28T23:59:30+00:00
emerging_tool_evaluations,year,2023-01-01,,,,,Manual metric not yet captured.,2026-05-28T23:59:30+00:00
emerging_tool_evaluations,year,2024-01-01,,,,,Manual metric not yet captured.,2026-05-28T23:59:30+00:00
emerging_tool_evaluations,year,2025-01-01,,,,,Manual metric not yet captured.,2026-05-28T23:59:30+00:00
emerging_tool_evaluations,year,2026-01-01,,,,,Manual metric not yet captured.,2026-05-28T23:59:30+00:00
external_references,year,2013-01-01,,,,,Manual metric not yet captured.,2026-05-28T23:59:30+00:00
external_references,year,2014-01-01,,,,,Manual metric not yet captured.,2026-05-28T23:59:30+00:00
external_references,year,2015-01-01,,,,,Manual metric not yet captured.,2026-05-28T23:59:30+00:00
external_references,year,2016-01-01,,,,,Manual metric not yet captured.,2026-05-28T23:59:30+00:00
external_references,year,2017-01-01,,,,,Manual metric not yet captured.,2026-05-28T23:59:30+00:00
external_references,year,2018-01-01,,,,,Manual metric not yet captured.,2026-05-28T23:59:30+00:00
external_references,year,2019-01-01,,,,,Manual metric not yet captured.,2026-05-28T23:59:30+00:00
external_references,year,2020-01-01,,,,,Manual metric not yet captured.,2026-05-28T23:59:30+00:00
external_references,year,2021-01-01,,,,,Manual metric not yet captured.,2026-05-28T23:59:30+00:00
external_references,year,2022-01-01,,,,,Manual metric not yet captured.,2026-05-28T23:59:30+00:00
external_references,year,2023-01-01,,,,,Manual metric not yet captured.,2026-05-28T23:59:30+00:00
external_references,year,2024-01-01,,,,,Manual metric not yet captured.,2026-05-28T23:59:30+00:00
external_references,year,2025-01-01,,,,,Manual metric not yet captured.,2026-05-28T23:59:30+00:00
external_references,year,2026-01-01,,,,,Manual metric not yet captured.,2026-05-28T23:59:30+00:00
newsletter_issues_sent,month,2013-11-01,,,,,No source value available for this period.,2026-05-28T23:59:30+00:00
newsletter_issues_sent,month,2013-12-01,,,,,No source value available for this period.,2026-05-28T23:59:30+00:00
newsletter_issues_sent,month,2014-01-01,,,,,No source value available for this period.,2026-05-28T23:59:30+00:00
newsletter_issues_sent,month,2014-02-01,,,,,No source value available for this period.,2026-05-28T23:59:30+00:00
newsletter_issues_sent,month,2014-03-01,,,,,No source value available for this period.,2026-05-28T23:59:30+00:00
newsletter_issues_sent,month,2014-04-01,,,,,No source value available for this period.,2026-05-28T23:59:30+00:00
newsletter_issues_sent,month,2014-05-01,,,,,No source value available for this period.,2026-05-28T23:59:30+00:00
newsletter_issues_sent,month,2014-06-01,,,,,No source value available for this period.,2026-05-28T23:59:30+00:00
newsletter_issues_sent,month,2014-07-01,,,,,No source value available for this period.,2026-05-28T23:59:30+00:00
newsletter_issues_sent,month,2014-08-01,,,,,No source value available for this period.,2026-05-28T23:59:30+00:00
newsletter_issues_sent,month,2014-09-01,,,,,No source value available for this period.,2026-05-28T23:59:30+00:00
newsletter_issues_sent,month,2014-10-01,,,,,No source value available for this period.,2026-05-28T23:59:30+00:00
newsletter_issues_sent,month,2014-11-01,,,,,No source value available for this period.,2026-05-28T23:59:30+00:00
newsletter_issues_sent,month,2014-12-01,,,,,No source value available for this period.,2026-05-28T23:59:30+00:00
newsletter_issues_sent,month,2015-01-01,,,,,No source value available for this period.,2026-05-28T23:59:30+00:00
newsletter_issues_sent,month,2015-02-01,,,,,No source value available for this period.,2026-05-28T23:59:30+00:00
newsletter_issues_sent,month,2015-03-01,,,,,No source value available for this period.,2026-05-28T23:59:30+00:00
newsletter_issues_sent,month,2015-04-01,,,,,No source value available for this period.,2026-05-28T23:59:30+00:00
newsletter_issues_sent,month,2015-05-01,,,,,No source value available for this period.,2026-05-28T23:59:30+00:00
newsletter_issues_sent,month,2015-06-01,,,,,No source value available for this period.,2026-05-28T23:59:30+00:00
newsletter_issues_sent,month,2015-07-01,,,,,No source value available for this period.,2026-05-28T23:59:30+00:00
newsletter_issues_sent,month,2015-08-01,,,,,No source value available for this period.,2026-05-28T23:59:30+00:00
newsletter_issues_sent,month,2015-09-01,,,,,No source value available for this period.,2026-05-28T23:59:30+00:00
newsletter_issues_sent,month,2015-10-01,,,,,No source value available for this period.,2026-05-28T23:59:30+00:00
newsletter_issues_sent,month,2015-11-01,,,,,No source value available for this period.,2026-05-28T23:59:30+00:00
newsletter_issues_sent,month,2015-12-01,,,,,No source value available for this period.,2026-05-28T23:59:30+00:00
newsletter_issues_sent,month,2016-01-01,,,,,No source value available for this period.,2026-05-28T23:59:30+00:00
newsletter_issues_sent,month,2016-02-01,,,,,No source value available for this period.,2026-05-28T23:59:30+00:00
newsletter_issues_sent,month,2016-03-01,,,,,No source value available for this period.,2026-05-28T23:59:30+00:00
newsletter_issues_sent,month,2016-04-01,,,,,No source value available for this period.,2026-05-28T23:59:30+00:00
newsletter_issues_sent,month,2016-05-01,,,,,No source value available for this period.,2026-05-28T23:59:30+00:00
newsletter_issues_sent,month,2016-06-01,,,,,No source value available for this period.,2026-05-28T23:59:30+00:00
newsletter_issues_sent,month,2016-07-01,,,,,No source value available for this period.,2026-05-28T23:59:30+00:00
newsletter_issues_sent,month,2016-08-01,,,,,No source value available for this period.,2026-05-28T23:59:30+00:00
newsletter_issues_sent,month,2016-09-01,,,,,No source value available for this period.,2026-05-28T23:59:30+00:00
newsletter_issues_sent,month,2016-10-01,,,,,No source value available for this period.,2026-05-28T23:59:30+00:00
newsletter_issues_sent,month,2016-11-01,,,,,No source value available for this period.,2026-05-28T23:59:30+00:00
newsletter_issues_sent,month,2016-12-01,,,,,No source value available for this period.,2026-05-28T23:59:30+00:00
newsletter_issues_sent,month,2017-01-01,,,,,No source value available for this period.,2026-05-28T23:59:30+00:00
newsletter_issues_sent,month,2017-02-01,,,,,No source value available for this period.,2026-05-28T23:59:30+00:00
newsletter_issues_sent,month,2017-03-01,,,,,No source value available for this period.,2026-05-28T23:59:30+00:00
newsletter_issues_sent,month,2017-04-01,,,,,No source value available for this period.,2026-05-28T23:59:30+00:00
newsletter_issues_sent,month,2017-05-01,,,,,No source value available for this period.,2026-05-28T23:59:30+00:00
newsletter_issues_sent,month,2017-06-01,,,,,No source value available for this period.,2026-05-28T23:59:30+00:00
newsletter_issues_sent,month,2017-07-01,,,,,No source value available for this period.,2026-05-28T23:59:30+00:00
newsletter_issues_sent,month,2017-08-01,,,,,No source value available for this period.,2026-05-28T23:59:30+00:00
newsletter_issues_sent,month,2017-09-01,,,,,No source value available for this period.,2026-05-28T23:59:30+00:00
newsletter_issues_sent,month,2017-10-01,,,,,No source value available for this period.,2026-05-28T23:59:30+00:00
newsletter_issues_sent,month,2017-11-01,,,,,No source value available for this period.,2026-05-28T23:59:30+00:00
newsletter_issues_sent,month,2017-12-01,,,,,No source value available for this period.,2026-05-28T23:59:30+00:00
newsletter_issues_sent,month,2018-01-01,,,,,No source value available for this period.,2026-05-28T23:59:30+00:00
newsletter_issues_sent,month,2018-02-01,,,,,No source value available for this period.,2026-05-28T23:59:30+00:00
newsletter_issues_sent,month,2018-03-01,,,,,No source value available for this period.,2026-05-28T23:59:30+00:00
newsletter_issues_sent,month,2018-04-01,,,,,No source value available for this period.,2026-05-28T23:59:30+00:00
newsletter_issues_sent,month,2018-05-01,,,,,No source value available for this period.,2026-05-28T23:59:30+00:00
newsletter_issues_sent,month,2018-06-01,,,,,No source value available for this period.,2026-05-28T23:59:30+00:00
newsletter_issues_sent,month,2018-07-01,,,,,No source value available for this period.,2026-05-28T23:59:30+00:00
newsletter_issues_sent,month,2018-08-01,,,,,No source value available for this period.,2026-05-28T23:59:30+00:00
newsletter_issues_sent,month,2018-09-01,,,,,No source value available for this period.,2026-05-28T23:59:30+00:00
newsletter_issues_sent,month,2018-10-01,,,,,No source value available for this period.,2026-05-28T23:59:30+00:00
newsletter_issues_sent,month,2018-11-01,,,,,No source value available for this period.,2026-05-28T23:59:30+00:00
newsletter_issues_sent,month,2018-12-01,,,,,No source value available for this period.,2026-05-28T23:59:30+00:00
newsletter_issues_sent,month,2019-01-01,,,,,No source value available for this period.,2026-05-28T23:59:30+00:00
newsletter_issues_sent,month,2019-02-01,,,,,No source value available for this period.,2026-05-28T23:59:30+00:00
newsletter_issues_sent,month,2019-03-01,,,,,No source value available for this period.,2026-05-28T23:59:30+00:00
newsletter_issues_sent,month,2019-04-01,,,,,No source value available for this period.,2026-05-28T23:59:30+00:00
newsletter_issues_sent,month,2019-05-01,,,,,No source value available for this period.,2026-05-28T23:59:30+00:00
newsletter_issues_sent,month,2019-06-01,,,,,No source value available for this period.,2026-05-28T23:59:30+00:00
newsletter_issues_sent,month,2019-07-01,,,,,No source value available for this period.,2026-05-28T23:59:30+00:00
newsletter_issues_sent,month,2019-08-01,,,,,No source value available for this period.,2026-05-28T23:59:30+00:00
newsletter_issues_sent,month,2019-09-01,,,,,No source value available for this period.,2026-05-28T23:59:30+00:00
newsletter_issues_sent,month,2019-10-01,,,,,No source value available for this period.,2026-05-28T23:59:30+00:00
newsletter_issues_sent,month,2019-11-01,,,,,No source value available for this period.,2026-05-28T23:59:30+00:00
newsletter_issues_sent,month,2019-12-01,,,,,No source value available for this period.,2026-05-28T23:59:30+00:00
newsletter_issues_sent,month,2020-01-01,,,,,No source value available for this period.,2026-05-28T23:59:30+00:00
newsletter_issues_sent,month,2020-02-01,,,,,No source value available for this period.,2026-05-28T23:59:30+00:00
newsletter_issues_sent,month,2020-03-01,,,,,No source value available for this period.,2026-05-28T23:59:30+00:00
newsletter_issues_sent,month,2020-04-01,,,,,No source value available for this period.,2026-05-28T23:59:30+00:00
newsletter_issues_sent,month,2020-05-01,,,,,No source value available for this period.,2026-05-28T23:59:30+00:00
newsletter_issues_sent,month,2020-06-01,,,,,No source value available for this period.,2026-05-28T23:59:30+00:00
newsletter_issues_sent,month,2020-07-01,,,,,No source value available for this period.,2026-05-28T23:59:30+00:00
newsletter_issues_sent,month,2020-08-01,,,,,No source value available for this period.,2026-05-28T23:59:30+00:00
newsletter_issues_sent,month,2020-09-01,,,,,No source value available for this period.,2026-05-28T23:59:30+00:00
newsletter_issues_sent,month,2020-10-01,,,,,No source value available for this period.,2026-05-28T23:59:30+00:00
newsletter_issues_sent,month,2020-11-01,,,,,No source value available for this period.,2026-05-28T23:59:30+00:00
newsletter_issues_sent,month,2020-12-01,,,,,No source value available for this period.,2026-05-28T23:59:30+00:00
newsletter_issues_sent,month,2021-01-01,,,,,No source value available for this period.,2026-05-28T23:59:30+00:00
newsletter_issues_sent,month,2021-02-01,,,,,No source value available for this period.,2026-05-28T23:59:30+00:00
newsletter_issues_sent,month,2021-03-01,,,,,No source value available for this period.,2026-05-28T23:59:30+00:00
newsletter_issues_sent,month,2021-04-01,,,,,No source value available for this period.,2026-05-28T23:59:30+00:00
newsletter_issues_sent,month,2021-05-01,,,,,No source value available for this period.,2026-05-28T23:59:30+00:00
newsletter_issues_sent,month,2021-06-01,,,,,No source value available for this period.,2026-05-28T23:59:30+00:00
newsletter_issues_sent,month,2021-07-01,,,,,No source value available for this period.,2026-05-28T23:59:30+00:00
newsletter_issues_sent,month,2021-08-01,,,,,No source value available for this period.,2026-05-28T23:59:30+00:00
newsletter_issues_sent,month,2021-09-01,,,,,No source value available for this period.,2026-05-28T23:59:30+00:00
newsletter_issues_sent,month,2021-10-01,,,,,No source value available for this period.,2026-05-28T23:59:30+00:00
newsletter_issues_sent,month,2021-11-01,,,,,No source value available for this period.,2026-05-28T23:59:30+00:00
newsletter_issues_sent,month,2021-12-01,,,,,No source value available for this period.,2026-05-28T23:59:30+00:00
newsletter_issues_sent,month,2022-01-01,,,,,No source value available for this period.,2026-05-28T23:59:30+00:00
newsletter_issues_sent,month,2022-02-01,,,,,No source value available for this period.,2026-05-28T23:59:30+00:00
newsletter_issues_sent,month,2022-03-01,,,,,No source value available for this period.,2026-05-28T23:59:30+00:00
newsletter_issues_sent,month,2022-04-01,,,,,No source value available for this period.,2026-05-28T23:59:30+00:00
newsletter_issues_sent,month,2022-05-01,,,,,No source value available for this period.,2026-05-28T23:59:30+00:00
newsletter_issues_sent,month,2022-06-01,,,,,No source value available for this period.,2026-05-28T23:59:30+00:00
newsletter_issues_sent,month,2022-07-01,,,,,No source value available for this period.,2026-05-28T23:59:30+00:00
newsletter_issues_sent,month,2022-08-01,,,,,No source value available for this period.,2026-05-28T23:59:30+00:00
newsletter_issues_sent,month,2022-09-01,,,,,No source value available for this period.,2026-05-28T23:59:30+00:00
newsletter_issues_sent,month,2022-10-01,,,,,No source value available for this period.,2026-05-28T23:59:30+00:00
newsletter_issues_sent,month,2022-11-01,,,,,No source value available for this period.,2026-05-28T23:59:30+00:00
newsletter_issues_sent,month,2022-12-01,,,,,No source value available for this period.,2026-05-28T23:59:30+00:00
newsletter_issues_sent,month,2023-01-01,,,,,No source value available for this period.,2026-05-28T23:59:30+00:00
newsletter_issues_sent,month,2023-02-01,,,,,No source value available for this period.,2026-05-28T23:59:30+00:00
newsletter_issues_sent,month,2023-03-01,,,,,No source value available for this period.,2026-05-28T23:59:30+00:00
newsletter_issues_sent,month,2023-04-01,,,,,No source value available for this period.,2026-05-28T23:59:30+00:00
newsletter_issues_sent,month,2023-05-01,,,,,No source value available for this period.,2026-05-28T23:59:30+00:00
newsletter_issues_sent,month,2023-06-01,,,,,No source value available for this period.,2026-05-28T23:59:30+00:00
newsletter_issues_sent,month,2023-07-01,,,,,No source value available for this period.,2026-05-28T23:59:30+00:00
newsletter_issues_sent,month,2023-08-01,,,,,No source value available for this period.,2026-05-28T23:59:30+00:00
newsletter_issues_sent,month,2023-09-01,,,,,No source value available for this period.,2026-05-28T23:59:30+00:00
newsletter_issues_sent,month,2023-10-01,,,,,No source value available for this period.,2026-05-28T23:59:30+00:00
newsletter_issues_sent,month,2023-11-01,,,,,No source value available for this period.,2026-05-28T23:59:30+00:00
newsletter_issues_sent,month,2023-12-01,,,,,No source value available for this period.,2026-05-28T23:59:30+00:00
newsletter_issues_sent,month,2024-01-01,,,,,No source value available for this period.,2026-05-28T23:59:30+00:00
newsletter_issues_sent,month,2024-02-01,,,,,No source value available for this period.,2026-05-28T23:59:30+00:00
newsletter_issues_sent,month,2024-03-01,,,,,No source value available for this period.,2026-05-28T23:59:30+00:00
newsletter_issues_sent,month,2024-04-01,,,,,No source value available for this period.,2026-05-28T23:59:30+00:00
newsletter_issues_sent,month,2024-05-01,,,,,No source value available for this period.,2026-05-28T23:59:30+00:00
newsletter_issues_sent,month,2024-06-01,,,,,No source value available for this period.,2026-05-28T23:59:30+00:00
newsletter_issues_sent,month,2024-07-01,,,,,No source value available for this period.,2026-05-28T23:59:30+00:00
newsletter_issues_sent,month,2024-08-01,,,,,No source value available for this period.,2026-05-28T23:59:30+00:00
newsletter_issues_sent,month,2024-09-01,,,,,No source value available for this period.,2026-05-28T23:59:30+00:00
newsletter_issues_sent,month,2024-10-01,,,,,No source value available for this period.,2026-05-28T23:59:30+00:00
newsletter_issues_sent,month,2024-11-01,,,,,No source value available for this period.,2026-05-28T23:59:30+00:00
newsletter_issues_sent,month,2024-12-01,,,,,No source value available for this period.,2026-05-28T23:59:30+00:00
newsletter_issues_sent,month,2025-01-01,,,,,No source value available for this period.,2026-05-28T23:59:30+00:00
newsletter_issues_sent,month,2025-02-01,,,,,No source value available for this period.,2026-05-28T23:59:30+00:00
newsletter_issues_sent,month,2025-03-01,,,,,No source value available for this period.,2026-05-28T23:59:30+00:00
newsletter_issues_sent,month,2025-04-01,,,,,No source value available for this period.,2026-05-28T23:59:30+00:00
newsletter_issues_sent,month,2025-05-01,,,,,No source value available for this period.,2026-05-28T23:59:30+00:00
newsletter_issues_sent,month,2025-06-01,,,,,No source value available for this period.,2026-05-28T23:59:30+00:00
newsletter_issues_sent,month,2025-07-01,,,,,No source value available for this period.,2026-05-28T23:59:30+00:00
newsletter_issues_sent,month,2025-08-01,,,,,No source value available for this period.,2026-05-28T23:59:30+00:00
newsletter_issues_sent,month,2025-09-01,,,,,No source value available for this period.,2026-05-28T23:59:30+00:00
newsletter_issues_sent,month,2025-10-01,,,,,No source value available for this period.,2026-05-28T23:59:30+00:00
newsletter_issues_sent,month,2025-11-01,,,,,No source value available for this period.,2026-05-28T23:59:30+00:00
newsletter_issues_sent,month,2025-12-01,,,,,No source value available for this period.,2026-05-28T23:59:30+00:00
newsletter_issues_sent,month,2026-01-01,,,,,No source value available for this period.,2026-05-28T23:59:30+00:00
newsletter_issues_sent,month,2026-02-01,,,,,No source value available for this period.,2026-05-28T23:59:30+00:00
newsletter_issues_sent,month,2026-03-01,,,,,No source value available for this period.,2026-05-28T23:59:30+00:00
newsletter_issues_sent,month,2026-04-01,,,,,No source value available for this period.,2026-05-28T23:59:30+00:00
newsletter_issues_sent,month,2026-05-01,,,,,No source value available for this period.,2026-05-28T23:59:30+00:00
newsletter_subscribers,month,2013-11-01,,,,,No source value available for this period.,2026-05-28T23:59:30+00:00
newsletter_subscribers,month,2013-12-01,,,,,No source value available for this period.,2026-05-28T23:59:30+00:00
newsletter_subscribers,month,2014-01-01,,,,,No source value available for this period.,2026-05-28T23:59:30+00:00
newsletter_subscribers,month,2014-02-01,,,,,No source value available for this period.,2026-05-28T23:59:30+00:00
newsletter_subscribers,month,2014-03-01,,,,,No source value available for this period.,2026-05-28T23:59:30+00:00
newsletter_subscribers,month,2014-04-01,,,,,No source value available for this period.,2026-05-28T23:59:30+00:00
newsletter_subscribers,month,2014-05-01,,,,,No source value available for this period.,2026-05-28T23:59:30+00:00
newsletter_subscribers,month,2014-06-01,,,,,No source value available for this period.,2026-05-28T23:59:30+00:00
newsletter_subscribers,month,2014-07-01,,,,,No source value available for this period.,2026-05-28T23:59:30+00:00
newsletter_subscribers,month,2014-08-01,,,,,No source value available for this period.,2026-05-28T23:59:30+00:00
newsletter_subscribers,month,2014-09-01,,,,,No source value available for this period.,2026-05-28T23:59:30+00:00
newsletter_subscribers,month,2014-10-01,,,,,No source value available for this period.,2026-05-28T23:59:30+00:00
newsletter_subscribers,month,2014-11-01,,,,,No source value available for this period.,2026-05-28T23:59:30+00:00
newsletter_subscribers,month,2014-12-01,,,,,No source value available for this period.,2026-05-28T23:59:30+00:00
newsletter_subscribers,month,2015-01-01,,,,,No source value available for this period.,2026-05-28T23:59:30+00:00
newsletter_subscribers,month,2015-02-01,,,,,No source value available for this period.,2026-05-28T23:59:30+00:00
newsletter_subscribers,month,2015-03-01,,,,,No source value available for this period.,2026-05-28T23:59:30+00:00
newsletter_subscribers,month,2015-04-01,,,,,No source value available for this period.,2026-05-28T23:59:30+00:00
newsletter_subscribers,month,2015-05-01,,,,,No source value available for this period.,2026-05-28T23:59:30+00:00
newsletter_subscribers,month,2015-06-01,,,,,No source value available for this period.,2026-05-28T23:59:30+00:00
newsletter_subscribers,month,2015-07-01,,,,,No source value available for this period.,2026-05-28T23:59:30+00:00
newsletter_subscribers,month,2015-08-01,,,,,No source value available for this period.,2026-05-28T23:59:30+00:00
newsletter_subscribers,month,2015-09-01,,,,,No source value available for this period.,2026-05-28T23:59:30+00:00
newsletter_subscribers,month,2015-10-01,,,,,No source value available for this period.,2026-05-28T23:59:30+00:00
newsletter_subscribers,month,2015-11-01,,,,,No source value available for this period.,2026-05-28T23:59:30+00:00
newsletter_subscribers,month,2015-12-01,,,,,No source value available for this period.,2026-05-28T23:59:30+00:00
newsletter_subscribers,month,2016-01-01,,,,,No source value available for this period.,2026-05-28T23:59:30+00:00
newsletter_subscribers,month,2016-02-01,,,,,No source value available for this period.,2026-05-28T23:59:30+00:00
newsletter_subscribers,month,2016-03-01,,,,,No source value available for this period.,2026-05-28T23:59:30+00:00
newsletter_subscribers,month,2016-04-01,,,,,No source value available for this period.,2026-05-28T23:59:30+00:00
newsletter_subscribers,month,2016-05-01,,,,,No source value available for this period.,2026-05-28T23:59:30+00:00
newsletter_subscribers,month,2016-06-01,,,,,No source value available for this period.,2026-05-28T23:59:30+00:00
newsletter_subscribers,month,2016-07-01,,,,,No source value available for this period.,2026-05-28T23:59:30+00:00
newsletter_subscribers,month,2016-08-01,,,,,No source value available for this period.,2026-05-28T23:59:30+00:00
newsletter_subscribers,month,2016-09-01,,,,,No source value available for this period.,2026-05-28T23:59:30+00:00
newsletter_subscribers,month,2016-10-01,,,,,No source value available for this period.,2026-05-28T23:59:30+00:00
newsletter_subscribers,month,2016-11-01,,,,,No source value available for this period.,2026-05-28T23:59:30+00:00
newsletter_subscribers,month,2016-12-01,,,,,No source value available for this period.,2026-05-28T23:59:30+00:00
newsletter_subscribers,month,2017-01-01,,,,,No source value available for this period.,2026-05-28T23:59:30+00:00
newsletter_subscribers,month,2017-02-01,,,,,No source value available for this period.,2026-05-28T23:59:30+00:00
newsletter_subscribers,month,2017-03-01,,,,,No source value available for this period.,2026-05-28T23:59:30+00:00
newsletter_subscribers,month,2017-04-01,,,,,No source value available for this period.,2026-05-28T23:59:30+00:00
newsletter_subscribers,month,2017-05-01,,,,,No source value available for this period.,2026-05-28T23:59:30+00:00
newsletter_subscribers,month,2017-06-01,,,,,No source value available for this period.,2026-05-28T23:59:30+00:00
newsletter_subscribers,month,2017-07-01,,,,,No source value available for this period.,2026-05-28T23:59:30+00:00
newsletter_subscribers,month,2017-08-01,,,,,No source value available for this period.,2026-05-28T23:59:30+00:00
newsletter_subscribers,month,2017-09-01,,,,,No source value available for this period.,2026-05-28T23:59:30+00:00
newsletter_subscribers,month,2017-10-01,,,,,No source value available for this period.,2026-05-28T23:59:30+00:00
newsletter_subscribers,month,2017-11-01,,,,,No source value available for this period.,2026-05-28T23:59:30+00:00
newsletter_subscribers,month,2017-12-01,,,,,No source value available for this period.,2026-05-28T23:59:30+00:00
newsletter_subscribers,month,2018-01-01,,,,,No source value available for this period.,2026-05-28T23:59:30+00:00
newsletter_subscribers,month,2018-02-01,,,,,No source value available for this period.,2026-05-28T23:59:30+00:00
newsletter_subscribers,month,2018-03-01,,,,,No source value available for this period.,2026-05-28T23:59:30+00:00
newsletter_subscribers,month,2018-04-01,,,,,No source value available for this period.,2026-05-28T23:59:30+00:00
newsletter_subscribers,month,2018-05-01,,,,,No source value available for this period.,2026-05-28T23:59:30+00:00
newsletter_subscribers,month,2018-06-01,,,,,No source value available for this period.,2026-05-28T23:59:30+00:00
newsletter_subscribers,month,2018-07-01,,,,,No source value available for this period.,2026-05-28T23:59:30+00:00
newsletter_subscribers,month,2018-08-01,,,,,No source value available for this period.,2026-05-28T23:59:30+00:00
newsletter_subscribers,month,2018-09-01,,,,,No source value available for this period.,2026-05-28T23:59:30+00:00
newsletter_subscribers,month,2018-10-01,,,,,No source value available for this period.,2026-05-28T23:59:30+00:00
newsletter_subscribers,month,2018-11-01,,,,,No source value available for this period.,2026-05-28T23:59:30+00:00
newsletter_subscribers,month,2018-12-01,,,,,No source value available for this period.,2026-05-28T23:59:30+00:00
newsletter_subscribers,month,2019-01-01,,,,,No source value available for this period.,2026-05-28T23:59:30+00:00
newsletter_subscribers,month,2019-02-01,,,,,No source value available for this period.,2026-05-28T23:59:30+00:00
newsletter_subscribers,month,2019-03-01,,,,,No source value available for this period.,2026-05-28T23:59:30+00:00
newsletter_subscribers,month,2019-04-01,,,,,No source value available for this period.,2026-05-28T23:59:30+00:00
newsletter_subscribers,month,2019-05-01,,,,,No source value available for this period.,2026-05-28T23:59:30+00:00
newsletter_subscribers,month,2019-06-01,,,,,No source value available for this period.,2026-05-28T23:59:30+00:00
newsletter_subscribers,month,2019-07-01,,,,,No source value available for this period.,2026-05-28T23:59:30+00:00
newsletter_subscribers,month,2019-08-01,,,,,No source value available for this period.,2026-05-28T23:59:30+00:00
newsletter_subscribers,month,2019-09-01,,,,,No source value available for this period.,2026-05-28T23:59:30+00:00
newsletter_subscribers,month,2019-10-01,,,,,No source value available for this period.,2026-05-28T23:59:30+00:00
newsletter_subscribers,month,2019-11-01,,,,,No source value available for this period.,2026-05-28T23:59:30+00:00
newsletter_subscribers,month,2019-12-01,,,,,No source value available for this period.,2026-05-28T23:59:30+00:00
newsletter_subscribers,month,2020-01-01,,,,,No source value available for this period.,2026-05-28T23:59:30+00:00
newsletter_subscribers,month,2020-02-01,,,,,No source value available for this period.,2026-05-28T23:59:30+00:00
newsletter_subscribers,month,2020-03-01,,,,,No source value available for this period.,2026-05-28T23:59:30+00:00
newsletter_subscribers,month,2020-04-01,,,,,No source value available for this period.,2026-05-28T23:59:30+00:00
newsletter_subscribers,month,2020-05-01,,,,,No source value available for this period.,2026-05-28T23:59:30+00:00
newsletter_subscribers,month,2020-06-01,,,,,No source value available for this period.,2026-05-28T23:59:30+00:00
newsletter_subscribers,month,2020-07-01,,,,,No source value available for this period.,2026-05-28T23:59:30+00:00
newsletter_subscribers,month,2020-08-01,,,,,No source value available for this period.,2026-05-28T23:59:30+00:00
newsletter_subscribers,month,2020-09-01,,,,,No source value available for this period.,2026-05-28T23:59:30+00:00
newsletter_subscribers,month,2020-10-01,,,,,No source value available for this period.,2026-05-28T23:59:30+00:00
newsletter_subscribers,month,2020-11-01,,,,,No source value available for this period.,2026-05-28T23:59:30+00:00
newsletter_subscribers,month,2020-12-01,,,,,No source value available for this period.,2026-05-28T23:59:30+00:00
newsletter_subscribers,month,2021-01-01,,,,,No source value available for this period.,2026-05-28T23:59:30+00:00
newsletter_subscribers,month,2021-02-01,,,,,No source value available for this period.,2026-05-28T23:59:30+00:00
newsletter_subscribers,month,2021-03-01,,,,,No source value available for this period.,2026-05-28T23:59:30+00:00
newsletter_subscribers,month,2021-04-01,,,,,No source value available for this period.,2026-05-28T23:59:30+00:00
newsletter_subscribers,month,2021-05-01,,,,,No source value available for this period.,2026-05-28T23:59:30+00:00
newsletter_subscribers,month,2021-06-01,,,,,No source value available for this period.,2026-05-28T23:59:30+00:00
newsletter_subscribers,month,2021-07-01,,,,,No source value available for this period.,2026-05-28T23:59:30+00:00
newsletter_subscribers,month,2021-08-01,,,,,No source value available for this period.,2026-05-28T23:59:30+00:00
newsletter_subscribers,month,2021-09-01,,,,,No source value available for this period.,2026-05-28T23:59:30+00:00
newsletter_subscribers,month,2021-10-01,,,,,No source value available for this period.,2026-05-28T23:59:30+00:00
newsletter_subscribers,month,2021-11-01,,,,,No source value available for this period.,2026-05-28T23:59:30+00:00
newsletter_subscribers,month,2021-12-01,,,,,No source value available for this period.,2026-05-28T23:59:30+00:00
newsletter_subscribers,month,2022-01-01,,,,,No source value available for this period.,2026-05-28T23:59:30+00:00
newsletter_subscribers,month,2022-02-01,,,,,No source value available for this period.,2026-05-28T23:59:30+00:00
newsletter_subscribers,month,2022-03-01,,,,,No source value available for this period.,2026-05-28T23:59:30+00:00
newsletter_subscribers,month,2022-04-01,,,,,No source value available for this period.,2026-05-28T23:59:30+00:00
newsletter_subscribers,month,2022-05-01,,,,,No source value available for this period.,2026-05-28T23:59:30+00:00
newsletter_subscribers,month,2022-06-01,,,,,No source value available for this period.,2026-05-28T23:59:30+00:00
newsletter_subscribers,month,2022-07-01,,,,,No source value available for this period.,2026-05-28T23:59:30+00:00
newsletter_subscribers,month,2022-08-01,,,,,No source value available for this period.,2026-05-28T23:59:30+00:00
newsletter_subscribers,month,2022-09-01,,,,,No source value available for this period.,2026-05-28T23:59:30+00:00
newsletter_subscribers,month,2022-10-01,,,,,No source value available for this period.,2026-05-28T23:59:30+00:00
newsletter_subscribers,month,2022-11-01,,,,,No source value available for this period.,2026-05-28T23:59:30+00:00
newsletter_subscribers,month,2022-12-01,,,,,No source value available for this period.,2026-05-28T23:59:30+00:00
newsletter_subscribers,month,2023-01-01,,,,,No source value available for this period.,2026-05-28T23:59:30+00:00
newsletter_subscribers,month,2023-02-01,,,,,No source value available for this period.,2026-05-28T23:59:30+00:00
newsletter_subscribers,month,2023-03-01,,,,,No source value available for this period.,2026-05-28T23:59:30+00:00
newsletter_subscribers,month,2023-04-01,,,,,No source value available for this period.,2026-05-28T23:59:30+00:00
newsletter_subscribers,month,2023-05-01,,,,,No source value available for this period.,2026-05-28T23:59:30+00:00
newsletter_subscribers,month,2023-06-01,,,,,No source value available for this period.,2026-05-28T23:59:30+00:00
newsletter_subscribers,month,2023-07-01,,,,,No source value available for this period.,2026-05-28T23:59:30+00:00
newsletter_subscribers,month,2023-08-01,,,,,No source value available for this period.,2026-05-28T23:59:30+00:00
newsletter_subscribers,month,2023-09-01,,,,,No source value available for this period.,2026-05-28T23:59:30+00:00
newsletter_subscribers,month,2023-10-01,,,,,No source value available for this period.,2026-05-28T23:59:30+00:00
newsletter_subscribers,month,2023-11-01,,,,,No source value available for this period.,2026-05-28T23:59:30+00:00
newsletter_subscribers,month,2023-12-01,,,,,No source value available for this period.,2026-05-28T23:59:30+00:00
newsletter_subscribers,month,2024-01-01,,,,,No source value available for this period.,2026-05-28T23:59:30+00:00
newsletter_subscribers,month,2024-02-01,,,,,No source value available for this period.,2026-05-28T23:59:30+00:00
newsletter_subscribers,month,2024-03-01,,,,,No source value available for this period.,2026-05-28T23:59:30+00:00
newsletter_subscribers,month,2024-04-01,,,,,No source value available for this period.,2026-05-28T23:59:30+00:00
newsletter_subscribers,month,2024-05-01,,,,,No source value available for this period.,2026-05-28T23:59:30+00:00
newsletter_subscribers,month,2024-06-01,,,,,No source value available for this period.,2026-05-28T23:59:30+00:00
newsletter_subscribers,month,2024-07-01,,,,,No source value available for this period.,2026-05-28T23:59:30+00:00
newsletter_subscribers,month,2024-08-01,,,,,No source value available for this period.,2026-05-28T23:59:30+00:00
newsletter_subscribers,month,2024-09-01,,,,,No source value available for this period.,2026-05-28T23:59:30+00:00
newsletter_subscribers,month,2024-10-01,,,,,No source value available for this period.,2026-05-28T23:59:30+00:00
newsletter_subscribers,month,2024-11-01,,,,,No source value available for this period.,2026-05-28T23:59:30+00:00
newsletter_subscribers,month,2024-12-01,,,,,No source value available for this period.,2026-05-28T23:59:30+00:00
newsletter_subscribers,month,2025-01-01,,,,,No source value available for this period.,2026-05-28T23:59:30+00:00
newsletter_subscribers,month,2025-02-01,,,,,No source value available for this period.,2026-05-28T23:59:30+00:00
newsletter_subscribers,month,2025-03-01,,,,,No source value available for this period.,2026-05-28T23:59:30+00:00
newsletter_subscribers,month,2025-04-01,,,,,No source value available for this period.,2026-05-28T23:59:30+00:00
newsletter_subscribers,month,2025-05-01,,,,,No source value available for this period.,2026-05-28T23:59:30+00:00
newsletter_subscribers,month,2025-06-01,,,,,No source value available for this period.,2026-05-28T23:59:30+00:00
newsletter_subscribers,month,2025-07-01,,,,,No source value available for this period.,2026-05-28T23:59:30+00:00
newsletter_subscribers,month,2025-08-01,,,,,No source value available for this period.,2026-05-28T23:59:30+00:00
newsletter_subscribers,month,2025-09-01,,,,,No source value available for this period.,2026-05-28T23:59:30+00:00
newsletter_subscribers,month,2025-10-01,,,,,No source value available for this period.,2026-05-28T23:59:30+00:00
newsletter_subscribers,month,2025-11-01,,,,,No source value available for this period.,2026-05-28T23:59:30+00:00
newsletter_subscribers,month,2025-12-01,,,,,No source value available for this period.,2026-05-28T23:59:30+00:00
newsletter_subscribers,month,2026-01-01,,,,,No source value available for this period.,2026-05-28T23:59:30+00:00
newsletter_subscribers,month,2026-02-01,,,,,No source value available for this period.,2026-05-28T23:59:30+00:00
newsletter_subscribers,month,2026-03-01,,,,,No source value available for this period.,2026-05-28T23:59:30+00:00
newsletter_subscribers,month,2026-04-01,,,,,No source value available for this period.,2026-05-28T23:59:30+00:00
newsletter_subscribers,month,2026-05-01,,,,,No source value available for this period.,2026-05-28T23:59:30+00:00
odrb_public_attendance,month,2013-11-01,,,,,No source value available for this period.,2026-05-28T23:59:30+00:00
odrb_public_attendance,month,2013-12-01,,,,,No source value available for this period.,2026-05-28T23:59:30+00:00
odrb_public_attendance,month,2014-01-01,,,,,No source value available for this period.,2026-05-28T23:59:30+00:00
odrb_public_attendance,month,2014-02-01,,,,,No source value available for this period.,2026-05-28T23:59:30+00:00
odrb_public_attendance,month,2014-03-01,,,,,No source value available for this period.,2026-05-28T23:59:30+00:00
odrb_public_attendance,month,2014-04-01,,,,,No source value available for this period.,2026-05-28T23:59:30+00:00
odrb_public_attendance,month,2014-05-01,,,,,No source value available for this period.,2026-05-28T23:59:30+00:00
odrb_public_attendance,month,2014-06-01,,,,,No source value available for this period.,2026-05-28T23:59:30+00:00
odrb_public_attendance,month,2014-07-01,,,,,No source value available for this period.,2026-05-28T23:59:30+00:00
odrb_public_attendance,month,2014-08-01,,,,,No source value available for this period.,2026-05-28T23:59:30+00:00
odrb_public_attendance,month,2014-09-01,,,,,No source value available for this period.,2026-05-28T23:59:30+00:00
odrb_public_attendance,month,2014-10-01,,,,,No source value available for this period.,2026-05-28T23:59:30+00:00
odrb_public_attendance,month,2014-11-01,,,,,No source value available for this period.,2026-05-28T23:59:30+00:00
odrb_public_attendance,month,2014-12-01,,,,,No source value available for this period.,2026-05-28T23:59:30+00:00
odrb_public_attendance,month,2015-01-01,,,,,No source value available for this period.,2026-05-28T23:59:30+00:00
odrb_public_attendance,month,2015-02-01,,,,,No source value available for this period.,2026-05-28T23:59:30+00:00
odrb_public_attendance,month,2015-03-01,,,,,No source value available for this period.,2026-05-28T23:59:30+00:00
odrb_public_attendance,month,2015-04-01,,,,,No source value available for this period.,2026-05-28T23:59:30+00:00
odrb_public_attendance,month,2015-05-01,,,,,No source value available for this period.,2026-05-28T23:59:30+00:00
odrb_public_attendance,month,2015-06-01,,,,,No source value available for this period.,2026-05-28T23:59:30+00:00
odrb_public_attendance,month,2015-07-01,,,,,No source value available for this period.,2026-05-28T23:59:30+00:00
odrb_public_attendance,month,2015-08-01,,,,,No source value available for this period.,2026-05-28T23:59:30+00:00
odrb_public_attendance,month,2015-09-01,,,,,No source value available for this period.,2026-05-28T23:59:30+00:00
odrb_public_attendance,month,2015-10-01,,,,,No source value available for this period.,2026-05-28T23:59:30+00:00
odrb_public_attendance,month,2015-11-01,,,,,No source value available for this period.,2026-05-28T23:59:30+00:00
odrb_public_attendance,month,2015-12-01,,,,,No source value available for this period.,2026-05-28T23:59:30+00:00
odrb_public_attendance,month,2016-01-01,,,,,No source value available for this period.,2026-05-28T23:59:30+00:00
odrb_public_attendance,month,2016-02-01,,,,,No source value available for this period.,2026-05-28T23:59:30+00:00
odrb_public_attendance,month,2016-03-01,,,,,No source value available for this period.,2026-05-28T23:59:30+00:00
odrb_public_attendance,month,2016-04-01,,,,,No source value available for this period.,2026-05-28T23:59:30+00:00
odrb_public_attendance,month,2016-05-01,,,,,No source value available for this period.,2026-05-28T23:59:30+00:00
odrb_public_attendance,month,2016-06-01,,,,,No source value available for this period.,2026-05-28T23:59:30+00:00
odrb_public_attendance,month,2016-07-01,,,,,No source value available for this period.,2026-05-28T23:59:30+00:00
odrb_public_attendance,month,2016-08-01,,,,,No source value available for this period.,2026-05-28T23:59:30+00:00
odrb_public_attendance,month,2016-09-01,,,,,No source value available for this period.,2026-05-28T23:59:30+00:00
odrb_public_attendance,month,2016-10-01,,,,,No source value available for this period.,2026-05-28T23:59:30+00:00
odrb_public_attendance,month,2016-11-01,,,,,No source value available for this period.,2026-05-28T23:59:30+00:00
odrb_public_attendance,month,2016-12-01,,,,,No source value available for this period.,2026-05-28T23:59:30+00:00
odrb_public_attendance,month,2017-01-01,,,,,No source value available for this period.,2026-05-28T23:59:30+00:00
odrb_public_attendance,month,2017-02-01,,,,,No source value available for this period.,2026-05-28T23:59:30+00:00
odrb_public_attendance,month,2017-03-01,,,,,No source value available for this period.,2026-05-28T23:59:30+00:00
odrb_public_attendance,month,2017-04-01,,,,,No source value available for this period.,2026-05-28T23:59:30+00:00
odrb_public_attendance,month,2017-05-01,,,,,No source value available for this period.,2026-05-28T23:59:30+00:00
odrb_public_attendance,month,2017-06-01,,,,,No source value available for this period.,2026-05-28T23:59:30+00:00
odrb_public_attendance,month,2017-07-01,,,,,No source value available for this period.,2026-05-28T23:59:30+00:00
odrb_public_attendance,month,2017-08-01,,,,,No source value available for this period.,2026-05-28T23:59:30+00:00
odrb_public_attendance,month,2017-09-01,,,,,No source value available for this period.,2026-05-28T23:59:30+00:00
odrb_public_attendance,month,2017-10-01,,,,,No source value available for this period.,2026-05-28T23:59:30+00:00
odrb_public_attendance,month,2017-11-01,,,,,No source value available for this period.,2026-05-28T23:59:30+00:00
odrb_public_attendance,month,2017-12-01,,,,,No source value available for this period.,2026-05-28T23:59:30+00:00
odrb_public_attendance,month,2018-01-01,,,,,No source value available for this period.,2026-05-28T23:59:30+00:00
odrb_public_attendance,month,2018-02-01,,,,,No source value available for this period.,2026-05-28T23:59:30+00:00
odrb_public_attendance,month,2018-03-01,,,,,No source value available for this period.,2026-05-28T23:59:30+00:00
odrb_public_attendance,month,2018-04-01,,,,,No source value available for this period.,2026-05-28T23:59:30+00:00
odrb_public_attendance,month,2018-05-01,,,,,No source value available for this period.,2026-05-28T23:59:30+00:00
odrb_public_attendance,month,2018-06-01,,,,,No source value available for this period.,2026-05-28T23:59:30+00:00
odrb_public_attendance,month,2018-07-01,,,,,No source value available for this period.,2026-05-28T23:59:30+00:00
odrb_public_attendance,month,2018-08-01,,,,,No source value available for this period.,2026-05-28T23:59:30+00:00
odrb_public_attendance,month,2018-09-01,,,,,No source value available for this period.,2026-05-28T23:59:30+00:00
odrb_public_attendance,month,2018-10-01,,,,,No source value available for this period.,2026-05-28T23:59:30+00:00
odrb_public_attendance,month,2018-11-01,,,,,No source value available for this period.,2026-05-28T23:59:30+00:00
odrb_public_attendance,month,2018-12-01,,,,,No source value available for this period.,2026-05-28T23:59:30+00:00
odrb_public_attendance,month,2019-01-01,,,,,No source value available for this period.,2026-05-28T23:59:30+00:00
odrb_public_attendance,month,2019-02-01,,,,,No source value available for this period.,2026-05-28T23:59:30+00:00
odrb_public_attendance,month,2019-03-01,,,,,No source value available for this period.,2026-05-28T23:59:30+00:00
odrb_public_attendance,month,2019-04-01,,,,,No source value available for this period.,2026-05-28T23:59:30+00:00
odrb_public_attendance,month,2019-05-01,,,,,No source value available for this period.,2026-05-28T23:59:30+00:00
odrb_public_attendance,month,2019-06-01,,,,,No source value available for this period.,2026-05-28T23:59:30+00:00
odrb_public_attendance,month,2019-07-01,,,,,No source value available for this period.,2026-05-28T23:59:30+00:00
odrb_public_attendance,month,2019-08-01,,,,,No source value available for this period.,2026-05-28T23:59:30+00:00
odrb_public_attendance,month,2019-09-01,,,,,No source value available for this period.,2026-05-28T23:59:30+00:00
odrb_public_attendance,month,2019-10-01,,,,,No source value available for this period.,2026-05-28T23:59:30+00:00
odrb_public_attendance,month,2019-11-01,,,,,No source value available for this period.,2026-05-28T23:59:30+00:00
odrb_public_attendance,month,2019-12-01,,,,,No source value available for this period.,2026-05-28T23:59:30+00:00
odrb_public_attendance,month,2020-01-01,,,,,No source value available for this period.,2026-05-28T23:59:30+00:00
odrb_public_attendance,month,2020-02-01,,,,,No source value available for this period.,2026-05-28T23:59:30+00:00
odrb_public_attendance,month,2020-03-01,,,,,No source value available for this period.,2026-05-28T23:59:30+00:00
odrb_public_attendance,month,2020-04-01,,,,,No source value available for this period.,2026-05-28T23:59:30+00:00
odrb_public_attendance,month,2020-05-01,,,,,No source value available for this period.,2026-05-28T23:59:30+00:00
odrb_public_attendance,month,2020-06-01,,,,,No source value available for this period.,2026-05-28T23:59:30+00:00
odrb_public_attendance,month,2020-07-01,,,,,No source value available for this period.,2026-05-28T23:59:30+00:00
odrb_public_attendance,month,2020-08-01,,,,,No source value available for this period.,2026-05-28T23:59:30+00:00
odrb_public_attendance,month,2020-09-01,,,,,No source value available for this period.,2026-05-28T23:59:30+00:00
odrb_public_attendance,month,2020-10-01,,,,,No source value available for this period.,2026-05-28T23:59:30+00:00
odrb_public_attendance,month,2020-11-01,,,,,No source value available for this period.,2026-05-28T23:59:30+00:00
odrb_public_attendance,month,2020-12-01,,,,,No source value available for this period.,2026-05-28T23:59:30+00:00
odrb_public_attendance,month,2021-01-01,,,,,No source value available for this period.,2026-05-28T23:59:30+00:00
odrb_public_attendance,month,2021-02-01,,,,,No source value available for this period.,2026-05-28T23:59:30+00:00
odrb_public_attendance,month,2021-03-01,,,,,No source value available for this period.,2026-05-28T23:59:30+00:00
odrb_public_attendance,month,2021-04-01,,,,,No source value available for this period.,2026-05-28T23:59:30+00:00
odrb_public_attendance,month,2021-05-01,,,,,No source value available for this period.,2026-05-28T23:59:30+00:00
odrb_public_attendance,month,2021-06-01,,,,,No source value available for this period.,2026-05-28T23:59:30+00:00
odrb_public_attendance,month,2021-07-01,,,,,No source value available for this period.,2026-05-28T23:59:30+00:00
odrb_public_attendance,month,2021-08-01,,,,,No source value available for this period.,2026-05-28T23:59:30+00:00
odrb_public_attendance,month,2021-09-01,,,,,No source value available for this period.,2026-05-28T23:59:30+00:00
odrb_public_attendance,month,2021-10-01,,,,,No source value available for this period.,2026-05-28T23:59:30+00:00
odrb_public_attendance,month,2021-11-01,,,,,No source value available for this period.,2026-05-28T23:59:30+00:00
odrb_public_attendance,month,2021-12-01,,,,,No source value available for this period.,2026-05-28T23:59:30+00:00
odrb_public_attendance,month,2022-01-01,,,,,No source value available for this period.,2026-05-28T23:59:30+00:00
odrb_public_attendance,month,2022-02-01,,,,,No source value available for this period.,2026-05-28T23:59:30+00:00
odrb_public_attendance,month,2022-03-01,,,,,No source value available for this period.,2026-05-28T23:59:30+00:00
odrb_public_attendance,month,2022-04-01,,,,,No source value available for this period.,2026-05-28T23:59:30+00:00
odrb_public_attendance,month,2022-05-01,,,,,No source value available for this period.,2026-05-28T23:59:30+00:00
odrb_public_attendance,month,2022-06-01,,,,,No source value available for this period.,2026-05-28T23:59:30+00:00
odrb_public_attendance,month,2022-07-01,,,,,No source value available for this period.,2026-05-28T23:59:30+00:00
odrb_public_attendance,month,2022-08-01,,,,,No source value available for this period.,2026-05-28T23:59:30+00:00
odrb_public_attendance,month,2022-09-01,,,,,No source value available for this period.,2026-05-28T23:59:30+00:00
odrb_public_attendance,month,2022-10-01,,,,,No source value available for this period.,2026-05-28T23:59:30+00:00
odrb_public_attendance,month,2022-11-01,,,,,No source value available for this period.,2026-05-28T23:59:30+00:00
odrb_public_attendance,month,2022-12-01,,,,,No source value available for this period.,2026-05-28T23:59:30+00:00
odrb_public_attendance,month,2023-01-01,,,,,No source value available for this period.,2026-05-28T23:59:30+00:00
odrb_public_attendance,month,2023-02-01,,,,,No source value available for this period.,2026-05-28T23:59:30+00:00
odrb_public_attendance,month,2023-03-01,,,,,No source value available for this period.,2026-05-28T23:59:30+00:00
odrb_public_attendance,month,2023-04-01,,,,,No source value available for this period.,2026-05-28T23:59:30+00:00
odrb_public_attendance,month,2023-05-01,,,,,No source value available for this period.,2026-05-28T23:59:30+00:00
odrb_public_attendance,month,2023-06-01,,,,,No source value available for this period.,2026-05-28T23:59:30+00:00
odrb_public_attendance,month,2023-07-01,,,,,No source value available for this period.,2026-05-28T23:59:30+00:00
odrb_public_attendance,month,2023-08-01,,,,,No source value available for this period.,2026-05-28T23:59:30+00:00
odrb_public_attendance,month,2023-09-01,,,,,No source value available for this period.,2026-05-28T23:59:30+00:00
odrb_public_attendance,month,2023-10-01,,,,,No source value available for this period.,2026-05-28T23:59:30+00:00
odrb_public_attendance,month,2023-11-01,,,,,No source value available for this period.,2026-05-28T23:59:30+00:00
odrb_public_attendance,month,2023-12-01,,,,,No source value available for this period.,2026-05-28T23:59:30+00:00
odrb_public_attendance,month,2024-01-01,,,,,No source value available for this period.,2026-05-28T23:59:30+00:00
odrb_public_attendance,month,2024-02-01,,,,,No source value available for this period.,2026-05-28T23:59:30+00:00
odrb_public_attendance,month,2024-03-01,,,,,No source value available for this period.,2026-05-28T23:59:30+00:00
odrb_public_attendance,month,2024-04-01,,,,,No source value available for this period.,2026-05-28T23:59:30+00:00
odrb_public_attendance,month,2024-05-01,,,,,No source value available for this period.,2026-05-28T23:59:30+00:00
odrb_public_attendance,month,2024-06-01,,,,,No source value available for this period.,2026-05-28T23:59:30+00:00
odrb_public_attendance,month,2024-07-01,,,,,No source value available for this period.,2026-05-28T23:59:30+00:00
odrb_public_attendance,month,2024-08-01,,,,,No source value available for this period.,2026-05-28T23:59:30+00:00
odrb_public_attendance,month,2024-09-01,,,,,No source value available for this period.,2026-05-28T23:59:30+00:00
odrb_public_attendance,month,2024-10-01,,,,,No source value available for this period.,2026-05-28T23:59:30+00:00
odrb_public_attendance,month,2024-11-01,,,,,No source value available for this period.,2026-05-28T23:59:30+00:00
odrb_public_attendance,month,2024-12-01,,,,,No source value available for this period.,2026-05-28T23:59:30+00:00
odrb_public_attendance,month,2025-01-01,,,,,No source value available for this period.,2026-05-28T23:59:30+00:00
odrb_public_attendance,month,2025-02-01,,,,,No source value available for this period.,2026-05-28T23:59:30+00:00
odrb_public_attendance,month,2025-03-01,,,,,No source value available for this period.,2026-05-28T23:59:30+00:00
odrb_public_attendance,month,2025-04-01,,,,,No source value available for this period.,2026-05-28T23:59:30+00:00
odrb_public_attendance,month,2025-05-01,,,,,No source value available for this period.,2026-05-28T23:59:30+00:00
odrb_public_attendance,month,2025-06-01,,,,,No source value available for this period.,2026-05-28T23:59:30+00:00
odrb_public_attendance,month,2025-07-01,,,,,No source value available for this period.,2026-05-28T23:59:30+00:00
odrb_public_attendance,month,2025-08-01,,,,,No source value available for this period.,2026-05-28T23:59:30+00:00
odrb_public_attendance,month,2025-09-01,,,,,No source value available for this period.,2026-05-28T23:59:30+00:00
odrb_public_attendance,month,2025-10-01,,,,,No source value available for this period.,2026-05-28T23:59:30+00:00
odrb_public_attendance,month,2025-11-01,,,,,No source value available for this period.,2026-05-28T23:59:30+00:00
odrb_public_attendance,month,2025-12-01,,,,,No source value available for this period.,2026-05-28T23:59:30+00:00
odrb_public_attendance,month,2026-01-01,,,,,No source value available for this period.,2026-05-28T23:59:30+00:00
odrb_public_attendance,month,2026-02-01,,,,,No source value available for this period.,2026-05-28T23:59:30+00:00
odrb_public_attendance,month,2026-03-01,,,,,No source value available for this period.,2026-05-28T23:59:30+00:00
odrb_public_attendance,month,2026-04-01,,,,,No source value available for this period.,2026-05-28T23:59:30+00:00
odrb_public_attendance,month,2026-05-01,,,,,No source value available for this period.,2026-05-28T23:59:30+00:00
portal_logins,month,2013-11-01,,,,,,2026-05-28T23:59:30+00:00
portal_logins,month,2013-12-01,,,,,,2026-05-28T23:59:30+00:00
portal_logins,month,2014-01-01,,,,,,2026-05-28T23:59:30+00:00
portal_logins,month,2014-02-01,,,,,,2026-05-28T23:59:30+00:00
portal_logins,month,2014-03-01,,,,,,2026-05-28T23:59:30+00:00
portal_logins,month,2014-04-01,,,,,,2026-05-28T23:59:30+00:00
portal_logins,month,2014-05-01,,,,,,2026-05-28T23:59:30+00:00
portal_logins,month,2014-06-01,,,,,,2026-05-28T23:59:30+00:00
portal_logins,month,2014-07-01,,,,,,2026-05-28T23:59:30+00:00
portal_logins,month,2014-08-01,,,,,,2026-05-28T23:59:30+00:00
portal_logins,month,2014-09-01,,,,,,2026-05-28T23:59:30+00:00
portal_logins,month,2014-10-01,,,,,,2026-05-28T23:59:30+00:00
portal_logins,month,2014-11-01,,,,,,2026-05-28T23:59:30+00:00
portal_logins,month,2014-12-01,,,,,,2026-05-28T23:59:30+00:00
portal_logins,month,2015-01-01,,,,,,2026-05-28T23:59:30+00:00
portal_logins,month,2015-02-01,,,,,,2026-05-28T23:59:30+00:00
portal_logins,month,2015-03-01,,,,,,2026-05-28T23:59:30+00:00
portal_logins,month,2015-04-01,,,,,,2026-05-28T23:59:30+00:00
portal_logins,month,2015-05-01,,,,,,2026-05-28T23:59:30+00:00
portal_logins,month,2015-06-01,,,,,,2026-05-28T23:59:30+00:00
portal_logins,month,2015-07-01,,,,,,2026-05-28T23:59:30+00:00
portal_logins,month,2015-08-01,,,,,,2026-05-28T23:59:30+00:00
portal_logins,month,2015-09-01,,,,,,2026-05-28T23:59:30+00:00
portal_logins,month,2015-10-01,,,,,,2026-05-28T23:59:30+00:00
portal_logins,month,2015-11-01,,,,,,2026-05-28T23:59:30+00:00
portal_logins,month,2015-12-01,,,,,,2026-05-28T23:59:30+00:00
portal_logins,month,2016-01-01,,,,,,2026-05-28T23:59:30+00:00
portal_logins,month,2016-02-01,,,,,,2026-05-28T23:59:30+00:00
portal_logins,month,2016-03-01,,,,,,2026-05-28T23:59:30+00:00
portal_logins,month,2016-04-01,,,,,,2026-05-28T23:59:30+00:00
portal_logins,month,2016-05-01,,,,,,2026-05-28T23:59:30+00:00
portal_logins,month,2016-06-01,,,,,,2026-05-28T23:59:30+00:00
portal_logins,month,2016-07-01,,,,,,2026-05-28T23:59:30+00:00
portal_logins,month,2016-08-01,,,,,,2026-05-28T23:59:30+00:00
portal_logins,month,2016-09-01,,,,,,2026-05-28T23:59:30+00:00
portal_logins,month,2016-10-01,,,,,,2026-05-28T23:59:30+00:00
portal_logins,month,2016-11-01,,,,,,2026-05-28T23:59:30+00:00
portal_logins,month,2016-12-01,,,,,,2026-05-28T23:59:30+00:00
portal_logins,month,2017-01-01,,,,,,2026-05-28T23:59:30+00:00
portal_logins,month,2017-02-01,,,,,,2026-05-28T23:59:30+00:00
portal_logins,month,2017-03-01,,,,,,2026-05-28T23:59:30+00:00
portal_logins,month,2017-04-01,,,,,,2026-05-28T23:59:30+00:00
portal_logins,month,2017-05-01,,,,,,2026-05-28T23:59:30+00:00
portal_logins,month,2017-06-01,,,,,,2026-05-28T23:59:30+00:00
portal_logins,month,2017-07-01,,,,,,2026-05-28T23:59:30+00:00
portal_logins,month,2017-08-01,,,,,,2026-05-28T23:59:30+00:00
portal_logins,month,2017-09-01,,,,,,2026-05-28T23:59:30+00:00
portal_logins,month,2017-10-01,,,,,,2026-05-28T23:59:30+00:00
portal_logins,month,2017-11-01,,,,,,2026-05-28T23:59:30+00:00
portal_logins,month,2017-12-01,,,,,,2026-05-28T23:59:30+00:00
portal_logins,month,2018-01-01,,,,,,2026-05-28T23:59:30+00:00
portal_logins,month,2018-02-01,,,,,,2026-05-28T23:59:30+00:00
portal_logins,month,2018-03-01,,,,,,2026-05-28T23:59:30+00:00
portal_logins,month,2018-04-01,,,,,,2026-05-28T23:59:30+00:00
portal_logins,month,2018-05-01,,,,,,2026-05-28T23:59:30+00:00
portal_logins,month,2018-06-01,,,,,,2026-05-28T23:59:30+00:00
portal_logins,month,2018-07-01,,,,,,2026-05-28T23:59:30+00:00
portal_logins,month,2018-08-01,,,,,,2026-05-28T23:59:30+00:00
portal_logins,month,2018-09-01,,,,,,2026-05-28T23:59:30+00:00
portal_logins,month,2018-10-01,,,,,,2026-05-28T23:59:30+00:00
portal_logins,month,2018-11-01,,,,,,2026-05-28T23:59:30+00:00
portal_logins,month,2018-12-01,,,,,,2026-05-28T23:59:30+00:00
portal_logins,month,2019-01-01,,,,,,2026-05-28T23:59:30+00:00
portal_logins,month,2019-02-01,,,,,,2026-05-28T23:59:30+00:00
portal_logins,month,2019-03-01,,,,,,2026-05-28T23:59:30+00:00
portal_logins,month,2019-04-01,,,,,,2026-05-28T23:59:30+00:00
portal_logins,month,2019-05-01,,,,,,2026-05-28T23:59:30+00:00
portal_logins,month,2019-06-01,,,,,,2026-05-28T23:59:30+00:00
portal_logins,month,2019-07-01,,,,,,2026-05-28T23:59:30+00:00
portal_logins,month,2019-08-01,,,,,,2026-05-28T23:59:30+00:00
portal_logins,month,2019-09-01,,,,,,2026-05-28T23:59:30+00:00
portal_logins,month,2019-10-01,,,,,,2026-05-28T23:59:30+00:00
portal_logins,month,2019-11-01,,,,,,2026-05-28T23:59:30+00:00
portal_logins,month,2019-12-01,,,,,,2026-05-28T23:59:30+00:00
portal_logins,month,2020-01-01,,,,,,2026-05-28T23:59:30+00:00
portal_logins,month,2020-02-01,51,,,hbqn-78w5,,2026-05-28T23:59:30+00:00
portal_logins,month,2020-03-01,66,,,hbqn-78w5,,2026-05-28T23:59:30+00:00
portal_logins,month,2020-04-01,37,,,hbqn-78w5,,2026-05-28T23:59:30+00:00
portal_logins,month,2020-05-01,24,,,hbqn-78w5,,2026-05-28T23:59:30+00:00
portal_logins,month,2020-06-01,32,,,hbqn-78w5,,2026-05-28T23:59:30+00:00
portal_logins,month,2020-07-01,32,,,hbqn-78w5,,2026-05-28T23:59:30+00:00
portal_logins,month,2020-08-01,29,,,hbqn-78w5,,2026-05-28T23:59:30+00:00
portal_logins,month,2020-09-01,43,,,hbqn-78w5,,2026-05-28T23:59:30+00:00
portal_logins,month,2020-10-01,41,,,hbqn-78w5,,2026-05-28T23:59:30+00:00
portal_logins,month,2020-11-01,44,,,hbqn-78w5,,2026-05-28T23:59:30+00:00
portal_logins,month,2020-12-01,41,,,hbqn-78w5,,2026-05-28T23:59:30+00:00
portal_logins,month,2021-01-01,13,,,hbqn-78w5,,2026-05-28T23:59:30+00:00
portal_logins,month,2021-02-01,20,,,hbqn-78w5,,2026-05-28T23:59:30+00:00
portal_logins,month,2021-03-01,47,,,hbqn-78w5,,2026-05-28T23:59:30+00:00
portal_logins,month,2021-04-01,40,,,hbqn-78w5,,2026-05-28T23:59:30+00:00
portal_logins,month,2021-05-01,68,,,hbqn-78w5,,2026-05-28T23:59:30+00:00
portal_logins,month,2021-06-01,51,,,hbqn-78w5,,2026-05-28T23:59:30+00:00
portal_logins,month,2021-07-01,23,,,hbqn-78w5,,2026-05-28T23:59:30+00:00
portal_logins,month,2021-08-01,43,,,hbqn-78w5,,2026-05-28T23:59:30+00:00
portal_logins,month,2021-09-01,27,,,hbqn-78w5,,2026-05-28T23:59:30+00:00
portal_logins,month,2021-10-01,25,,,hbqn-78w5,,2026-05-28T23:59:30+00:00
portal_logins,month,2021-11-01,29,,,hbqn-78w5,,2026-05-28T23:59:30+00:00
portal_logins,month,2021-12-01,63,,,hbqn-78w5,,2026-05-28T23:59:30+00:00
portal_logins,month,2022-01-01,57,,,hbqn-78w5,,2026-05-28T23:59:30+00:00
portal_logins,month,2022-02-01,66,,,hbqn-78w5,,2026-05-28T23:59:30+00:00
portal_logins,month,2022-03-01,109,,,hbqn-78w5,,2026-05-28T23:59:30+00:00
portal_logins,month,2022-04-01,86,,,hbqn-78w5,,2026-05-28T23:59:30+00:00
portal_logins,month,2022-05-01,61,,,hbqn-78w5,,2026-05-28T23:59:30+00:00
portal_logins,month,2022-06-01,54,,,hbqn-78w5,,2026-05-28T23:59:30+00:00
portal_logins,month,2022-07-01,47,,,hbqn-78w5,,2026-05-28T23:59:30+00:00
portal_logins,month,2022-08-01,53,,,hbqn-78w5,,2026-05-28T23:59:30+00:00
portal_logins,month,2022-09-01,53,,,hbqn-78w5,,2026-05-28T23:59:30+00:00
portal_logins,month,2022-10-01,29,,,hbqn-78w5,,2026-05-28T23:59:30+00:00
portal_logins,month,2022-11-01,24,,,hbqn-78w5,,2026-05-28T23:59:30+00:00
portal_logins,month,2022-12-01,38,,,hbqn-78w5,,2026-05-28T23:59:30+00:00
portal_logins,month,2023-01-01,58,,,hbqn-78w5,,2026-05-28T23:59:30+00:00
portal_logins,month,2023-02-01,33,,,hbqn-78w5,,2026-05-28T23:59:30+00:00
portal_logins,month,2023-03-01,68,,,hbqn-78w5,,2026-05-28T23:59:30+00:00
portal_logins,month,2023-04-01,70,,,hbqn-78w5,,2026-05-28T23:59:30+00:00
portal_logins,month,2023-05-01,84,,,hbqn-78w5,,2026-05-28T23:59:30+00:00
portal_logins,month,2023-06-01,86,,,hbqn-78w5,,2026-05-28T23:59:30+00:00
portal_logins,month,2023-07-01,44,,,hbqn-78w5,,2026-05-28T23:59:30+00:00
portal_logins,month,2023-08-01,63,,,hbqn-78w5,,2026-05-28T23:59:30+00:00
portal_logins,month,2023-09-01,52,,,hbqn-78w5,,2026-05-28T23:59:30+00:00
portal_logins,month,2023-10-01,75,,,hbqn-78w5,,2026-05-28T23:59:30+00:00
portal_logins,month,2023-11-01,85,,,hbqn-78w5,,2026-05-28T23:59:30+00:00
portal_logins,month,2023-12-01,65,,,hbqn-78w5,,2026-05-28T23:59:30+00:00
portal_logins,month,2024-01-01,95,,,hbqn-78w5,,2026-05-28T23:59:30+00:00
portal_logins,month,2024-02-01,84,,,hbqn-78w5,,2026-05-28T23:59:30+00:00
portal_logins,month,2024-03-01,66,,,hbqn-78w5,,2026-05-28T23:59:30+00:00
portal_logins,month,2024-04-01,90,,,hbqn-78w5,,2026-05-28T23:59:30+00:00
portal_logins,month,2024-05-01,61,,,hbqn-78w5,,2026-05-28T23:59:30+00:00
portal_logins,month,2024-06-01,113,,,hbqn-78w5,,2026-05-28T23:59:30+00:00
portal_logins,month,2024-07-01,175,,,hbqn-78w5,,2026-05-28T23:59:30+00:00
portal_logins,month,2024-08-01,63,,,hbqn-78w5,,2026-05-28T23:59:30+00:00
portal_logins,month,2024-09-01,83,,,hbqn-78w5,,2026-05-28T23:59:30+00:00
portal_logins,month,2024-10-01,96,,,hbqn-78w5,,2026-05-28T23:59:30+00:00
portal_logins,month,2024-11-01,107,,,hbqn-78w5,,2026-05-28T23:59:30+00:00
portal_logins,month,2024-12-01,117,,,hbqn-78w5,,2026-05-28T23:59:30+00:00
portal_logins,month,2025-01-01,154,,,hbqn-78w5,,2026-05-28T23:59:30+00:00
portal_logins,month,2025-02-01,103,,,hbqn-78w5,,2026-05-28T23:59:30+00:00
portal_logins,month,2025-03-01,124,,,hbqn-78w5,,2026-05-28T23:59:30+00:00
portal_logins,month,2025-04-01,111,,,hbqn-78w5,,2026-05-28T23:59:30+00:00
portal_logins,month,2025-05-01,68,,,hbqn-78w5,,2026-05-28T23:59:30+00:00
portal_logins,month,2025-06-01,97,,,hbqn-78w5,,2026-05-28T23:59:30+00:00
portal_logins,month,2025-07-01,102,,,hbqn-78w5,,2026-05-28T23:59:30+00:00
portal_logins,month,2025-08-01,164,,,hbqn-78w5,,2026-05-28T23:59:30+00:00
portal_logins,month,2025-09-01,115,,,hbqn-78w5,,2026-05-28T23:59:30+00:00
portal_logins,month,2025-10-01,88,,,hbqn-78w5,,2026-05-28T23:59:30+00:00
portal_logins,month,2025-11-01,88,,,hbqn-78w5,,2026-05-28T23:59:30+00:00
portal_logins,month,2025-12-01,99,,,hbqn-78w5,,2026-05-28T23:59:30+00:00
portal_logins,month,2026-01-01,105,,,hbqn-78w5,,2026-05-28T23:59:30+00:00
portal_logins,month,2026-02-01,160,,,hbqn-78w5,,2026-05-28T23:59:30+00:00
portal_logins,month,2026-03-01,103,,,hbqn-78w5,,2026-05-28T23:59:30+00:00
portal_logins,month,2026-04-01,130,,,hbqn-78w5,,2026-05-28T23:59:30+00:00
portal_logins,month,2026-05-01,129,,,hbqn-78w5,,2026-05-28T23:59:30+00:00
portal_logins,year,2020-01-01,440,,,,Aggregated from monthly values using sum.,2026-05-28T23:59:30+00:00
portal_logins,year,2021-01-01,449,,,,Aggregated from monthly values using sum.,2026-05-28T23:59:30+00:00
portal_logins,year,2022-01-01,677,,,,Aggregated from monthly values using sum.,2026-05-28T23:59:30+00:00
portal_logins,year,2023-01-01,783,,,,Aggregated from monthly values using sum.,2026-05-28T23:59:30+00:00
portal_logins,year,2024-01-01,1150,,,,Aggregated from monthly values using sum.,2026-05-28T23:59:30+00:00
portal_logins,year,2025-01-01,1313,,,,Aggregated from monthly values using sum.,2026-05-28T23:59:30+00:00
portal_logins,year,2026-01-01,627,,,,Aggregated from monthly values using sum.,2026-05-28T23:59:30+00:00
privacy_inquiries_requests,month,2013-11-01,,,,,No source value available for this period.,2026-05-28T23:59:30+00:00
privacy_inquiries_requests,month,2013-12-01,,,,,No source value available for this period.,2026-05-28T23:59:30+00:00
privacy_inquiries_requests,month,2014-01-01,,,,,No source value available for this period.,2026-05-28T23:59:30+00:00
privacy_inquiries_requests,month,2014-02-01,,,,,No source value available for this period.,2026-05-28T23:59:30+00:00
privacy_inquiries_requests,month,2014-03-01,,,,,No source value available for this period.,2026-05-28T23:59:30+00:00
privacy_inquiries_requests,month,2014-04-01,,,,,No source value available for this period.,2026-05-28T23:59:30+00:00
privacy_inquiries_requests,month,2014-05-01,,,,,No source value available for this period.,2026-05-28T23:59:30+00:00
privacy_inquiries_requests,month,2014-06-01,,,,,No source value available for this period.,2026-05-28T23:59:30+00:00
privacy_inquiries_requests,month,2014-07-01,,,,,No source value available for this period.,2026-05-28T23:59:30+00:00
privacy_inquiries_requests,month,2014-08-01,,,,,No source value available for this period.,2026-05-28T23:59:30+00:00
privacy_inquiries_requests,month,2014-09-01,,,,,No source value available for this period.,2026-05-28T23:59:30+00:00
privacy_inquiries_requests,month,2014-10-01,,,,,No source value available for this period.,2026-05-28T23:59:30+00:00
privacy_inquiries_requests,month,2014-11-01,,,,,No source value available for this period.,2026-05-28T23:59:30+00:00
privacy_inquiries_requests,month,2014-12-01,,,,,No source value available for this period.,2026-05-28T23:59:30+00:00
privacy_inquiries_requests,month,2015-01-01,,,,,No source value available for this period.,2026-05-28T23:59:30+00:00
privacy_inquiries_requests,month,2015-02-01,,,,,No source value available for this period.,2026-05-28T23:59:30+00:00
privacy_inquiries_requests,month,2015-03-01,,,,,No source value available for this period.,2026-05-28T23:59:30+00:00
privacy_inquiries_requests,month,2015-04-01,,,,,No source value available for this period.,2026-05-28T23:59:30+00:00
privacy_inquiries_requests,month,2015-05-01,,,,,No source value available for this period.,2026-05-28T23:59:30+00:00
privacy_inquiries_requests,month,2015-06-01,,,,,No source value available for this period.,2026-05-28T23:59:30+00:00
privacy_inquiries_requests,month,2015-07-01,,,,,No source value available for this period.,2026-05-28T23:59:30+00:00
privacy_inquiries_requests,month,2015-08-01,,,,,No source value available for this period.,2026-05-28T23:59:30+00:00
privacy_inquiries_requests,month,2015-09-01,,,,,No source value available for this period.,2026-05-28T23:59:30+00:00
privacy_inquiries_requests,month,2015-10-01,,,,,No source value available for this period.,2026-05-28T23:59:30+00:00
privacy_inquiries_requests,month,2015-11-01,,,,,No source value available for this period.,2026-05-28T23:59:30+00:00
privacy_inquiries_requests,month,2015-12-01,,,,,No source value available for this period.,2026-05-28T23:59:30+00:00
privacy_inquiries_requests,month,2016-01-01,,,,,No source value available for this period.,2026-05-28T23:59:30+00:00
privacy_inquiries_requests,month,2016-02-01,,,,,No source value available for this period.,2026-05-28T23:59:30+00:00
privacy_inquiries_requests,month,2016-03-01,,,,,No source value available for this period.,2026-05-28T23:59:30+00:00
privacy_inquiries_requests,month,2016-04-01,,,,,No source value available for this period.,2026-05-28T23:59:30+00:00
privacy_inquiries_requests,month,2016-05-01,,,,,No source value available for this period.,2026-05-28T23:59:30+00:00
privacy_inquiries_requests,month,2016-06-01,,,,,No source value available for this period.,2026-05-28T23:59:30+00:00
privacy_inquiries_requests,month,2016-07-01,,,,,No source value available for this period.,2026-05-28T23:59:30+00:00
privacy_inquiries_requests,month,2016-08-01,,,,,No source value available for this period.,2026-05-28T23:59:30+00:00
privacy_inquiries_requests,month,2016-09-01,,,,,No source value available for this period.,2026-05-28T23:59:30+00:00
privacy_inquiries_requests,month,2016-10-01,,,,,No source value available for this period.,2026-05-28T23:59:30+00:00
privacy_inquiries_requests,month,2016-11-01,,,,,No source value available for this period.,2026-05-28T23:59:30+00:00
privacy_inquiries_requests,month,2016-12-01,,,,,No source value available for this period.,2026-05-28T23:59:30+00:00
privacy_inquiries_requests,month,2017-01-01,,,,,No source value available for this period.,2026-05-28T23:59:30+00:00
privacy_inquiries_requests,month,2017-02-01,,,,,No source value available for this period.,2026-05-28T23:59:30+00:00
privacy_inquiries_requests,month,2017-03-01,,,,,No source value available for this period.,2026-05-28T23:59:30+00:00
privacy_inquiries_requests,month,2017-04-01,,,,,No source value available for this period.,2026-05-28T23:59:30+00:00
privacy_inquiries_requests,month,2017-05-01,,,,,No source value available for this period.,2026-05-28T23:59:30+00:00
privacy_inquiries_requests,month,2017-06-01,,,,,No source value available for this period.,2026-05-28T23:59:30+00:00
privacy_inquiries_requests,month,2017-07-01,,,,,No source value available for this period.,2026-05-28T23:59:30+00:00
privacy_inquiries_requests,month,2017-08-01,,,,,No source value available for this period.,2026-05-28T23:59:30+00:00
privacy_inquiries_requests,month,2017-09-01,,,,,No source value available for this period.,2026-05-28T23:59:30+00:00
privacy_inquiries_requests,month,2017-10-01,,,,,No source value available for this period.,2026-05-28T23:59:30+00:00
privacy_inquiries_requests,month,2017-11-01,,,,,No source value available for this period.,2026-05-28T23:59:30+00:00
privacy_inquiries_requests,month,2017-12-01,,,,,No source value available for this period.,2026-05-28T23:59:30+00:00
privacy_inquiries_requests,month,2018-01-01,,,,,No source value available for this period.,2026-05-28T23:59:30+00:00
privacy_inquiries_requests,month,2018-02-01,,,,,No source value available for this period.,2026-05-28T23:59:30+00:00
privacy_inquiries_requests,month,2018-03-01,,,,,No source value available for this period.,2026-05-28T23:59:30+00:00
privacy_inquiries_requests,month,2018-04-01,,,,,No source value available for this period.,2026-05-28T23:59:30+00:00
privacy_inquiries_requests,month,2018-05-01,,,,,No source value available for this period.,2026-05-28T23:59:30+00:00
privacy_inquiries_requests,month,2018-06-01,,,,,No source value available for this period.,2026-05-28T23:59:30+00:00
privacy_inquiries_requests,month,2018-07-01,,,,,No source value available for this period.,2026-05-28T23:59:30+00:00
privacy_inquiries_requests,month,2018-08-01,,,,,No source value available for this period.,2026-05-28T23:59:30+00:00
privacy_inquiries_requests,month,2018-09-01,,,,,No source value available for this period.,2026-05-28T23:59:30+00:00
privacy_inquiries_requests,month,2018-10-01,,,,,No source value available for this period.,2026-05-28T23:59:30+00:00
privacy_inquiries_requests,month,2018-11-01,,,,,No source value available for this period.,2026-05-28T23:59:30+00:00
privacy_inquiries_requests,month,2018-12-01,,,,,No source value available for this period.,2026-05-28T23:59:30+00:00
privacy_inquiries_requests,month,2019-01-01,,,,,No source value available for this period.,2026-05-28T23:59:30+00:00
privacy_inquiries_requests,month,2019-02-01,,,,,No source value available for this period.,2026-05-28T23:59:30+00:00
privacy_inquiries_requests,month,2019-03-01,,,,,No source value available for this period.,2026-05-28T23:59:30+00:00
privacy_inquiries_requests,month,2019-04-01,,,,,No source value available for this period.,2026-05-28T23:59:30+00:00
privacy_inquiries_requests,month,2019-05-01,,,,,No source value available for this period.,2026-05-28T23:59:30+00:00
privacy_inquiries_requests,month,2019-06-01,,,,,No source value available for this period.,2026-05-28T23:59:30+00:00
privacy_inquiries_requests,month,2019-07-01,,,,,No source value available for this period.,2026-05-28T23:59:30+00:00
privacy_inquiries_requests,month,2019-08-01,,,,,No source value available for this period.,2026-05-28T23:59:30+00:00
privacy_inquiries_requests,month,2019-09-01,,,,,No source value available for this period.,2026-05-28T23:59:30+00:00
privacy_inquiries_requests,month,2019-10-01,,,,,No source value available for this period.,2026-05-28T23:59:30+00:00
privacy_inquiries_requests,month,2019-11-01,,,,,No source value available for this period.,2026-05-28T23:59:30+00:00
privacy_inquiries_requests,month,2019-12-01,,,,,No source value available for this period.,2026-05-28T23:59:30+00:00
privacy_inquiries_requests,month,2020-01-01,,,,,No source value available for this period.,2026-05-28T23:59:30+00:00
privacy_inquiries_requests,month,2020-02-01,,,,,No source value available for this period.,2026-05-28T23:59:30+00:00
privacy_inquiries_requests,month,2020-03-01,,,,,No source value available for this period.,2026-05-28T23:59:30+00:00
privacy_inquiries_requests,month,2020-04-01,,,,,No source value available for this period.,2026-05-28T23:59:30+00:00
privacy_inquiries_requests,month,2020-05-01,,,,,No source value available for this period.,2026-05-28T23:59:30+00:00
privacy_inquiries_requests,month,2020-06-01,,,,,No source value available for this period.,2026-05-28T23:59:30+00:00
privacy_inquiries_requests,month,2020-07-01,,,,,No source value available for this period.,2026-05-28T23:59:30+00:00
privacy_inquiries_requests,month,2020-08-01,,,,,No source value available for this period.,2026-05-28T23:59:30+00:00
privacy_inquiries_requests,month,2020-09-01,,,,,No source value available for this period.,2026-05-28T23:59:30+00:00
privacy_inquiries_requests,month,2020-10-01,,,,,No source value available for this period.,2026-05-28T23:59:30+00:00
privacy_inquiries_requests,month,2020-11-01,,,,,No source value available for this period.,2026-05-28T23:59:30+00:00
privacy_inquiries_requests,month,2020-12-01,,,,,No source value available for this period.,2026-05-28T23:59:30+00:00
privacy_inquiries_requests,month,2021-01-01,,,,,No source value available for this period.,2026-05-28T23:59:30+00:00
privacy_inquiries_requests,month,2021-02-01,,,,,No source value available for this period.,2026-05-28T23:59:30+00:00
privacy_inquiries_requests,month,2021-03-01,,,,,No source value available for this period.,2026-05-28T23:59:30+00:00
privacy_inquiries_requests,month,2021-04-01,,,,,No source value available for this period.,2026-05-28T23:59:30+00:00
privacy_inquiries_requests,month,2021-05-01,,,,,No source value available for this period.,2026-05-28T23:59:30+00:00
privacy_inquiries_requests,month,2021-06-01,,,,,No source value available for this period.,2026-05-28T23:59:30+00:00
privacy_inquiries_requests,month,2021-07-01,,,,,No source value available for this period.,2026-05-28T23:59:30+00:00
privacy_inquiries_requests,month,2021-08-01,,,,,No source value available for this period.,2026-05-28T23:59:30+00:00
privacy_inquiries_requests,month,2021-09-01,,,,,No source value available for this period.,2026-05-28T23:59:30+00:00
privacy_inquiries_requests,month,2021-10-01,,,,,No source value available for this period.,2026-05-28T23:59:30+00:00
privacy_inquiries_requests,month,2021-11-01,,,,,No source value available for this period.,2026-05-28T23:59:30+00:00
privacy_inquiries_requests,month,2021-12-01,,,,,No source value available for this period.,2026-05-28T23:59:30+00:00
privacy_inquiries_requests,month,2022-01-01,,,,,No source value available for this period.,2026-05-28T23:59:30+00:00
privacy_inquiries_requests,month,2022-02-01,,,,,No source value available for this period.,2026-05-28T23:59:30+00:00
privacy_inquiries_requests,month,2022-03-01,,,,,No source value available for this period.,2026-05-28T23:59:30+00:00
privacy_inquiries_requests,month,2022-04-01,,,,,No source value available for this period.,2026-05-28T23:59:30+00:00
privacy_inquiries_requests,month,2022-05-01,,,,,No source value available for this period.,2026-05-28T23:59:30+00:00
privacy_inquiries_requests,month,2022-06-01,,,,,No source value available for this period.,2026-05-28T23:59:30+00:00
privacy_inquiries_requests,month,2022-07-01,,,,,No source value available for this period.,2026-05-28T23:59:30+00:00
privacy_inquiries_requests,month,2022-08-01,,,,,No source value available for this period.,2026-05-28T23:59:30+00:00
privacy_inquiries_requests,month,2022-09-01,,,,,No source value available for this period.,2026-05-28T23:59:30+00:00
privacy_inquiries_requests,month,2022-10-01,,,,,No source value available for this period.,2026-05-28T23:59:30+00:00
privacy_inquiries_requests,month,2022-11-01,,,,,No source value available for this period.,2026-05-28T23:59:30+00:00
privacy_inquiries_requests,month,2022-12-01,,,,,No source value available for this period.,2026-05-28T23:59:30+00:00
privacy_inquiries_requests,month,2023-01-01,,,,,No source value available for this period.,2026-05-28T23:59:30+00:00
privacy_inquiries_requests,month,2023-02-01,,,,,No source value available for this period.,2026-05-28T23:59:30+00:00
privacy_inquiries_requests,month,2023-03-01,,,,,No source value available for this period.,2026-05-28T23:59:30+00:00
privacy_inquiries_requests,month,2023-04-01,,,,,No source value available for this period.,2026-05-28T23:59:30+00:00
privacy_inquiries_requests,month,2023-05-01,,,,,No source value available for this period.,2026-05-28T23:59:30+00:00
privacy_inquiries_requests,month,2023-06-01,,,,,No source value available for this period.,2026-05-28T23:59:30+00:00
privacy_inquiries_requests,month,2023-07-01,,,,,No source value available for this period.,2026-05-28T23:59:30+00:00
privacy_inquiries_requests,month,2023-08-01,,,,,No source value available for this period.,2026-05-28T23:59:30+00:00
privacy_inquiries_requests,month,2023-09-01,,,,,No source value available for this period.,2026-05-28T23:59:30+00:00
privacy_inquiries_requests,month,2023-10-01,,,,,No source value available for this period.,2026-05-28T23:59:30+00:00
privacy_inquiries_requests,month,2023-11-01,,,,,No source value available for this period.,2026-05-28T23:59:30+00:00
privacy_inquiries_requests,month,2023-12-01,,,,,No source value available for this period.,2026-05-28T23:59:30+00:00
privacy_inquiries_requests,month,2024-01-01,,,,,No source value available for this period.,2026-05-28T23:59:30+00:00
privacy_inquiries_requests,month,2024-02-01,,,,,No source value available for this period.,2026-05-28T23:59:30+00:00
privacy_inquiries_requests,month,2024-03-01,,,,,No source value available for this period.,2026-05-28T23:59:30+00:00
privacy_inquiries_requests,month,2024-04-01,,,,,No source value available for this period.,2026-05-28T23:59:30+00:00
privacy_inquiries_requests,month,2024-05-01,,,,,No source value available for this period.,2026-05-28T23:59:30+00:00
privacy_inquiries_requests,month,2024-06-01,,,,,No source value available for this period.,2026-05-28T23:59:30+00:00
privacy_inquiries_requests,month,2024-07-01,,,,,No source value available for this period.,2026-05-28T23:59:30+00:00
privacy_inquiries_requests,month,2024-08-01,,,,,No source value available for this period.,2026-05-28T23:59:30+00:00
privacy_inquiries_requests,month,2024-09-01,,,,,No source value available for this period.,2026-05-28T23:59:30+00:00
privacy_inquiries_requests,month,2024-10-01,,,,,No source value available for this period.,2026-05-28T23:59:30+00:00
privacy_inquiries_requests,month,2024-11-01,,,,,No source value available for this period.,2026-05-28T23:59:30+00:00
privacy_inquiries_requests,month,2024-12-01,,,,,No source value available for this period.,2026-05-28T23:59:30+00:00
privacy_inquiries_requests,month,2025-01-01,,,,,No source value available for this period.,2026-05-28T23:59:30+00:00
privacy_inquiries_requests,month,2025-02-01,,,,,No source value available for this period.,2026-05-28T23:59:30+00:00
privacy_inquiries_requests,month,2025-03-01,,,,,No source value available for this period.,2026-05-28T23:59:30+00:00
privacy_inquiries_requests,month,2025-04-01,,,,,No source value available for this period.,2026-05-28T23:59:30+00:00
privacy_inquiries_requests,month,2025-05-01,,,,,No source value available for this period.,2026-05-28T23:59:30+00:00
privacy_inquiries_requests,month,2025-06-01,,,,,No source value available for this period.,2026-05-28T23:59:30+00:00
privacy_inquiries_requests,month,2025-07-01,,,,,No source value available for this period.,2026-05-28T23:59:30+00:00
privacy_inquiries_requests,month,2025-08-01,,,,,No source value available for this period.,2026-05-28T23:59:30+00:00
privacy_inquiries_requests,month,2025-09-01,,,,,No source value available for this period.,2026-05-28T23:59:30+00:00
privacy_inquiries_requests,month,2025-10-01,,,,,No source value available for this period.,2026-05-28T23:59:30+00:00
privacy_inquiries_requests,month,2025-11-01,,,,,No source value available for this period.,2026-05-28T23:59:30+00:00
privacy_inquiries_requests,month,2025-12-01,,,,,No source value available for this period.,2026-05-28T23:59:30+00:00
privacy_inquiries_requests,month,2026-01-01,,,,,No source value available for this period.,2026-05-28T23:59:30+00:00
privacy_inquiries_requests,month,2026-02-01,,,,,No source value available for this period.,2026-05-28T23:59:30+00:00
privacy_inquiries_requests,month,2026-03-01,,,,,No source value available for this period.,2026-05-28T23:59:30+00:00
privacy_inquiries_requests,month,2026-04-01,,,,,No source value available for this period.,2026-05-28T23:59:30+00:00
privacy_inquiries_requests,month,2026-05-01,,,,,No source value available for this period.,2026-05-28T23:59:30+00:00
public_asset_api_reads,month,2013-11-01,,,,,,2026-05-28T23:59:30+00:00
public_asset_api_reads,month,2013-12-01,,,,,,2026-05-28T23:59:30+00:00
public_asset_api_reads,month,2014-01-01,,,,,,2026-05-28T23:59:30+00:00
public_asset_api_reads,month,2014-02-01,,,,,,2026-05-28T23:59:30+00:00
public_asset_api_reads,month,2014-03-01,,,,,,2026-05-28T23:59:30+00:00
public_asset_api_reads,month,2014-04-01,,,,,,2026-05-28T23:59:30+00:00
public_asset_api_reads,month,2014-05-01,,,,,,2026-05-28T23:59:30+00:00
public_asset_api_reads,month,2014-06-01,,,,,,2026-05-28T23:59:30+00:00
public_asset_api_reads,month,2014-07-01,,,,,,2026-05-28T23:59:30+00:00
public_asset_api_reads,month,2014-08-01,,,,,,2026-05-28T23:59:30+00:00
public_asset_api_reads,month,2014-09-01,,,,,,2026-05-28T23:59:30+00:00
public_asset_api_reads,month,2014-10-01,,,,,,2026-05-28T23:59:30+00:00
public_asset_api_reads,month,2014-11-01,,,,,,2026-05-28T23:59:30+00:00
public_asset_api_reads,month,2014-12-01,,,,,,2026-05-28T23:59:30+00:00
public_asset_api_reads,month,2015-01-01,,,,,,2026-05-28T23:59:30+00:00
public_asset_api_reads,month,2015-02-01,,,,,,2026-05-28T23:59:30+00:00
public_asset_api_reads,month,2015-03-01,,,,,,2026-05-28T23:59:30+00:00
public_asset_api_reads,month,2015-04-01,,,,,,2026-05-28T23:59:30+00:00
public_asset_api_reads,month,2015-05-01,,,,,,2026-05-28T23:59:30+00:00
public_asset_api_reads,month,2015-06-01,,,,,,2026-05-28T23:59:30+00:00
public_asset_api_reads,month,2015-07-01,,,,,,2026-05-28T23:59:30+00:00
public_asset_api_reads,month,2015-08-01,,,,,,2026-05-28T23:59:30+00:00
public_asset_api_reads,month,2015-09-01,,,,,,2026-05-28T23:59:30+00:00
public_asset_api_reads,month,2015-10-01,,,,,,2026-05-28T23:59:30+00:00
public_asset_api_reads,month,2015-11-01,,,,,,2026-05-28T23:59:30+00:00
public_asset_api_reads,month,2015-12-01,,,,,,2026-05-28T23:59:30+00:00
public_asset_api_reads,month,2016-01-01,,,,,,2026-05-28T23:59:30+00:00
public_asset_api_reads,month,2016-02-01,,,,,,2026-05-28T23:59:30+00:00
public_asset_api_reads,month,2016-03-01,,,,,,2026-05-28T23:59:30+00:00
public_asset_api_reads,month,2016-04-01,,,,,,2026-05-28T23:59:30+00:00
public_asset_api_reads,month,2016-05-01,,,,,,2026-05-28T23:59:30+00:00
public_asset_api_reads,month,2016-06-01,,,,,,2026-05-28T23:59:30+00:00
public_asset_api_reads,month,2016-07-01,,,,,,2026-05-28T23:59:30+00:00
public_asset_api_reads,month,2016-08-01,,,,,,2026-05-28T23:59:30+00:00
public_asset_api_reads,month,2016-09-01,,,,,,2026-05-28T23:59:30+00:00
public_asset_api_reads,month,2016-10-01,,,,,,2026-05-28T23:59:30+00:00
public_asset_api_reads,month,2016-11-01,,,,,,2026-05-28T23:59:30+00:00
public_asset_api_reads,month,2016-12-01,,,,,,2026-05-28T23:59:30+00:00
public_asset_api_reads,month,2017-01-01,,,,,,2026-05-28T23:59:30+00:00
public_asset_api_reads,month,2017-02-01,,,,,,2026-05-28T23:59:30+00:00
public_asset_api_reads,month,2017-03-01,,,,,,2026-05-28T23:59:30+00:00
public_asset_api_reads,month,2017-04-01,,,,,,2026-05-28T23:59:30+00:00
public_asset_api_reads,month,2017-05-01,,,,,,2026-05-28T23:59:30+00:00
public_asset_api_reads,month,2017-06-01,,,,,,2026-05-28T23:59:30+00:00
public_asset_api_reads,month,2017-07-01,,,,,,2026-05-28T23:59:30+00:00
public_asset_api_reads,month,2017-08-01,,,,,,2026-05-28T23:59:30+00:00
public_asset_api_reads,month,2017-09-01,,,,,,2026-05-28T23:59:30+00:00
public_asset_api_reads,month,2017-10-01,,,,,,2026-05-28T23:59:30+00:00
public_asset_api_reads,month,2017-11-01,,,,,,2026-05-28T23:59:30+00:00
public_asset_api_reads,month,2017-12-01,,,,,,2026-05-28T23:59:30+00:00
public_asset_api_reads,month,2018-01-01,,,,,,2026-05-28T23:59:30+00:00
public_asset_api_reads,month,2018-02-01,,,,,,2026-05-28T23:59:30+00:00
public_asset_api_reads,month,2018-03-01,,,,,,2026-05-28T23:59:30+00:00
public_asset_api_reads,month,2018-04-01,,,,,,2026-05-28T23:59:30+00:00
public_asset_api_reads,month,2018-05-01,,,,,,2026-05-28T23:59:30+00:00
public_asset_api_reads,month,2018-06-01,,,,,,2026-05-28T23:59:30+00:00
public_asset_api_reads,month,2018-07-01,,,,,,2026-05-28T23:59:30+00:00
public_asset_api_reads,month,2018-08-01,,,,,,2026-05-28T23:59:30+00:00
public_asset_api_reads,month,2018-09-01,,,,,,2026-05-28T23:59:30+00:00
public_asset_api_reads,month,2018-10-01,,,,,,2026-05-28T23:59:30+00:00
public_asset_api_reads,month,2018-11-01,,,,,,2026-05-28T23:59:30+00:00
public_asset_api_reads,month,2018-12-01,,,,,,2026-05-28T23:59:30+00:00
public_asset_api_reads,month,2019-01-01,,,,,,2026-05-28T23:59:30+00:00
public_asset_api_reads,month,2019-02-01,,,,,,2026-05-28T23:59:30+00:00
public_asset_api_reads,month,2019-03-01,,,,,,2026-05-28T23:59:30+00:00
public_asset_api_reads,month,2019-04-01,,,,,,2026-05-28T23:59:30+00:00
public_asset_api_reads,month,2019-05-01,,,,,,2026-05-28T23:59:30+00:00
public_asset_api_reads,month,2019-06-01,,,,,,2026-05-28T23:59:30+00:00
public_asset_api_reads,month,2019-07-01,,,,,,2026-05-28T23:59:30+00:00
public_asset_api_reads,month,2019-08-01,,,,,,2026-05-28T23:59:30+00:00
public_asset_api_reads,month,2019-09-01,,,,,,2026-05-28T23:59:30+00:00
public_asset_api_reads,month,2019-10-01,,,,,,2026-05-28T23:59:30+00:00
public_asset_api_reads,month,2019-11-01,,,,,,2026-05-28T23:59:30+00:00
public_asset_api_reads,month,2019-12-01,,,,,,2026-05-28T23:59:30+00:00
public_asset_api_reads,month,2020-01-01,,,,,,2026-05-28T23:59:30+00:00
public_asset_api_reads,month,2020-02-01,17126,,,te8d-2w5t,,2026-05-28T23:59:30+00:00
public_asset_api_reads,month,2020-03-01,213622,,,te8d-2w5t,,2026-05-28T23:59:30+00:00
public_asset_api_reads,month,2020-04-01,415210,,,te8d-2w5t,,2026-05-28T23:59:30+00:00
public_asset_api_reads,month,2020-05-01,16204,,,te8d-2w5t,,2026-05-28T23:59:30+00:00
public_asset_api_reads,month,2020-06-01,22170,,,te8d-2w5t,,2026-05-28T23:59:30+00:00
public_asset_api_reads,month,2020-07-01,20423,,,te8d-2w5t,,2026-05-28T23:59:30+00:00
public_asset_api_reads,month,2020-08-01,25483,,,te8d-2w5t,,2026-05-28T23:59:30+00:00
public_asset_api_reads,month,2020-09-01,22098,,,te8d-2w5t,,2026-05-28T23:59:30+00:00
public_asset_api_reads,month,2020-10-01,19911,,,te8d-2w5t,,2026-05-28T23:59:30+00:00
public_asset_api_reads,month,2020-11-01,25885,,,te8d-2w5t,,2026-05-28T23:59:30+00:00
public_asset_api_reads,month,2020-12-01,50976,,,te8d-2w5t,,2026-05-28T23:59:30+00:00
public_asset_api_reads,month,2021-01-01,66392,,,te8d-2w5t,,2026-05-28T23:59:30+00:00
public_asset_api_reads,month,2021-02-01,74929,,,te8d-2w5t,,2026-05-28T23:59:30+00:00
public_asset_api_reads,month,2021-03-01,88797,,,te8d-2w5t,,2026-05-28T23:59:30+00:00
public_asset_api_reads,month,2021-04-01,91873,,,te8d-2w5t,,2026-05-28T23:59:30+00:00
public_asset_api_reads,month,2021-05-01,81158,,,te8d-2w5t,,2026-05-28T23:59:30+00:00
public_asset_api_reads,month,2021-06-01,100940,,,te8d-2w5t,,2026-05-28T23:59:30+00:00
public_asset_api_reads,month,2021-07-01,96598,,,te8d-2w5t,,2026-05-28T23:59:30+00:00
public_asset_api_reads,month,2021-08-01,79300,,,te8d-2w5t,,2026-05-28T23:59:30+00:00
public_asset_api_reads,month,2021-09-01,81610,,,te8d-2w5t,,2026-05-28T23:59:30+00:00
public_asset_api_reads,month,2021-10-01,100508,,,te8d-2w5t,,2026-05-28T23:59:30+00:00
public_asset_api_reads,month,2021-11-01,110456,,,te8d-2w5t,,2026-05-28T23:59:30+00:00
public_asset_api_reads,month,2021-12-01,92928,,,te8d-2w5t,,2026-05-28T23:59:30+00:00
public_asset_api_reads,month,2022-01-01,78836,,,te8d-2w5t,,2026-05-28T23:59:30+00:00
public_asset_api_reads,month,2022-02-01,86735,,,te8d-2w5t,,2026-05-28T23:59:30+00:00
public_asset_api_reads,month,2022-03-01,239262,,,te8d-2w5t,,2026-05-28T23:59:30+00:00
public_asset_api_reads,month,2022-04-01,249490,,,te8d-2w5t,,2026-05-28T23:59:30+00:00
public_asset_api_reads,month,2022-05-01,215802,,,te8d-2w5t,,2026-05-28T23:59:30+00:00
public_asset_api_reads,month,2022-06-01,202005,,,te8d-2w5t,,2026-05-28T23:59:30+00:00
public_asset_api_reads,month,2022-07-01,234914,,,te8d-2w5t,,2026-05-28T23:59:30+00:00
public_asset_api_reads,month,2022-08-01,185623,,,te8d-2w5t,,2026-05-28T23:59:30+00:00
public_asset_api_reads,month,2022-09-01,149677,,,te8d-2w5t,,2026-05-28T23:59:30+00:00
public_asset_api_reads,month,2022-10-01,145045,,,te8d-2w5t,,2026-05-28T23:59:30+00:00
public_asset_api_reads,month,2022-11-01,166192,,,te8d-2w5t,,2026-05-28T23:59:30+00:00
public_asset_api_reads,month,2022-12-01,208525,,,te8d-2w5t,,2026-05-28T23:59:30+00:00
public_asset_api_reads,month,2023-01-01,194004,,,te8d-2w5t,,2026-05-28T23:59:30+00:00
public_asset_api_reads,month,2023-02-01,183252,,,te8d-2w5t,,2026-05-28T23:59:30+00:00
public_asset_api_reads,month,2023-03-01,131278,,,te8d-2w5t,,2026-05-28T23:59:30+00:00
public_asset_api_reads,month,2023-04-01,224881,,,te8d-2w5t,,2026-05-28T23:59:30+00:00
public_asset_api_reads,month,2023-05-01,118147,,,te8d-2w5t,,2026-05-28T23:59:30+00:00
public_asset_api_reads,month,2023-06-01,52059,,,te8d-2w5t,,2026-05-28T23:59:30+00:00
public_asset_api_reads,month,2023-07-01,38823,,,te8d-2w5t,,2026-05-28T23:59:30+00:00
public_asset_api_reads,month,2023-08-01,42379,,,te8d-2w5t,,2026-05-28T23:59:30+00:00
public_asset_api_reads,month,2023-09-01,49353,,,te8d-2w5t,,2026-05-28T23:59:30+00:00
public_asset_api_reads,month,2023-10-01,44832,,,te8d-2w5t,,2026-05-28T23:59:30+00:00
public_asset_api_reads,month,2023-11-01,42996,,,te8d-2w5t,,2026-05-28T23:59:30+00:00
public_asset_api_reads,month,2023-12-01,43700,,,te8d-2w5t,,2026-05-28T23:59:30+00:00
public_asset_api_reads,month,2024-01-01,56937,,,te8d-2w5t,,2026-05-28T23:59:30+00:00
public_asset_api_reads,month,2024-02-01,50345,,,te8d-2w5t,,2026-05-28T23:59:30+00:00
public_asset_api_reads,month,2024-03-01,59680,,,te8d-2w5t,,2026-05-28T23:59:30+00:00
public_asset_api_reads,month,2024-04-01,48966,,,te8d-2w5t,,2026-05-28T23:59:30+00:00
public_asset_api_reads,month,2024-05-01,110113,,,te8d-2w5t,,2026-05-28T23:59:30+00:00
public_asset_api_reads,month,2024-06-01,186738,,,te8d-2w5t,,2026-05-28T23:59:30+00:00
public_asset_api_reads,month,2024-07-01,159544,,,te8d-2w5t,,2026-05-28T23:59:30+00:00
public_asset_api_reads,month,2024-08-01,149348,,,te8d-2w5t,,2026-05-28T23:59:30+00:00
public_asset_api_reads,month,2024-09-01,119231,,,te8d-2w5t,,2026-05-28T23:59:30+00:00
public_asset_api_reads,month,2024-10-01,115512,,,te8d-2w5t,,2026-05-28T23:59:30+00:00
public_asset_api_reads,month,2024-11-01,197686,,,te8d-2w5t,,2026-05-28T23:59:30+00:00
public_asset_api_reads,month,2024-12-01,161855,,,te8d-2w5t,,2026-05-28T23:59:30+00:00
public_asset_api_reads,month,2025-01-01,250370,,,te8d-2w5t,,2026-05-28T23:59:30+00:00
public_asset_api_reads,month,2025-02-01,221511,,,te8d-2w5t,,2026-05-28T23:59:30+00:00
public_asset_api_reads,month,2025-03-01,133157,,,te8d-2w5t,,2026-05-28T23:59:30+00:00
public_asset_api_reads,month,2025-04-01,131137,,,te8d-2w5t,,2026-05-28T23:59:30+00:00
public_asset_api_reads,month,2025-05-01,199018,,,te8d-2w5t,,2026-05-28T23:59:30+00:00
public_asset_api_reads,month,2025-06-01,248058,,,te8d-2w5t,,2026-05-28T23:59:30+00:00
public_asset_api_reads,month,2025-07-01,207171,,,te8d-2w5t,,2026-05-28T23:59:30+00:00
public_asset_api_reads,month,2025-08-01,83836,,,te8d-2w5t,,2026-05-28T23:59:30+00:00
public_asset_api_reads,month,2025-09-01,78973,,,te8d-2w5t,,2026-05-28T23:59:30+00:00
public_asset_api_reads,month,2025-10-01,62250,,,te8d-2w5t,,2026-05-28T23:59:30+00:00
public_asset_api_reads,month,2025-11-01,84002,,,te8d-2w5t,,2026-05-28T23:59:30+00:00
public_asset_api_reads,month,2025-12-01,176953,,,te8d-2w5t,,2026-05-28T23:59:30+00:00
public_asset_api_reads,month,2026-01-01,226031,,,te8d-2w5t,,2026-05-28T23:59:30+00:00
public_asset_api_reads,month,2026-02-01,360865,,,te8d-2w5t,,2026-05-28T23:59:30+00:00
public_asset_api_reads,month,2026-03-01,270965,,,te8d-2w5t,,2026-05-28T23:59:30+00:00
public_asset_api_reads,month,2026-04-01,128423,,,te8d-2w5t,,2026-05-28T23:59:30+00:00
public_asset_api_reads,month,2026-05-01,291954,,,te8d-2w5t,,2026-05-28T23:59:30+00:00
public_asset_api_reads,year,2020-01-01,849108,,,,Aggregated from monthly values using sum.,2026-05-28T23:59:30+00:00
public_asset_api_reads,year,2021-01-01,1065489,,,,Aggregated from monthly values using sum.,2026-05-28T23:59:30+00:00
public_asset_api_reads,year,2022-01-01,2162106,,,,Aggregated from monthly values using sum.,2026-05-28T23:59:30+00:00
public_asset_api_reads,year,2023-01-01,1165704,,,,Aggregated from monthly values using sum.,2026-05-28T23:59:30+00:00
public_asset_api_reads,year,2024-01-01,1415955,,,,Aggregated from monthly values using sum.,2026-05-28T23:59:30+00:00
public_asset_api_reads,year,2025-01-01,1876436,,,,Aggregated from monthly values using sum.,2026-05-28T23:59:30+00:00
public_asset_api_reads,year,2026-01-01,1278238,,,,Aggregated from monthly values using sum.,2026-05-28T23:59:30+00:00
public_asset_downloads,month,2013-11-01,,,,,,2026-05-28T23:59:30+00:00
public_asset_downloads,month,2013-12-01,,,,,,2026-05-28T23:59:30+00:00
public_asset_downloads,month,2014-01-01,,,,,,2026-05-28T23:59:30+00:00
public_asset_downloads,month,2014-02-01,,,,,,2026-05-28T23:59:30+00:00
public_asset_downloads,month,2014-03-01,,,,,,2026-05-28T23:59:30+00:00
public_asset_downloads,month,2014-04-01,,,,,,2026-05-28T23:59:30+00:00
public_asset_downloads,month,2014-05-01,,,,,,2026-05-28T23:59:30+00:00
public_asset_downloads,month,2014-06-01,,,,,,2026-05-28T23:59:30+00:00
public_asset_downloads,month,2014-07-01,,,,,,2026-05-28T23:59:30+00:00
public_asset_downloads,month,2014-08-01,,,,,,2026-05-28T23:59:30+00:00
public_asset_downloads,month,2014-09-01,,,,,,2026-05-28T23:59:30+00:00
public_asset_downloads,month,2014-10-01,,,,,,2026-05-28T23:59:30+00:00
public_asset_downloads,month,2014-11-01,,,,,,2026-05-28T23:59:30+00:00
public_asset_downloads,month,2014-12-01,,,,,,2026-05-28T23:59:30+00:00
public_asset_downloads,month,2015-01-01,,,,,,2026-05-28T23:59:30+00:00
public_asset_downloads,month,2015-02-01,,,,,,2026-05-28T23:59:30+00:00
public_asset_downloads,month,2015-03-01,,,,,,2026-05-28T23:59:30+00:00
public_asset_downloads,month,2015-04-01,,,,,,2026-05-28T23:59:30+00:00
public_asset_downloads,month,2015-05-01,,,,,,2026-05-28T23:59:30+00:00
public_asset_downloads,month,2015-06-01,,,,,,2026-05-28T23:59:30+00:00
public_asset_downloads,month,2015-07-01,,,,,,2026-05-28T23:59:30+00:00
public_asset_downloads,month,2015-08-01,,,,,,2026-05-28T23:59:30+00:00
public_asset_downloads,month,2015-09-01,,,,,,2026-05-28T23:59:30+00:00
public_asset_downloads,month,2015-10-01,,,,,,2026-05-28T23:59:30+00:00
public_asset_downloads,month,2015-11-01,,,,,,2026-05-28T23:59:30+00:00
public_asset_downloads,month,2015-12-01,,,,,,2026-05-28T23:59:30+00:00
public_asset_downloads,month,2016-01-01,,,,,,2026-05-28T23:59:30+00:00
public_asset_downloads,month,2016-02-01,,,,,,2026-05-28T23:59:30+00:00
public_asset_downloads,month,2016-03-01,,,,,,2026-05-28T23:59:30+00:00
public_asset_downloads,month,2016-04-01,,,,,,2026-05-28T23:59:30+00:00
public_asset_downloads,month,2016-05-01,,,,,,2026-05-28T23:59:30+00:00
public_asset_downloads,month,2016-06-01,,,,,,2026-05-28T23:59:30+00:00
public_asset_downloads,month,2016-07-01,,,,,,2026-05-28T23:59:30+00:00
public_asset_downloads,month,2016-08-01,,,,,,2026-05-28T23:59:30+00:00
public_asset_downloads,month,2016-09-01,,,,,,2026-05-28T23:59:30+00:00
public_asset_downloads,month,2016-10-01,,,,,,2026-05-28T23:59:30+00:00
public_asset_downloads,month,2016-11-01,,,,,,2026-05-28T23:59:30+00:00
public_asset_downloads,month,2016-12-01,,,,,,2026-05-28T23:59:30+00:00
public_asset_downloads,month,2017-01-01,,,,,,2026-05-28T23:59:30+00:00
public_asset_downloads,month,2017-02-01,,,,,,2026-05-28T23:59:30+00:00
public_asset_downloads,month,2017-03-01,,,,,,2026-05-28T23:59:30+00:00
public_asset_downloads,month,2017-04-01,,,,,,2026-05-28T23:59:30+00:00
public_asset_downloads,month,2017-05-01,,,,,,2026-05-28T23:59:30+00:00
public_asset_downloads,month,2017-06-01,,,,,,2026-05-28T23:59:30+00:00
public_asset_downloads,month,2017-07-01,,,,,,2026-05-28T23:59:30+00:00
public_asset_downloads,month,2017-08-01,,,,,,2026-05-28T23:59:30+00:00
public_asset_downloads,month,2017-09-01,,,,,,2026-05-28T23:59:30+00:00
public_asset_downloads,month,2017-10-01,,,,,,2026-05-28T23:59:30+00:00
public_asset_downloads,month,2017-11-01,,,,,,2026-05-28T23:59:30+00:00
public_asset_downloads,month,2017-12-01,,,,,,2026-05-28T23:59:30+00:00
public_asset_downloads,month,2018-01-01,,,,,,2026-05-28T23:59:30+00:00
public_asset_downloads,month,2018-02-01,,,,,,2026-05-28T23:59:30+00:00
public_asset_downloads,month,2018-03-01,,,,,,2026-05-28T23:59:30+00:00
public_asset_downloads,month,2018-04-01,,,,,,2026-05-28T23:59:30+00:00
public_asset_downloads,month,2018-05-01,,,,,,2026-05-28T23:59:30+00:00
public_asset_downloads,month,2018-06-01,,,,,,2026-05-28T23:59:30+00:00
public_asset_downloads,month,2018-07-01,,,,,,2026-05-28T23:59:30+00:00
public_asset_downloads,month,2018-08-01,,,,,,2026-05-28T23:59:30+00:00
public_asset_downloads,month,2018-09-01,,,,,,2026-05-28T23:59:30+00:00
public_asset_downloads,month,2018-10-01,,,,,,2026-05-28T23:59:30+00:00
public_asset_downloads,month,2018-11-01,,,,,,2026-05-28T23:59:30+00:00
public_asset_downloads,month,2018-12-01,,,,,,2026-05-28T23:59:30+00:00
public_asset_downloads,month,2019-01-01,,,,,,2026-05-28T23:59:30+00:00
public_asset_downloads,month,2019-02-01,,,,,,2026-05-28T23:59:30+00:00
public_asset_downloads,month,2019-03-01,,,,,,2026-05-28T23:59:30+00:00
public_asset_downloads,month,2019-04-01,,,,,,2026-05-28T23:59:30+00:00
public_asset_downloads,month,2019-05-01,,,,,,2026-05-28T23:59:30+00:00
public_asset_downloads,month,2019-06-01,,,,,,2026-05-28T23:59:30+00:00
public_asset_downloads,month,2019-07-01,,,,,,2026-05-28T23:59:30+00:00
public_asset_downloads,month,2019-08-01,,,,,,2026-05-28T23:59:30+00:00
public_asset_downloads,month,2019-09-01,,,,,,2026-05-28T23:59:30+00:00
public_asset_downloads,month,2019-10-01,,,,,,2026-05-28T23:59:30+00:00
public_asset_downloads,month,2019-11-01,,,,,,2026-05-28T23:59:30+00:00
public_asset_downloads,month,2019-12-01,,,,,,2026-05-28T23:59:30+00:00
public_asset_downloads,month,2020-01-01,,,,,,2026-05-28T23:59:30+00:00
public_asset_downloads,month,2020-02-01,684,,,te8d-2w5t,,2026-05-28T23:59:30+00:00
public_asset_downloads,month,2020-03-01,723,,,te8d-2w5t,,2026-05-28T23:59:30+00:00
public_asset_downloads,month,2020-04-01,1439,,,te8d-2w5t,,2026-05-28T23:59:30+00:00
public_asset_downloads,month,2020-05-01,798,,,te8d-2w5t,,2026-05-28T23:59:30+00:00
public_asset_downloads,month,2020-06-01,1292,,,te8d-2w5t,,2026-05-28T23:59:30+00:00
public_asset_downloads,month,2020-07-01,855,,,te8d-2w5t,,2026-05-28T23:59:30+00:00
public_asset_downloads,month,2020-08-01,1077,,,te8d-2w5t,,2026-05-28T23:59:30+00:00
public_asset_downloads,month,2020-09-01,723,,,te8d-2w5t,,2026-05-28T23:59:30+00:00
public_asset_downloads,month,2020-10-01,1210,,,te8d-2w5t,,2026-05-28T23:59:30+00:00
public_asset_downloads,month,2020-11-01,1378,,,te8d-2w5t,,2026-05-28T23:59:30+00:00
public_asset_downloads,month,2020-12-01,1212,,,te8d-2w5t,,2026-05-28T23:59:30+00:00
public_asset_downloads,month,2021-01-01,606,,,te8d-2w5t,,2026-05-28T23:59:30+00:00
public_asset_downloads,month,2021-02-01,613,,,te8d-2w5t,,2026-05-28T23:59:30+00:00
public_asset_downloads,month,2021-03-01,484,,,te8d-2w5t,,2026-05-28T23:59:30+00:00
public_asset_downloads,month,2021-04-01,456,,,te8d-2w5t,,2026-05-28T23:59:30+00:00
public_asset_downloads,month,2021-05-01,486,,,te8d-2w5t,,2026-05-28T23:59:30+00:00
public_asset_downloads,month,2021-06-01,463,,,te8d-2w5t,,2026-05-28T23:59:30+00:00
public_asset_downloads,month,2021-07-01,778,,,te8d-2w5t,,2026-05-28T23:59:30+00:00
public_asset_downloads,month,2021-08-01,925,,,te8d-2w5t,,2026-05-28T23:59:30+00:00
public_asset_downloads,month,2021-09-01,804,,,te8d-2w5t,,2026-05-28T23:59:30+00:00
public_asset_downloads,month,2021-10-01,1481,,,te8d-2w5t,,2026-05-28T23:59:30+00:00
public_asset_downloads,month,2021-11-01,1684,,,te8d-2w5t,,2026-05-28T23:59:30+00:00
public_asset_downloads,month,2021-12-01,784,,,te8d-2w5t,,2026-05-28T23:59:30+00:00
public_asset_downloads,month,2022-01-01,1082,,,te8d-2w5t,,2026-05-28T23:59:30+00:00
public_asset_downloads,month,2022-02-01,941,,,te8d-2w5t,,2026-05-28T23:59:30+00:00
public_asset_downloads,month,2022-03-01,993,,,te8d-2w5t,,2026-05-28T23:59:30+00:00
public_asset_downloads,month,2022-04-01,1001,,,te8d-2w5t,,2026-05-28T23:59:30+00:00
public_asset_downloads,month,2022-05-01,910,,,te8d-2w5t,,2026-05-28T23:59:30+00:00
public_asset_downloads,month,2022-06-01,954,,,te8d-2w5t,,2026-05-28T23:59:30+00:00
public_asset_downloads,month,2022-07-01,1304,,,te8d-2w5t,,2026-05-28T23:59:30+00:00
public_asset_downloads,month,2022-08-01,970,,,te8d-2w5t,,2026-05-28T23:59:30+00:00
public_asset_downloads,month,2022-09-01,1354,,,te8d-2w5t,,2026-05-28T23:59:30+00:00
public_asset_downloads,month,2022-10-01,2371,,,te8d-2w5t,,2026-05-28T23:59:30+00:00
public_asset_downloads,month,2022-11-01,790,,,te8d-2w5t,,2026-05-28T23:59:30+00:00
public_asset_downloads,month,2022-12-01,733,,,te8d-2w5t,,2026-05-28T23:59:30+00:00
public_asset_downloads,month,2023-01-01,654,,,te8d-2w5t,,2026-05-28T23:59:30+00:00
public_asset_downloads,month,2023-02-01,949,,,te8d-2w5t,,2026-05-28T23:59:30+00:00
public_asset_downloads,month,2023-03-01,679,,,te8d-2w5t,,2026-05-28T23:59:30+00:00
public_asset_downloads,month,2023-04-01,1011,,,te8d-2w5t,,2026-05-28T23:59:30+00:00
public_asset_downloads,month,2023-05-01,966,,,te8d-2w5t,,2026-05-28T23:59:30+00:00
public_asset_downloads,month,2023-06-01,748,,,te8d-2w5t,,2026-05-28T23:59:30+00:00
public_asset_downloads,month,2023-07-01,1149,,,te8d-2w5t,,2026-05-28T23:59:30+00:00
public_asset_downloads,month,2023-08-01,732,,,te8d-2w5t,,2026-05-28T23:59:30+00:00
public_asset_downloads,month,2023-09-01,1942,,,te8d-2w5t,,2026-05-28T23:59:30+00:00
public_asset_downloads,month,2023-10-01,2002,,,te8d-2w5t,,2026-05-28T23:59:30+00:00
public_asset_downloads,month,2023-11-01,1138,,,te8d-2w5t,,2026-05-28T23:59:30+00:00
public_asset_downloads,month,2023-12-01,1286,,,te8d-2w5t,,2026-05-28T23:59:30+00:00
public_asset_downloads,month,2024-01-01,12329,,,te8d-2w5t,,2026-05-28T23:59:30+00:00
public_asset_downloads,month,2024-02-01,661,,,te8d-2w5t,,2026-05-28T23:59:30+00:00
public_asset_downloads,month,2024-03-01,626,,,te8d-2w5t,,2026-05-28T23:59:30+00:00
public_asset_downloads,month,2024-04-01,899,,,te8d-2w5t,,2026-05-28T23:59:30+00:00
public_asset_downloads,month,2024-05-01,1255,,,te8d-2w5t,,2026-05-28T23:59:30+00:00
public_asset_downloads,month,2024-06-01,2713,,,te8d-2w5t,,2026-05-28T23:59:30+00:00
public_asset_downloads,month,2024-07-01,1664,,,te8d-2w5t,,2026-05-28T23:59:30+00:00
public_asset_downloads,month,2024-08-01,2310,,,te8d-2w5t,,2026-05-28T23:59:30+00:00
public_asset_downloads,month,2024-09-01,2023,,,te8d-2w5t,,2026-05-28T23:59:30+00:00
public_asset_downloads,month,2024-10-01,4702,,,te8d-2w5t,,2026-05-28T23:59:30+00:00
public_asset_downloads,month,2024-11-01,2755,,,te8d-2w5t,,2026-05-28T23:59:30+00:00
public_asset_downloads,month,2024-12-01,8772,,,te8d-2w5t,,2026-05-28T23:59:30+00:00
public_asset_downloads,month,2025-01-01,3560,,,te8d-2w5t,,2026-05-28T23:59:30+00:00
public_asset_downloads,month,2025-02-01,40345,,,te8d-2w5t,,2026-05-28T23:59:30+00:00
public_asset_downloads,month,2025-03-01,6056,,,te8d-2w5t,,2026-05-28T23:59:30+00:00
public_asset_downloads,month,2025-04-01,3889,,,te8d-2w5t,,2026-05-28T23:59:30+00:00
public_asset_downloads,month,2025-05-01,4352,,,te8d-2w5t,,2026-05-28T23:59:30+00:00
public_asset_downloads,month,2025-06-01,5711,,,te8d-2w5t,,2026-05-28T23:59:30+00:00
public_asset_downloads,month,2025-07-01,7775,,,te8d-2w5t,,2026-05-28T23:59:30+00:00
public_asset_downloads,month,2025-08-01,7645,,,te8d-2w5t,,2026-05-28T23:59:30+00:00
public_asset_downloads,month,2025-09-01,7046,,,te8d-2w5t,,2026-05-28T23:59:30+00:00
public_asset_downloads,month,2025-10-01,9315,,,te8d-2w5t,,2026-05-28T23:59:30+00:00
public_asset_downloads,month,2025-11-01,8220,,,te8d-2w5t,,2026-05-28T23:59:30+00:00
public_asset_downloads,month,2025-12-01,10929,,,te8d-2w5t,,2026-05-28T23:59:30+00:00
public_asset_downloads,month,2026-01-01,17205,,,te8d-2w5t,,2026-05-28T23:59:30+00:00
public_asset_downloads,month,2026-02-01,20566,,,te8d-2w5t,,2026-05-28T23:59:30+00:00
public_asset_downloads,month,2026-03-01,28490,,,te8d-2w5t,,2026-05-28T23:59:30+00:00
public_asset_downloads,month,2026-04-01,34298,,,te8d-2w5t,,2026-05-28T23:59:30+00:00
public_asset_downloads,month,2026-05-01,30746,,,te8d-2w5t,,2026-05-28T23:59:30+00:00
public_asset_downloads,year,2020-01-01,11391,,,,Aggregated from monthly values using sum.,2026-05-28T23:59:30+00:00
public_asset_downloads,year,2021-01-01,9564,,,,Aggregated from monthly values using sum.,2026-05-28T23:59:30+00:00
public_asset_downloads,year,2022-01-01,13403,,,,Aggregated from monthly values using sum.,2026-05-28T23:59:30+00:00
public_asset_downloads,year,2023-01-01,13256,,,,Aggregated from monthly values using sum.,2026-05-28T23:59:30+00:00
public_asset_downloads,year,2024-01-01,40709,,,,Aggregated from monthly values using sum.,2026-05-28T23:59:30+00:00
public_asset_downloads,year,2025-01-01,114843,,,,Aggregated from monthly values using sum.,2026-05-28T23:59:30+00:00
public_asset_downloads,year,2026-01-01,131305,,,,Aggregated from monthly values using sum.,2026-05-28T23:59:30+00:00
public_asset_views,month,2013-11-01,,,,,,2026-05-28T23:59:30+00:00
public_asset_views,month,2013-12-01,,,,,,2026-05-28T23:59:30+00:00
public_asset_views,month,2014-01-01,,,,,,2026-05-28T23:59:30+00:00
public_asset_views,month,2014-02-01,,,,,,2026-05-28T23:59:30+00:00
public_asset_views,month,2014-03-01,,,,,,2026-05-28T23:59:30+00:00
public_asset_views,month,2014-04-01,,,,,,2026-05-28T23:59:30+00:00
public_asset_views,month,2014-05-01,,,,,,2026-05-28T23:59:30+00:00
public_asset_views,month,2014-06-01,,,,,,2026-05-28T23:59:30+00:00
public_asset_views,month,2014-07-01,,,,,,2026-05-28T23:59:30+00:00
public_asset_views,month,2014-08-01,,,,,,2026-05-28T23:59:30+00:00
public_asset_views,month,2014-09-01,,,,,,2026-05-28T23:59:30+00:00
public_asset_views,month,2014-10-01,,,,,,2026-05-28T23:59:30+00:00
public_asset_views,month,2014-11-01,,,,,,2026-05-28T23:59:30+00:00
public_asset_views,month,2014-12-01,,,,,,2026-05-28T23:59:30+00:00
public_asset_views,month,2015-01-01,,,,,,2026-05-28T23:59:30+00:00
public_asset_views,month,2015-02-01,,,,,,2026-05-28T23:59:30+00:00
public_asset_views,month,2015-03-01,,,,,,2026-05-28T23:59:30+00:00
public_asset_views,month,2015-04-01,,,,,,2026-05-28T23:59:30+00:00
public_asset_views,month,2015-05-01,,,,,,2026-05-28T23:59:30+00:00
public_asset_views,month,2015-06-01,,,,,,2026-05-28T23:59:30+00:00
public_asset_views,month,2015-07-01,,,,,,2026-05-28T23:59:30+00:00
public_asset_views,month,2015-08-01,,,,,,2026-05-28T23:59:30+00:00
public_asset_views,month,2015-09-01,,,,,,2026-05-28T23:59:30+00:00
public_asset_views,month,2015-10-01,,,,,,2026-05-28T23:59:30+00:00
public_asset_views,month,2015-11-01,,,,,,2026-05-28T23:59:30+00:00
public_asset_views,month,2015-12-01,,,,,,2026-05-28T23:59:30+00:00
public_asset_views,month,2016-01-01,,,,,,2026-05-28T23:59:30+00:00
public_asset_views,month,2016-02-01,,,,,,2026-05-28T23:59:30+00:00
public_asset_views,month,2016-03-01,,,,,,2026-05-28T23:59:30+00:00
public_asset_views,month,2016-04-01,,,,,,2026-05-28T23:59:30+00:00
public_asset_views,month,2016-05-01,,,,,,2026-05-28T23:59:30+00:00
public_asset_views,month,2016-06-01,,,,,,2026-05-28T23:59:30+00:00
public_asset_views,month,2016-07-01,,,,,,2026-05-28T23:59:30+00:00
public_asset_views,month,2016-08-01,,,,,,2026-05-28T23:59:30+00:00
public_asset_views,month,2016-09-01,,,,,,2026-05-28T23:59:30+00:00
public_asset_views,month,2016-10-01,,,,,,2026-05-28T23:59:30+00:00
public_asset_views,month,2016-11-01,,,,,,2026-05-28T23:59:30+00:00
public_asset_views,month,2016-12-01,,,,,,2026-05-28T23:59:30+00:00
public_asset_views,month,2017-01-01,,,,,,2026-05-28T23:59:30+00:00
public_asset_views,month,2017-02-01,,,,,,2026-05-28T23:59:30+00:00
public_asset_views,month,2017-03-01,,,,,,2026-05-28T23:59:30+00:00
public_asset_views,month,2017-04-01,,,,,,2026-05-28T23:59:30+00:00
public_asset_views,month,2017-05-01,,,,,,2026-05-28T23:59:30+00:00
public_asset_views,month,2017-06-01,,,,,,2026-05-28T23:59:30+00:00
public_asset_views,month,2017-07-01,,,,,,2026-05-28T23:59:30+00:00
public_asset_views,month,2017-08-01,,,,,,2026-05-28T23:59:30+00:00
public_asset_views,month,2017-09-01,,,,,,2026-05-28T23:59:30+00:00
public_asset_views,month,2017-10-01,,,,,,2026-05-28T23:59:30+00:00
public_asset_views,month,2017-11-01,,,,,,2026-05-28T23:59:30+00:00
public_asset_views,month,2017-12-01,,,,,,2026-05-28T23:59:30+00:00
public_asset_views,month,2018-01-01,,,,,,2026-05-28T23:59:30+00:00
public_asset_views,month,2018-02-01,,,,,,2026-05-28T23:59:30+00:00
public_asset_views,month,2018-03-01,,,,,,2026-05-28T23:59:30+00:00
public_asset_views,month,2018-04-01,,,,,,2026-05-28T23:59:30+00:00
public_asset_views,month,2018-05-01,,,,,,2026-05-28T23:59:30+00:00
public_asset_views,month,2018-06-01,,,,,,2026-05-28T23:59:30+00:00
public_asset_views,month,2018-07-01,,,,,,2026-05-28T23:59:30+00:00
public_asset_views,month,2018-08-01,,,,,,2026-05-28T23:59:30+00:00
public_asset_views,month,2018-09-01,,,,,,2026-05-28T23:59:30+00:00
public_asset_views,month,2018-10-01,,,,,,2026-05-28T23:59:30+00:00
public_asset_views,month,2018-11-01,,,,,,2026-05-28T23:59:30+00:00
public_asset_views,month,2018-12-01,,,,,,2026-05-28T23:59:30+00:00
public_asset_views,month,2019-01-01,,,,,,2026-05-28T23:59:30+00:00
public_asset_views,month,2019-02-01,,,,,,2026-05-28T23:59:30+00:00
public_asset_views,month,2019-03-01,,,,,,2026-05-28T23:59:30+00:00
public_asset_views,month,2019-04-01,,,,,,2026-05-28T23:59:30+00:00
public_asset_views,month,2019-05-01,,,,,,2026-05-28T23:59:30+00:00
public_asset_views,month,2019-06-01,,,,,,2026-05-28T23:59:30+00:00
public_asset_views,month,2019-07-01,,,,,,2026-05-28T23:59:30+00:00
public_asset_views,month,2019-08-01,,,,,,2026-05-28T23:59:30+00:00
public_asset_views,month,2019-09-01,,,,,,2026-05-28T23:59:30+00:00
public_asset_views,month,2019-10-01,,,,,,2026-05-28T23:59:30+00:00
public_asset_views,month,2019-11-01,,,,,,2026-05-28T23:59:30+00:00
public_asset_views,month,2019-12-01,,,,,,2026-05-28T23:59:30+00:00
public_asset_views,month,2020-01-01,,,,,,2026-05-28T23:59:30+00:00
public_asset_views,month,2020-02-01,890,,,te8d-2w5t,,2026-05-28T23:59:30+00:00
public_asset_views,month,2020-03-01,964,,,te8d-2w5t,,2026-05-28T23:59:30+00:00
public_asset_views,month,2020-04-01,794,,,te8d-2w5t,,2026-05-28T23:59:30+00:00
public_asset_views,month,2020-05-01,817,,,te8d-2w5t,,2026-05-28T23:59:30+00:00
public_asset_views,month,2020-06-01,2197,,,te8d-2w5t,,2026-05-28T23:59:30+00:00
public_asset_views,month,2020-07-01,4436,,,te8d-2w5t,,2026-05-28T23:59:30+00:00
public_asset_views,month,2020-08-01,5097,,,te8d-2w5t,,2026-05-28T23:59:30+00:00
public_asset_views,month,2020-09-01,5421,,,te8d-2w5t,,2026-05-28T23:59:30+00:00
public_asset_views,month,2020-10-01,4724,,,te8d-2w5t,,2026-05-28T23:59:30+00:00
public_asset_views,month,2020-11-01,5650,,,te8d-2w5t,,2026-05-28T23:59:30+00:00
public_asset_views,month,2020-12-01,5929,,,te8d-2w5t,,2026-05-28T23:59:30+00:00
public_asset_views,month,2021-01-01,4107,,,te8d-2w5t,,2026-05-28T23:59:30+00:00
public_asset_views,month,2021-02-01,3665,,,te8d-2w5t,,2026-05-28T23:59:30+00:00
public_asset_views,month,2021-03-01,6284,,,te8d-2w5t,,2026-05-28T23:59:30+00:00
public_asset_views,month,2021-04-01,4827,,,te8d-2w5t,,2026-05-28T23:59:30+00:00
public_asset_views,month,2021-05-01,4777,,,te8d-2w5t,,2026-05-28T23:59:30+00:00
public_asset_views,month,2021-06-01,3557,,,te8d-2w5t,,2026-05-28T23:59:30+00:00
public_asset_views,month,2021-07-01,4556,,,te8d-2w5t,,2026-05-28T23:59:30+00:00
public_asset_views,month,2021-08-01,4004,,,te8d-2w5t,,2026-05-28T23:59:30+00:00
public_asset_views,month,2021-09-01,6188,,,te8d-2w5t,,2026-05-28T23:59:30+00:00
public_asset_views,month,2021-10-01,5007,,,te8d-2w5t,,2026-05-28T23:59:30+00:00
public_asset_views,month,2021-11-01,4975,,,te8d-2w5t,,2026-05-28T23:59:30+00:00
public_asset_views,month,2021-12-01,3333,,,te8d-2w5t,,2026-05-28T23:59:30+00:00
public_asset_views,month,2022-01-01,3443,,,te8d-2w5t,,2026-05-28T23:59:30+00:00
public_asset_views,month,2022-02-01,5016,,,te8d-2w5t,,2026-05-28T23:59:30+00:00
public_asset_views,month,2022-03-01,5899,,,te8d-2w5t,,2026-05-28T23:59:30+00:00
public_asset_views,month,2022-04-01,4283,,,te8d-2w5t,,2026-05-28T23:59:30+00:00
public_asset_views,month,2022-05-01,4630,,,te8d-2w5t,,2026-05-28T23:59:30+00:00
public_asset_views,month,2022-06-01,5965,,,te8d-2w5t,,2026-05-28T23:59:30+00:00
public_asset_views,month,2022-07-01,5624,,,te8d-2w5t,,2026-05-28T23:59:30+00:00
public_asset_views,month,2022-08-01,6842,,,te8d-2w5t,,2026-05-28T23:59:30+00:00
public_asset_views,month,2022-09-01,5779,,,te8d-2w5t,,2026-05-28T23:59:30+00:00
public_asset_views,month,2022-10-01,6176,,,te8d-2w5t,,2026-05-28T23:59:30+00:00
public_asset_views,month,2022-11-01,4639,,,te8d-2w5t,,2026-05-28T23:59:30+00:00
public_asset_views,month,2022-12-01,5924,,,te8d-2w5t,,2026-05-28T23:59:30+00:00
public_asset_views,month,2023-01-01,8355,,,te8d-2w5t,,2026-05-28T23:59:30+00:00
public_asset_views,month,2023-02-01,4244,,,te8d-2w5t,,2026-05-28T23:59:30+00:00
public_asset_views,month,2023-03-01,5007,,,te8d-2w5t,,2026-05-28T23:59:30+00:00
public_asset_views,month,2023-04-01,4575,,,te8d-2w5t,,2026-05-28T23:59:30+00:00
public_asset_views,month,2023-05-01,5598,,,te8d-2w5t,,2026-05-28T23:59:30+00:00
public_asset_views,month,2023-06-01,4237,,,te8d-2w5t,,2026-05-28T23:59:30+00:00
public_asset_views,month,2023-07-01,4342,,,te8d-2w5t,,2026-05-28T23:59:30+00:00
public_asset_views,month,2023-08-01,5591,,,te8d-2w5t,,2026-05-28T23:59:30+00:00
public_asset_views,month,2023-09-01,6966,,,te8d-2w5t,,2026-05-28T23:59:30+00:00
public_asset_views,month,2023-10-01,8930,,,te8d-2w5t,,2026-05-28T23:59:30+00:00
public_asset_views,month,2023-11-01,10070,,,te8d-2w5t,,2026-05-28T23:59:30+00:00
public_asset_views,month,2023-12-01,8127,,,te8d-2w5t,,2026-05-28T23:59:30+00:00
public_asset_views,month,2024-01-01,11002,,,te8d-2w5t,,2026-05-28T23:59:30+00:00
public_asset_views,month,2024-02-01,6062,,,te8d-2w5t,,2026-05-28T23:59:30+00:00
public_asset_views,month,2024-03-01,9267,,,te8d-2w5t,,2026-05-28T23:59:30+00:00
public_asset_views,month,2024-04-01,9193,,,te8d-2w5t,,2026-05-28T23:59:30+00:00
public_asset_views,month,2024-05-01,13021,,,te8d-2w5t,,2026-05-28T23:59:30+00:00
public_asset_views,month,2024-06-01,14424,,,te8d-2w5t,,2026-05-28T23:59:30+00:00
public_asset_views,month,2024-07-01,10742,,,te8d-2w5t,,2026-05-28T23:59:30+00:00
public_asset_views,month,2024-08-01,10501,,,te8d-2w5t,,2026-05-28T23:59:30+00:00
public_asset_views,month,2024-09-01,9306,,,te8d-2w5t,,2026-05-28T23:59:30+00:00
public_asset_views,month,2024-10-01,9804,,,te8d-2w5t,,2026-05-28T23:59:30+00:00
public_asset_views,month,2024-11-01,12066,,,te8d-2w5t,,2026-05-28T23:59:30+00:00
public_asset_views,month,2024-12-01,18329,,,te8d-2w5t,,2026-05-28T23:59:30+00:00
public_asset_views,month,2025-01-01,13472,,,te8d-2w5t,,2026-05-28T23:59:30+00:00
public_asset_views,month,2025-02-01,15190,,,te8d-2w5t,,2026-05-28T23:59:30+00:00
public_asset_views,month,2025-03-01,15902,,,te8d-2w5t,,2026-05-28T23:59:30+00:00
public_asset_views,month,2025-04-01,13111,,,te8d-2w5t,,2026-05-28T23:59:30+00:00
public_asset_views,month,2025-05-01,13612,,,te8d-2w5t,,2026-05-28T23:59:30+00:00
public_asset_views,month,2025-06-01,17848,,,te8d-2w5t,,2026-05-28T23:59:30+00:00
public_asset_views,month,2025-07-01,17457,,,te8d-2w5t,,2026-05-28T23:59:30+00:00
public_asset_views,month,2025-08-01,17635,,,te8d-2w5t,,2026-05-28T23:59:30+00:00
public_asset_views,month,2025-09-01,28153,,,te8d-2w5t,,2026-05-28T23:59:30+00:00
public_asset_views,month,2025-10-01,21540,,,te8d-2w5t,,2026-05-28T23:59:30+00:00
public_asset_views,month,2025-11-01,29350,,,te8d-2w5t,,2026-05-28T23:59:30+00:00
public_asset_views,month,2025-12-01,17667,,,te8d-2w5t,,2026-05-28T23:59:30+00:00
public_asset_views,month,2026-01-01,27900,,,te8d-2w5t,,2026-05-28T23:59:30+00:00
public_asset_views,month,2026-02-01,21211,,,te8d-2w5t,,2026-05-28T23:59:30+00:00
public_asset_views,month,2026-03-01,26925,,,te8d-2w5t,,2026-05-28T23:59:30+00:00
public_asset_views,month,2026-04-01,27515,,,te8d-2w5t,,2026-05-28T23:59:30+00:00
public_asset_views,month,2026-05-01,25227,,,te8d-2w5t,,2026-05-28T23:59:30+00:00
public_asset_views,year,2020-01-01,36919,,,,Aggregated from monthly values using sum.,2026-05-28T23:59:30+00:00
public_asset_views,year,2021-01-01,55280,,,,Aggregated from monthly values using sum.,2026-05-28T23:59:30+00:00
public_asset_views,year,2022-01-01,64220,,,,Aggregated from monthly values using sum.,2026-05-28T23:59:30+00:00
public_asset_views,year,2023-01-01,76042,,,,Aggregated from monthly values using sum.,2026-05-28T23:59:30+00:00
public_asset_views,year,2024-01-01,133717,,,,Aggregated from monthly values using sum.,2026-05-28T23:59:30+00:00
public_asset_views,year,2025-01-01,220937,,,,Aggregated from monthly values using sum.,2026-05-28T23:59:30+00:00
public_asset_views,year,2026-01-01,128778,,,,Aggregated from monthly values using sum.,2026-05-28T23:59:30+00:00
public_dataset_api_reads,month,2013-11-01,,,,,,2026-05-28T23:59:30+00:00
public_dataset_api_reads,month,2013-12-01,,,,,,2026-05-28T23:59:30+00:00
public_dataset_api_reads,month,2014-01-01,,,,,,2026-05-28T23:59:30+00:00
public_dataset_api_reads,month,2014-02-01,,,,,,2026-05-28T23:59:30+00:00
public_dataset_api_reads,month,2014-03-01,,,,,,2026-05-28T23:59:30+00:00
public_dataset_api_reads,month,2014-04-01,,,,,,2026-05-28T23:59:30+00:00
public_dataset_api_reads,month,2014-05-01,,,,,,2026-05-28T23:59:30+00:00
public_dataset_api_reads,month,2014-06-01,,,,,,2026-05-28T23:59:30+00:00
public_dataset_api_reads,month,2014-07-01,,,,,,2026-05-28T23:59:30+00:00
public_dataset_api_reads,month,2014-08-01,,,,,,2026-05-28T23:59:30+00:00
public_dataset_api_reads,month,2014-09-01,,,,,,2026-05-28T23:59:30+00:00
public_dataset_api_reads,month,2014-10-01,,,,,,2026-05-28T23:59:30+00:00
public_dataset_api_reads,month,2014-11-01,,,,,,2026-05-28T23:59:30+00:00
public_dataset_api_reads,month,2014-12-01,,,,,,2026-05-28T23:59:30+00:00
public_dataset_api_reads,month,2015-01-01,,,,,,2026-05-28T23:59:30+00:00
public_dataset_api_reads,month,2015-02-01,,,,,,2026-05-28T23:59:30+00:00
public_dataset_api_reads,month,2015-03-01,,,,,,2026-05-28T23:59:30+00:00
public_dataset_api_reads,month,2015-04-01,,,,,,2026-05-28T23:59:30+00:00
public_dataset_api_reads,month,2015-05-01,,,,,,2026-05-28T23:59:30+00:00
public_dataset_api_reads,month,2015-06-01,,,,,,2026-05-28T23:59:30+00:00
public_dataset_api_reads,month,2015-07-01,,,,,,2026-05-28T23:59:30+00:00
public_dataset_api_reads,month,2015-08-01,,,,,,2026-05-28T23:59:30+00:00
public_dataset_api_reads,month,2015-09-01,,,,,,2026-05-28T23:59:30+00:00
public_dataset_api_reads,month,2015-10-01,,,,,,2026-05-28T23:59:30+00:00
public_dataset_api_reads,month,2015-11-01,,,,,,2026-05-28T23:59:30+00:00
public_dataset_api_reads,month,2015-12-01,,,,,,2026-05-28T23:59:30+00:00
public_dataset_api_reads,month,2016-01-01,,,,,,2026-05-28T23:59:30+00:00
public_dataset_api_reads,month,2016-02-01,,,,,,2026-05-28T23:59:30+00:00
public_dataset_api_reads,month,2016-03-01,,,,,,2026-05-28T23:59:30+00:00
public_dataset_api_reads,month,2016-04-01,,,,,,2026-05-28T23:59:30+00:00
public_dataset_api_reads,month,2016-05-01,,,,,,2026-05-28T23:59:30+00:00
public_dataset_api_reads,month,2016-06-01,,,,,,2026-05-28T23:59:30+00:00
public_dataset_api_reads,month,2016-07-01,,,,,,2026-05-28T23:59:30+00:00
public_dataset_api_reads,month,2016-08-01,,,,,,2026-05-28T23:59:30+00:00
public_dataset_api_reads,month,2016-09-01,,,,,,2026-05-28T23:59:30+00:00
public_dataset_api_reads,month,2016-10-01,,,,,,2026-05-28T23:59:30+00:00
public_dataset_api_reads,month,2016-11-01,,,,,,2026-05-28T23:59:30+00:00
public_dataset_api_reads,month,2016-12-01,,,,,,2026-05-28T23:59:30+00:00
public_dataset_api_reads,month,2017-01-01,,,,,,2026-05-28T23:59:30+00:00
public_dataset_api_reads,month,2017-02-01,,,,,,2026-05-28T23:59:30+00:00
public_dataset_api_reads,month,2017-03-01,,,,,,2026-05-28T23:59:30+00:00
public_dataset_api_reads,month,2017-04-01,,,,,,2026-05-28T23:59:30+00:00
public_dataset_api_reads,month,2017-05-01,,,,,,2026-05-28T23:59:30+00:00
public_dataset_api_reads,month,2017-06-01,,,,,,2026-05-28T23:59:30+00:00
public_dataset_api_reads,month,2017-07-01,,,,,,2026-05-28T23:59:30+00:00
public_dataset_api_reads,month,2017-08-01,,,,,,2026-05-28T23:59:30+00:00
public_dataset_api_reads,month,2017-09-01,,,,,,2026-05-28T23:59:30+00:00
public_dataset_api_reads,month,2017-10-01,,,,,,2026-05-28T23:59:30+00:00
public_dataset_api_reads,month,2017-11-01,,,,,,2026-05-28T23:59:30+00:00
public_dataset_api_reads,month,2017-12-01,,,,,,2026-05-28T23:59:30+00:00
public_dataset_api_reads,month,2018-01-01,,,,,,2026-05-28T23:59:30+00:00
public_dataset_api_reads,month,2018-02-01,,,,,,2026-05-28T23:59:30+00:00
public_dataset_api_reads,month,2018-03-01,,,,,,2026-05-28T23:59:30+00:00
public_dataset_api_reads,month,2018-04-01,,,,,,2026-05-28T23:59:30+00:00
public_dataset_api_reads,month,2018-05-01,,,,,,2026-05-28T23:59:30+00:00
public_dataset_api_reads,month,2018-06-01,,,,,,2026-05-28T23:59:30+00:00
public_dataset_api_reads,month,2018-07-01,,,,,,2026-05-28T23:59:30+00:00
public_dataset_api_reads,month,2018-08-01,,,,,,2026-05-28T23:59:30+00:00
public_dataset_api_reads,month,2018-09-01,,,,,,2026-05-28T23:59:30+00:00
public_dataset_api_reads,month,2018-10-01,,,,,,2026-05-28T23:59:30+00:00
public_dataset_api_reads,month,2018-11-01,,,,,,2026-05-28T23:59:30+00:00
public_dataset_api_reads,month,2018-12-01,,,,,,2026-05-28T23:59:30+00:00
public_dataset_api_reads,month,2019-01-01,,,,,,2026-05-28T23:59:30+00:00
public_dataset_api_reads,month,2019-02-01,,,,,,2026-05-28T23:59:30+00:00
public_dataset_api_reads,month,2019-03-01,,,,,,2026-05-28T23:59:30+00:00
public_dataset_api_reads,month,2019-04-01,,,,,,2026-05-28T23:59:30+00:00
public_dataset_api_reads,month,2019-05-01,,,,,,2026-05-28T23:59:30+00:00
public_dataset_api_reads,month,2019-06-01,,,,,,2026-05-28T23:59:30+00:00
public_dataset_api_reads,month,2019-07-01,,,,,,2026-05-28T23:59:30+00:00
public_dataset_api_reads,month,2019-08-01,,,,,,2026-05-28T23:59:30+00:00
public_dataset_api_reads,month,2019-09-01,,,,,,2026-05-28T23:59:30+00:00
public_dataset_api_reads,month,2019-10-01,,,,,,2026-05-28T23:59:30+00:00
public_dataset_api_reads,month,2019-11-01,,,,,,2026-05-28T23:59:30+00:00
public_dataset_api_reads,month,2019-12-01,,,,,,2026-05-28T23:59:30+00:00
public_dataset_api_reads,month,2020-01-01,,,,,,2026-05-28T23:59:30+00:00
public_dataset_api_reads,month,2020-02-01,16947,,,te8d-2w5t,,2026-05-28T23:59:30+00:00
public_dataset_api_reads,month,2020-03-01,213292,,,te8d-2w5t,,2026-05-28T23:59:30+00:00
public_dataset_api_reads,month,2020-04-01,415069,,,te8d-2w5t,,2026-05-28T23:59:30+00:00
public_dataset_api_reads,month,2020-05-01,16168,,,te8d-2w5t,,2026-05-28T23:59:30+00:00
public_dataset_api_reads,month,2020-06-01,22133,,,te8d-2w5t,,2026-05-28T23:59:30+00:00
public_dataset_api_reads,month,2020-07-01,20411,,,te8d-2w5t,,2026-05-28T23:59:30+00:00
public_dataset_api_reads,month,2020-08-01,25475,,,te8d-2w5t,,2026-05-28T23:59:30+00:00
public_dataset_api_reads,month,2020-09-01,22096,,,te8d-2w5t,,2026-05-28T23:59:30+00:00
public_dataset_api_reads,month,2020-10-01,19894,,,te8d-2w5t,,2026-05-28T23:59:30+00:00
public_dataset_api_reads,month,2020-11-01,25872,,,te8d-2w5t,,2026-05-28T23:59:30+00:00
public_dataset_api_reads,month,2020-12-01,50970,,,te8d-2w5t,,2026-05-28T23:59:30+00:00
public_dataset_api_reads,month,2021-01-01,66209,,,te8d-2w5t,,2026-05-28T23:59:30+00:00
public_dataset_api_reads,month,2021-02-01,74891,,,te8d-2w5t,,2026-05-28T23:59:30+00:00
public_dataset_api_reads,month,2021-03-01,88125,,,te8d-2w5t,,2026-05-28T23:59:30+00:00
public_dataset_api_reads,month,2021-04-01,91579,,,te8d-2w5t,,2026-05-28T23:59:30+00:00
public_dataset_api_reads,month,2021-05-01,80788,,,te8d-2w5t,,2026-05-28T23:59:30+00:00
public_dataset_api_reads,month,2021-06-01,100887,,,te8d-2w5t,,2026-05-28T23:59:30+00:00
public_dataset_api_reads,month,2021-07-01,96503,,,te8d-2w5t,,2026-05-28T23:59:30+00:00
public_dataset_api_reads,month,2021-08-01,79278,,,te8d-2w5t,,2026-05-28T23:59:30+00:00
public_dataset_api_reads,month,2021-09-01,81554,,,te8d-2w5t,,2026-05-28T23:59:30+00:00
public_dataset_api_reads,month,2021-10-01,100445,,,te8d-2w5t,,2026-05-28T23:59:30+00:00
public_dataset_api_reads,month,2021-11-01,110384,,,te8d-2w5t,,2026-05-28T23:59:30+00:00
public_dataset_api_reads,month,2021-12-01,92394,,,te8d-2w5t,,2026-05-28T23:59:30+00:00
public_dataset_api_reads,month,2022-01-01,78064,,,te8d-2w5t,,2026-05-28T23:59:30+00:00
public_dataset_api_reads,month,2022-02-01,86657,,,te8d-2w5t,,2026-05-28T23:59:30+00:00
public_dataset_api_reads,month,2022-03-01,239151,,,te8d-2w5t,,2026-05-28T23:59:30+00:00
public_dataset_api_reads,month,2022-04-01,249272,,,te8d-2w5t,,2026-05-28T23:59:30+00:00
public_dataset_api_reads,month,2022-05-01,215466,,,te8d-2w5t,,2026-05-28T23:59:30+00:00
public_dataset_api_reads,month,2022-06-01,201346,,,te8d-2w5t,,2026-05-28T23:59:30+00:00
public_dataset_api_reads,month,2022-07-01,234849,,,te8d-2w5t,,2026-05-28T23:59:30+00:00
public_dataset_api_reads,month,2022-08-01,185560,,,te8d-2w5t,,2026-05-28T23:59:30+00:00
public_dataset_api_reads,month,2022-09-01,149609,,,te8d-2w5t,,2026-05-28T23:59:30+00:00
public_dataset_api_reads,month,2022-10-01,144991,,,te8d-2w5t,,2026-05-28T23:59:30+00:00
public_dataset_api_reads,month,2022-11-01,166053,,,te8d-2w5t,,2026-05-28T23:59:30+00:00
public_dataset_api_reads,month,2022-12-01,205462,,,te8d-2w5t,,2026-05-28T23:59:30+00:00
public_dataset_api_reads,month,2023-01-01,191335,,,te8d-2w5t,,2026-05-28T23:59:30+00:00
public_dataset_api_reads,month,2023-02-01,180911,,,te8d-2w5t,,2026-05-28T23:59:30+00:00
public_dataset_api_reads,month,2023-03-01,129327,,,te8d-2w5t,,2026-05-28T23:59:30+00:00
public_dataset_api_reads,month,2023-04-01,222378,,,te8d-2w5t,,2026-05-28T23:59:30+00:00
public_dataset_api_reads,month,2023-05-01,115116,,,te8d-2w5t,,2026-05-28T23:59:30+00:00
public_dataset_api_reads,month,2023-06-01,49466,,,te8d-2w5t,,2026-05-28T23:59:30+00:00
public_dataset_api_reads,month,2023-07-01,36630,,,te8d-2w5t,,2026-05-28T23:59:30+00:00
public_dataset_api_reads,month,2023-08-01,40293,,,te8d-2w5t,,2026-05-28T23:59:30+00:00
public_dataset_api_reads,month,2023-09-01,47564,,,te8d-2w5t,,2026-05-28T23:59:30+00:00
public_dataset_api_reads,month,2023-10-01,42936,,,te8d-2w5t,,2026-05-28T23:59:30+00:00
public_dataset_api_reads,month,2023-11-01,40986,,,te8d-2w5t,,2026-05-28T23:59:30+00:00
public_dataset_api_reads,month,2023-12-01,41639,,,te8d-2w5t,,2026-05-28T23:59:30+00:00
public_dataset_api_reads,month,2024-01-01,55163,,,te8d-2w5t,,2026-05-28T23:59:30+00:00
public_dataset_api_reads,month,2024-02-01,48705,,,te8d-2w5t,,2026-05-28T23:59:30+00:00
public_dataset_api_reads,month,2024-03-01,57091,,,te8d-2w5t,,2026-05-28T23:59:30+00:00
public_dataset_api_reads,month,2024-04-01,45902,,,te8d-2w5t,,2026-05-28T23:59:30+00:00
public_dataset_api_reads,month,2024-05-01,99225,,,te8d-2w5t,,2026-05-28T23:59:30+00:00
public_dataset_api_reads,month,2024-06-01,169986,,,te8d-2w5t,,2026-05-28T23:59:30+00:00
public_dataset_api_reads,month,2024-07-01,150574,,,te8d-2w5t,,2026-05-28T23:59:30+00:00
public_dataset_api_reads,month,2024-08-01,143581,,,te8d-2w5t,,2026-05-28T23:59:30+00:00
public_dataset_api_reads,month,2024-09-01,114041,,,te8d-2w5t,,2026-05-28T23:59:30+00:00
public_dataset_api_reads,month,2024-10-01,105617,,,te8d-2w5t,,2026-05-28T23:59:30+00:00
public_dataset_api_reads,month,2024-11-01,192455,,,te8d-2w5t,,2026-05-28T23:59:30+00:00
public_dataset_api_reads,month,2024-12-01,153147,,,te8d-2w5t,,2026-05-28T23:59:30+00:00
public_dataset_api_reads,month,2025-01-01,234722,,,te8d-2w5t,,2026-05-28T23:59:30+00:00
public_dataset_api_reads,month,2025-02-01,210799,,,te8d-2w5t,,2026-05-28T23:59:30+00:00
public_dataset_api_reads,month,2025-03-01,129367,,,te8d-2w5t,,2026-05-28T23:59:30+00:00
public_dataset_api_reads,month,2025-04-01,123939,,,te8d-2w5t,,2026-05-28T23:59:30+00:00
public_dataset_api_reads,month,2025-05-01,176303,,,te8d-2w5t,,2026-05-28T23:59:30+00:00
public_dataset_api_reads,month,2025-06-01,232456,,,te8d-2w5t,,2026-05-28T23:59:30+00:00
public_dataset_api_reads,month,2025-07-01,195088,,,te8d-2w5t,,2026-05-28T23:59:30+00:00
public_dataset_api_reads,month,2025-08-01,79099,,,te8d-2w5t,,2026-05-28T23:59:30+00:00
public_dataset_api_reads,month,2025-09-01,70725,,,te8d-2w5t,,2026-05-28T23:59:30+00:00
public_dataset_api_reads,month,2025-10-01,55028,,,te8d-2w5t,,2026-05-28T23:59:30+00:00
public_dataset_api_reads,month,2025-11-01,75808,,,te8d-2w5t,,2026-05-28T23:59:30+00:00
public_dataset_api_reads,month,2025-12-01,171809,,,te8d-2w5t,,2026-05-28T23:59:30+00:00
public_dataset_api_reads,month,2026-01-01,221667,,,te8d-2w5t,,2026-05-28T23:59:30+00:00
public_dataset_api_reads,month,2026-02-01,356699,,,te8d-2w5t,,2026-05-28T23:59:30+00:00
public_dataset_api_reads,month,2026-03-01,263473,,,te8d-2w5t,,2026-05-28T23:59:30+00:00
public_dataset_api_reads,month,2026-04-01,123663,,,te8d-2w5t,,2026-05-28T23:59:30+00:00
public_dataset_api_reads,month,2026-05-01,287523,,,te8d-2w5t,,2026-05-28T23:59:30+00:00
public_dataset_api_reads,year,2020-01-01,848327,,,,Aggregated from monthly values using sum.,2026-05-28T23:59:30+00:00
public_dataset_api_reads,year,2021-01-01,1063037,,,,Aggregated from monthly values using sum.,2026-05-28T23:59:30+00:00
public_dataset_api_reads,year,2022-01-01,2156480,,,,Aggregated from monthly values using sum.,2026-05-28T23:59:30+00:00
public_dataset_api_reads,year,2023-01-01,1138581,,,,Aggregated from monthly values using sum.,2026-05-28T23:59:30+00:00
public_dataset_api_reads,year,2024-01-01,1335487,,,,Aggregated from monthly values using sum.,2026-05-28T23:59:30+00:00
public_dataset_api_reads,year,2025-01-01,1755143,,,,Aggregated from monthly values using sum.,2026-05-28T23:59:30+00:00
public_dataset_api_reads,year,2026-01-01,1253025,,,,Aggregated from monthly values using sum.,2026-05-28T23:59:30+00:00
public_dataset_downloads,month,2013-11-01,,,,,,2026-05-28T23:59:30+00:00
public_dataset_downloads,month,2013-12-01,,,,,,2026-05-28T23:59:30+00:00
public_dataset_downloads,month,2014-01-01,,,,,,2026-05-28T23:59:30+00:00
public_dataset_downloads,month,2014-02-01,,,,,,2026-05-28T23:59:30+00:00
public_dataset_downloads,month,2014-03-01,,,,,,2026-05-28T23:59:30+00:00
public_dataset_downloads,month,2014-04-01,,,,,,2026-05-28T23:59:30+00:00
public_dataset_downloads,month,2014-05-01,,,,,,2026-05-28T23:59:30+00:00
public_dataset_downloads,month,2014-06-01,,,,,,2026-05-28T23:59:30+00:00
public_dataset_downloads,month,2014-07-01,,,,,,2026-05-28T23:59:30+00:00
public_dataset_downloads,month,2014-08-01,,,,,,2026-05-28T23:59:30+00:00
public_dataset_downloads,month,2014-09-01,,,,,,2026-05-28T23:59:30+00:00
public_dataset_downloads,month,2014-10-01,,,,,,2026-05-28T23:59:30+00:00
public_dataset_downloads,month,2014-11-01,,,,,,2026-05-28T23:59:30+00:00
public_dataset_downloads,month,2014-12-01,,,,,,2026-05-28T23:59:30+00:00
public_dataset_downloads,month,2015-01-01,,,,,,2026-05-28T23:59:30+00:00
public_dataset_downloads,month,2015-02-01,,,,,,2026-05-28T23:59:30+00:00
public_dataset_downloads,month,2015-03-01,,,,,,2026-05-28T23:59:30+00:00
public_dataset_downloads,month,2015-04-01,,,,,,2026-05-28T23:59:30+00:00
public_dataset_downloads,month,2015-05-01,,,,,,2026-05-28T23:59:30+00:00
public_dataset_downloads,month,2015-06-01,,,,,,2026-05-28T23:59:30+00:00
public_dataset_downloads,month,2015-07-01,,,,,,2026-05-28T23:59:30+00:00
public_dataset_downloads,month,2015-08-01,,,,,,2026-05-28T23:59:30+00:00
public_dataset_downloads,month,2015-09-01,,,,,,2026-05-28T23:59:30+00:00
public_dataset_downloads,month,2015-10-01,,,,,,2026-05-28T23:59:30+00:00
public_dataset_downloads,month,2015-11-01,,,,,,2026-05-28T23:59:30+00:00
public_dataset_downloads,month,2015-12-01,,,,,,2026-05-28T23:59:30+00:00
public_dataset_downloads,month,2016-01-01,,,,,,2026-05-28T23:59:30+00:00
public_dataset_downloads,month,2016-02-01,,,,,,2026-05-28T23:59:30+00:00
public_dataset_downloads,month,2016-03-01,,,,,,2026-05-28T23:59:30+00:00
public_dataset_downloads,month,2016-04-01,,,,,,2026-05-28T23:59:30+00:00
public_dataset_downloads,month,2016-05-01,,,,,,2026-05-28T23:59:30+00:00
public_dataset_downloads,month,2016-06-01,,,,,,2026-05-28T23:59:30+00:00
public_dataset_downloads,month,2016-07-01,,,,,,2026-05-28T23:59:30+00:00
public_dataset_downloads,month,2016-08-01,,,,,,2026-05-28T23:59:30+00:00
public_dataset_downloads,month,2016-09-01,,,,,,2026-05-28T23:59:30+00:00
public_dataset_downloads,month,2016-10-01,,,,,,2026-05-28T23:59:30+00:00
public_dataset_downloads,month,2016-11-01,,,,,,2026-05-28T23:59:30+00:00
public_dataset_downloads,month,2016-12-01,,,,,,2026-05-28T23:59:30+00:00
public_dataset_downloads,month,2017-01-01,,,,,,2026-05-28T23:59:30+00:00
public_dataset_downloads,month,2017-02-01,,,,,,2026-05-28T23:59:30+00:00
public_dataset_downloads,month,2017-03-01,,,,,,2026-05-28T23:59:30+00:00
public_dataset_downloads,month,2017-04-01,,,,,,2026-05-28T23:59:30+00:00
public_dataset_downloads,month,2017-05-01,,,,,,2026-05-28T23:59:30+00:00
public_dataset_downloads,month,2017-06-01,,,,,,2026-05-28T23:59:30+00:00
public_dataset_downloads,month,2017-07-01,,,,,,2026-05-28T23:59:30+00:00
public_dataset_downloads,month,2017-08-01,,,,,,2026-05-28T23:59:30+00:00
public_dataset_downloads,month,2017-09-01,,,,,,2026-05-28T23:59:30+00:00
public_dataset_downloads,month,2017-10-01,,,,,,2026-05-28T23:59:30+00:00
public_dataset_downloads,month,2017-11-01,,,,,,2026-05-28T23:59:30+00:00
public_dataset_downloads,month,2017-12-01,,,,,,2026-05-28T23:59:30+00:00
public_dataset_downloads,month,2018-01-01,,,,,,2026-05-28T23:59:30+00:00
public_dataset_downloads,month,2018-02-01,,,,,,2026-05-28T23:59:30+00:00
public_dataset_downloads,month,2018-03-01,,,,,,2026-05-28T23:59:30+00:00
public_dataset_downloads,month,2018-04-01,,,,,,2026-05-28T23:59:30+00:00
public_dataset_downloads,month,2018-05-01,,,,,,2026-05-28T23:59:30+00:00
public_dataset_downloads,month,2018-06-01,,,,,,2026-05-28T23:59:30+00:00
public_dataset_downloads,month,2018-07-01,,,,,,2026-05-28T23:59:30+00:00
public_dataset_downloads,month,2018-08-01,,,,,,2026-05-28T23:59:30+00:00
public_dataset_downloads,month,2018-09-01,,,,,,2026-05-28T23:59:30+00:00
public_dataset_downloads,month,2018-10-01,,,,,,2026-05-28T23:59:30+00:00
public_dataset_downloads,month,2018-11-01,,,,,,2026-05-28T23:59:30+00:00
public_dataset_downloads,month,2018-12-01,,,,,,2026-05-28T23:59:30+00:00
public_dataset_downloads,month,2019-01-01,,,,,,2026-05-28T23:59:30+00:00
public_dataset_downloads,month,2019-02-01,,,,,,2026-05-28T23:59:30+00:00
public_dataset_downloads,month,2019-03-01,,,,,,2026-05-28T23:59:30+00:00
public_dataset_downloads,month,2019-04-01,,,,,,2026-05-28T23:59:30+00:00
public_dataset_downloads,month,2019-05-01,,,,,,2026-05-28T23:59:30+00:00
public_dataset_downloads,month,2019-06-01,,,,,,2026-05-28T23:59:30+00:00
public_dataset_downloads,month,2019-07-01,,,,,,2026-05-28T23:59:30+00:00
public_dataset_downloads,month,2019-08-01,,,,,,2026-05-28T23:59:30+00:00
public_dataset_downloads,month,2019-09-01,,,,,,2026-05-28T23:59:30+00:00
public_dataset_downloads,month,2019-10-01,,,,,,2026-05-28T23:59:30+00:00
public_dataset_downloads,month,2019-11-01,,,,,,2026-05-28T23:59:30+00:00
public_dataset_downloads,month,2019-12-01,,,,,,2026-05-28T23:59:30+00:00
public_dataset_downloads,month,2020-01-01,,,,,,2026-05-28T23:59:30+00:00
public_dataset_downloads,month,2020-02-01,655,,,te8d-2w5t,,2026-05-28T23:59:30+00:00
public_dataset_downloads,month,2020-03-01,682,,,te8d-2w5t,,2026-05-28T23:59:30+00:00
public_dataset_downloads,month,2020-04-01,1406,,,te8d-2w5t,,2026-05-28T23:59:30+00:00
public_dataset_downloads,month,2020-05-01,742,,,te8d-2w5t,,2026-05-28T23:59:30+00:00
public_dataset_downloads,month,2020-06-01,1259,,,te8d-2w5t,,2026-05-28T23:59:30+00:00
public_dataset_downloads,month,2020-07-01,812,,,te8d-2w5t,,2026-05-28T23:59:30+00:00
public_dataset_downloads,month,2020-08-01,1027,,,te8d-2w5t,,2026-05-28T23:59:30+00:00
public_dataset_downloads,month,2020-09-01,665,,,te8d-2w5t,,2026-05-28T23:59:30+00:00
public_dataset_downloads,month,2020-10-01,1152,,,te8d-2w5t,,2026-05-28T23:59:30+00:00
public_dataset_downloads,month,2020-11-01,1315,,,te8d-2w5t,,2026-05-28T23:59:30+00:00
public_dataset_downloads,month,2020-12-01,1145,,,te8d-2w5t,,2026-05-28T23:59:30+00:00
public_dataset_downloads,month,2021-01-01,560,,,te8d-2w5t,,2026-05-28T23:59:30+00:00
public_dataset_downloads,month,2021-02-01,555,,,te8d-2w5t,,2026-05-28T23:59:30+00:00
public_dataset_downloads,month,2021-03-01,444,,,te8d-2w5t,,2026-05-28T23:59:30+00:00
public_dataset_downloads,month,2021-04-01,422,,,te8d-2w5t,,2026-05-28T23:59:30+00:00
public_dataset_downloads,month,2021-05-01,388,,,te8d-2w5t,,2026-05-28T23:59:30+00:00
public_dataset_downloads,month,2021-06-01,392,,,te8d-2w5t,,2026-05-28T23:59:30+00:00
public_dataset_downloads,month,2021-07-01,694,,,te8d-2w5t,,2026-05-28T23:59:30+00:00
public_dataset_downloads,month,2021-08-01,865,,,te8d-2w5t,,2026-05-28T23:59:30+00:00
public_dataset_downloads,month,2021-09-01,702,,,te8d-2w5t,,2026-05-28T23:59:30+00:00
public_dataset_downloads,month,2021-10-01,1354,,,te8d-2w5t,,2026-05-28T23:59:30+00:00
public_dataset_downloads,month,2021-11-01,1563,,,te8d-2w5t,,2026-05-28T23:59:30+00:00
public_dataset_downloads,month,2021-12-01,695,,,te8d-2w5t,,2026-05-28T23:59:30+00:00
public_dataset_downloads,month,2022-01-01,981,,,te8d-2w5t,,2026-05-28T23:59:30+00:00
public_dataset_downloads,month,2022-02-01,741,,,te8d-2w5t,,2026-05-28T23:59:30+00:00
public_dataset_downloads,month,2022-03-01,878,,,te8d-2w5t,,2026-05-28T23:59:30+00:00
public_dataset_downloads,month,2022-04-01,689,,,te8d-2w5t,,2026-05-28T23:59:30+00:00
public_dataset_downloads,month,2022-05-01,586,,,te8d-2w5t,,2026-05-28T23:59:30+00:00
public_dataset_downloads,month,2022-06-01,548,,,te8d-2w5t,,2026-05-28T23:59:30+00:00
public_dataset_downloads,month,2022-07-01,853,,,te8d-2w5t,,2026-05-28T23:59:30+00:00
public_dataset_downloads,month,2022-08-01,591,,,te8d-2w5t,,2026-05-28T23:59:30+00:00
public_dataset_downloads,month,2022-09-01,1090,,,te8d-2w5t,,2026-05-28T23:59:30+00:00
public_dataset_downloads,month,2022-10-01,1659,,,te8d-2w5t,,2026-05-28T23:59:30+00:00
public_dataset_downloads,month,2022-11-01,572,,,te8d-2w5t,,2026-05-28T23:59:30+00:00
public_dataset_downloads,month,2022-12-01,442,,,te8d-2w5t,,2026-05-28T23:59:30+00:00
public_dataset_downloads,month,2023-01-01,373,,,te8d-2w5t,,2026-05-28T23:59:30+00:00
public_dataset_downloads,month,2023-02-01,480,,,te8d-2w5t,,2026-05-28T23:59:30+00:00
public_dataset_downloads,month,2023-03-01,399,,,te8d-2w5t,,2026-05-28T23:59:30+00:00
public_dataset_downloads,month,2023-04-01,668,,,te8d-2w5t,,2026-05-28T23:59:30+00:00
public_dataset_downloads,month,2023-05-01,598,,,te8d-2w5t,,2026-05-28T23:59:30+00:00
public_dataset_downloads,month,2023-06-01,442,,,te8d-2w5t,,2026-05-28T23:59:30+00:00
public_dataset_downloads,month,2023-07-01,952,,,te8d-2w5t,,2026-05-28T23:59:30+00:00
public_dataset_downloads,month,2023-08-01,499,,,te8d-2w5t,,2026-05-28T23:59:30+00:00
public_dataset_downloads,month,2023-09-01,1678,,,te8d-2w5t,,2026-05-28T23:59:30+00:00
public_dataset_downloads,month,2023-10-01,1847,,,te8d-2w5t,,2026-05-28T23:59:30+00:00
public_dataset_downloads,month,2023-11-01,908,,,te8d-2w5t,,2026-05-28T23:59:30+00:00
public_dataset_downloads,month,2023-12-01,947,,,te8d-2w5t,,2026-05-28T23:59:30+00:00
public_dataset_downloads,month,2024-01-01,784,,,te8d-2w5t,,2026-05-28T23:59:30+00:00
public_dataset_downloads,month,2024-02-01,390,,,te8d-2w5t,,2026-05-28T23:59:30+00:00
public_dataset_downloads,month,2024-03-01,433,,,te8d-2w5t,,2026-05-28T23:59:30+00:00
public_dataset_downloads,month,2024-04-01,743,,,te8d-2w5t,,2026-05-28T23:59:30+00:00
public_dataset_downloads,month,2024-05-01,1009,,,te8d-2w5t,,2026-05-28T23:59:30+00:00
public_dataset_downloads,month,2024-06-01,2319,,,te8d-2w5t,,2026-05-28T23:59:30+00:00
public_dataset_downloads,month,2024-07-01,1301,,,te8d-2w5t,,2026-05-28T23:59:30+00:00
public_dataset_downloads,month,2024-08-01,1792,,,te8d-2w5t,,2026-05-28T23:59:30+00:00
public_dataset_downloads,month,2024-09-01,1540,,,te8d-2w5t,,2026-05-28T23:59:30+00:00
public_dataset_downloads,month,2024-10-01,4187,,,te8d-2w5t,,2026-05-28T23:59:30+00:00
public_dataset_downloads,month,2024-11-01,2359,,,te8d-2w5t,,2026-05-28T23:59:30+00:00
public_dataset_downloads,month,2024-12-01,8033,,,te8d-2w5t,,2026-05-28T23:59:30+00:00
public_dataset_downloads,month,2025-01-01,3080,,,te8d-2w5t,,2026-05-28T23:59:30+00:00
public_dataset_downloads,month,2025-02-01,39680,,,te8d-2w5t,,2026-05-28T23:59:30+00:00
public_dataset_downloads,month,2025-03-01,5621,,,te8d-2w5t,,2026-05-28T23:59:30+00:00
public_dataset_downloads,month,2025-04-01,3503,,,te8d-2w5t,,2026-05-28T23:59:30+00:00
public_dataset_downloads,month,2025-05-01,3855,,,te8d-2w5t,,2026-05-28T23:59:30+00:00
public_dataset_downloads,month,2025-06-01,4737,,,te8d-2w5t,,2026-05-28T23:59:30+00:00
public_dataset_downloads,month,2025-07-01,5720,,,te8d-2w5t,,2026-05-28T23:59:30+00:00
public_dataset_downloads,month,2025-08-01,6434,,,te8d-2w5t,,2026-05-28T23:59:30+00:00
public_dataset_downloads,month,2025-09-01,5991,,,te8d-2w5t,,2026-05-28T23:59:30+00:00
public_dataset_downloads,month,2025-10-01,8338,,,te8d-2w5t,,2026-05-28T23:59:30+00:00
public_dataset_downloads,month,2025-11-01,7364,,,te8d-2w5t,,2026-05-28T23:59:30+00:00
public_dataset_downloads,month,2025-12-01,9904,,,te8d-2w5t,,2026-05-28T23:59:30+00:00
public_dataset_downloads,month,2026-01-01,15455,,,te8d-2w5t,,2026-05-28T23:59:30+00:00
public_dataset_downloads,month,2026-02-01,17539,,,te8d-2w5t,,2026-05-28T23:59:30+00:00
public_dataset_downloads,month,2026-03-01,25214,,,te8d-2w5t,,2026-05-28T23:59:30+00:00
public_dataset_downloads,month,2026-04-01,30545,,,te8d-2w5t,,2026-05-28T23:59:30+00:00
public_dataset_downloads,month,2026-05-01,27408,,,te8d-2w5t,,2026-05-28T23:59:30+00:00
public_dataset_downloads,year,2020-01-01,10860,,,,Aggregated from monthly values using sum.,2026-05-28T23:59:30+00:00
public_dataset_downloads,year,2021-01-01,8634,,,,Aggregated from monthly values using sum.,2026-05-28T23:59:30+00:00
public_dataset_downloads,year,2022-01-01,9630,,,,Aggregated from monthly values using sum.,2026-05-28T23:59:30+00:00
public_dataset_downloads,year,2023-01-01,9791,,,,Aggregated from monthly values using sum.,2026-05-28T23:59:30+00:00
public_dataset_downloads,year,2024-01-01,24890,,,,Aggregated from monthly values using sum.,2026-05-28T23:59:30+00:00
public_dataset_downloads,year,2025-01-01,104227,,,,Aggregated from monthly values using sum.,2026-05-28T23:59:30+00:00
public_dataset_downloads,year,2026-01-01,116161,,,,Aggregated from monthly values using sum.,2026-05-28T23:59:30+00:00
public_dataset_page_views,month,2013-11-01,,,,,,2026-05-28T23:59:30+00:00
public_dataset_page_views,month,2013-12-01,,,,,,2026-05-28T23:59:30+00:00
public_dataset_page_views,month,2014-01-01,,,,,,2026-05-28T23:59:30+00:00
public_dataset_page_views,month,2014-02-01,,,,,,2026-05-28T23:59:30+00:00
public_dataset_page_views,month,2014-03-01,,,,,,2026-05-28T23:59:30+00:00
public_dataset_page_views,month,2014-04-01,,,,,,2026-05-28T23:59:30+00:00
public_dataset_page_views,month,2014-05-01,,,,,,2026-05-28T23:59:30+00:00
public_dataset_page_views,month,2014-06-01,,,,,,2026-05-28T23:59:30+00:00
public_dataset_page_views,month,2014-07-01,,,,,,2026-05-28T23:59:30+00:00
public_dataset_page_views,month,2014-08-01,,,,,,2026-05-28T23:59:30+00:00
public_dataset_page_views,month,2014-09-01,,,,,,2026-05-28T23:59:30+00:00
public_dataset_page_views,month,2014-10-01,,,,,,2026-05-28T23:59:30+00:00
public_dataset_page_views,month,2014-11-01,,,,,,2026-05-28T23:59:30+00:00
public_dataset_page_views,month,2014-12-01,,,,,,2026-05-28T23:59:30+00:00
public_dataset_page_views,month,2015-01-01,,,,,,2026-05-28T23:59:30+00:00
public_dataset_page_views,month,2015-02-01,,,,,,2026-05-28T23:59:30+00:00
public_dataset_page_views,month,2015-03-01,,,,,,2026-05-28T23:59:30+00:00
public_dataset_page_views,month,2015-04-01,,,,,,2026-05-28T23:59:30+00:00
public_dataset_page_views,month,2015-05-01,,,,,,2026-05-28T23:59:30+00:00
public_dataset_page_views,month,2015-06-01,,,,,,2026-05-28T23:59:30+00:00
public_dataset_page_views,month,2015-07-01,,,,,,2026-05-28T23:59:30+00:00
public_dataset_page_views,month,2015-08-01,,,,,,2026-05-28T23:59:30+00:00
public_dataset_page_views,month,2015-09-01,,,,,,2026-05-28T23:59:30+00:00
public_dataset_page_views,month,2015-10-01,,,,,,2026-05-28T23:59:30+00:00
public_dataset_page_views,month,2015-11-01,,,,,,2026-05-28T23:59:30+00:00
public_dataset_page_views,month,2015-12-01,,,,,,2026-05-28T23:59:30+00:00
public_dataset_page_views,month,2016-01-01,,,,,,2026-05-28T23:59:30+00:00
public_dataset_page_views,month,2016-02-01,,,,,,2026-05-28T23:59:30+00:00
public_dataset_page_views,month,2016-03-01,,,,,,2026-05-28T23:59:30+00:00
public_dataset_page_views,month,2016-04-01,,,,,,2026-05-28T23:59:30+00:00
public_dataset_page_views,month,2016-05-01,,,,,,2026-05-28T23:59:30+00:00
public_dataset_page_views,month,2016-06-01,,,,,,2026-05-28T23:59:30+00:00
public_dataset_page_views,month,2016-07-01,,,,,,2026-05-28T23:59:30+00:00
public_dataset_page_views,month,2016-08-01,,,,,,2026-05-28T23:59:30+00:00
public_dataset_page_views,month,2016-09-01,,,,,,2026-05-28T23:59:30+00:00
public_dataset_page_views,month,2016-10-01,,,,,,2026-05-28T23:59:30+00:00
public_dataset_page_views,month,2016-11-01,,,,,,2026-05-28T23:59:30+00:00
public_dataset_page_views,month,2016-12-01,,,,,,2026-05-28T23:59:30+00:00
public_dataset_page_views,month,2017-01-01,,,,,,2026-05-28T23:59:30+00:00
public_dataset_page_views,month,2017-02-01,,,,,,2026-05-28T23:59:30+00:00
public_dataset_page_views,month,2017-03-01,,,,,,2026-05-28T23:59:30+00:00
public_dataset_page_views,month,2017-04-01,,,,,,2026-05-28T23:59:30+00:00
public_dataset_page_views,month,2017-05-01,,,,,,2026-05-28T23:59:30+00:00
public_dataset_page_views,month,2017-06-01,,,,,,2026-05-28T23:59:30+00:00
public_dataset_page_views,month,2017-07-01,,,,,,2026-05-28T23:59:30+00:00
public_dataset_page_views,month,2017-08-01,,,,,,2026-05-28T23:59:30+00:00
public_dataset_page_views,month,2017-09-01,,,,,,2026-05-28T23:59:30+00:00
public_dataset_page_views,month,2017-10-01,,,,,,2026-05-28T23:59:30+00:00
public_dataset_page_views,month,2017-11-01,,,,,,2026-05-28T23:59:30+00:00
public_dataset_page_views,month,2017-12-01,,,,,,2026-05-28T23:59:30+00:00
public_dataset_page_views,month,2018-01-01,,,,,,2026-05-28T23:59:30+00:00
public_dataset_page_views,month,2018-02-01,,,,,,2026-05-28T23:59:30+00:00
public_dataset_page_views,month,2018-03-01,,,,,,2026-05-28T23:59:30+00:00
public_dataset_page_views,month,2018-04-01,,,,,,2026-05-28T23:59:30+00:00
public_dataset_page_views,month,2018-05-01,,,,,,2026-05-28T23:59:30+00:00
public_dataset_page_views,month,2018-06-01,,,,,,2026-05-28T23:59:30+00:00
public_dataset_page_views,month,2018-07-01,,,,,,2026-05-28T23:59:30+00:00
public_dataset_page_views,month,2018-08-01,,,,,,2026-05-28T23:59:30+00:00
public_dataset_page_views,month,2018-09-01,,,,,,2026-05-28T23:59:30+00:00
public_dataset_page_views,month,2018-10-01,,,,,,2026-05-28T23:59:30+00:00
public_dataset_page_views,month,2018-11-01,,,,,,2026-05-28T23:59:30+00:00
public_dataset_page_views,month,2018-12-01,,,,,,2026-05-28T23:59:30+00:00
public_dataset_page_views,month,2019-01-01,,,,,,2026-05-28T23:59:30+00:00
public_dataset_page_views,month,2019-02-01,,,,,,2026-05-28T23:59:30+00:00
public_dataset_page_views,month,2019-03-01,,,,,,2026-05-28T23:59:30+00:00
public_dataset_page_views,month,2019-04-01,,,,,,2026-05-28T23:59:30+00:00
public_dataset_page_views,month,2019-05-01,,,,,,2026-05-28T23:59:30+00:00
public_dataset_page_views,month,2019-06-01,,,,,,2026-05-28T23:59:30+00:00
public_dataset_page_views,month,2019-07-01,,,,,,2026-05-28T23:59:30+00:00
public_dataset_page_views,month,2019-08-01,,,,,,2026-05-28T23:59:30+00:00
public_dataset_page_views,month,2019-09-01,,,,,,2026-05-28T23:59:30+00:00
public_dataset_page_views,month,2019-10-01,,,,,,2026-05-28T23:59:30+00:00
public_dataset_page_views,month,2019-11-01,,,,,,2026-05-28T23:59:30+00:00
public_dataset_page_views,month,2019-12-01,,,,,,2026-05-28T23:59:30+00:00
public_dataset_page_views,month,2020-01-01,,,,,,2026-05-28T23:59:30+00:00
public_dataset_page_views,month,2020-02-01,604,,,te8d-2w5t,,2026-05-28T23:59:30+00:00
public_dataset_page_views,month,2020-03-01,583,,,te8d-2w5t,,2026-05-28T23:59:30+00:00
public_dataset_page_views,month,2020-04-01,591,,,te8d-2w5t,,2026-05-28T23:59:30+00:00
public_dataset_page_views,month,2020-05-01,433,,,te8d-2w5t,,2026-05-28T23:59:30+00:00
public_dataset_page_views,month,2020-06-01,1906,,,te8d-2w5t,,2026-05-28T23:59:30+00:00
public_dataset_page_views,month,2020-07-01,4087,,,te8d-2w5t,,2026-05-28T23:59:30+00:00
public_dataset_page_views,month,2020-08-01,4387,,,te8d-2w5t,,2026-05-28T23:59:30+00:00
public_dataset_page_views,month,2020-09-01,4520,,,te8d-2w5t,,2026-05-28T23:59:30+00:00
public_dataset_page_views,month,2020-10-01,3859,,,te8d-2w5t,,2026-05-28T23:59:30+00:00
public_dataset_page_views,month,2020-11-01,4898,,,te8d-2w5t,,2026-05-28T23:59:30+00:00
public_dataset_page_views,month,2020-12-01,4835,,,te8d-2w5t,,2026-05-28T23:59:30+00:00
public_dataset_page_views,month,2021-01-01,3293,,,te8d-2w5t,,2026-05-28T23:59:30+00:00
public_dataset_page_views,month,2021-02-01,3022,,,te8d-2w5t,,2026-05-28T23:59:30+00:00
public_dataset_page_views,month,2021-03-01,5466,,,te8d-2w5t,,2026-05-28T23:59:30+00:00
public_dataset_page_views,month,2021-04-01,4215,,,te8d-2w5t,,2026-05-28T23:59:30+00:00
public_dataset_page_views,month,2021-05-01,3872,,,te8d-2w5t,,2026-05-28T23:59:30+00:00
public_dataset_page_views,month,2021-06-01,3103,,,te8d-2w5t,,2026-05-28T23:59:30+00:00
public_dataset_page_views,month,2021-07-01,3907,,,te8d-2w5t,,2026-05-28T23:59:30+00:00
public_dataset_page_views,month,2021-08-01,3413,,,te8d-2w5t,,2026-05-28T23:59:30+00:00
public_dataset_page_views,month,2021-09-01,4672,,,te8d-2w5t,,2026-05-28T23:59:30+00:00
public_dataset_page_views,month,2021-10-01,4235,,,te8d-2w5t,,2026-05-28T23:59:30+00:00
public_dataset_page_views,month,2021-11-01,4223,,,te8d-2w5t,,2026-05-28T23:59:30+00:00
public_dataset_page_views,month,2021-12-01,2833,,,te8d-2w5t,,2026-05-28T23:59:30+00:00
public_dataset_page_views,month,2022-01-01,3002,,,te8d-2w5t,,2026-05-28T23:59:30+00:00
public_dataset_page_views,month,2022-02-01,4053,,,te8d-2w5t,,2026-05-28T23:59:30+00:00
public_dataset_page_views,month,2022-03-01,4846,,,te8d-2w5t,,2026-05-28T23:59:30+00:00
public_dataset_page_views,month,2022-04-01,3681,,,te8d-2w5t,,2026-05-28T23:59:30+00:00
public_dataset_page_views,month,2022-05-01,3848,,,te8d-2w5t,,2026-05-28T23:59:30+00:00
public_dataset_page_views,month,2022-06-01,4572,,,te8d-2w5t,,2026-05-28T23:59:30+00:00
public_dataset_page_views,month,2022-07-01,4683,,,te8d-2w5t,,2026-05-28T23:59:30+00:00
public_dataset_page_views,month,2022-08-01,5815,,,te8d-2w5t,,2026-05-28T23:59:30+00:00
public_dataset_page_views,month,2022-09-01,4677,,,te8d-2w5t,,2026-05-28T23:59:30+00:00
public_dataset_page_views,month,2022-10-01,5466,,,te8d-2w5t,,2026-05-28T23:59:30+00:00
public_dataset_page_views,month,2022-11-01,3849,,,te8d-2w5t,,2026-05-28T23:59:30+00:00
public_dataset_page_views,month,2022-12-01,4962,,,te8d-2w5t,,2026-05-28T23:59:30+00:00
public_dataset_page_views,month,2023-01-01,7822,,,te8d-2w5t,,2026-05-28T23:59:30+00:00
public_dataset_page_views,month,2023-02-01,3718,,,te8d-2w5t,,2026-05-28T23:59:30+00:00
public_dataset_page_views,month,2023-03-01,4063,,,te8d-2w5t,,2026-05-28T23:59:30+00:00
public_dataset_page_views,month,2023-04-01,3790,,,te8d-2w5t,,2026-05-28T23:59:30+00:00
public_dataset_page_views,month,2023-05-01,4259,,,te8d-2w5t,,2026-05-28T23:59:30+00:00
public_dataset_page_views,month,2023-06-01,3582,,,te8d-2w5t,,2026-05-28T23:59:30+00:00
public_dataset_page_views,month,2023-07-01,3442,,,te8d-2w5t,,2026-05-28T23:59:30+00:00
public_dataset_page_views,month,2023-08-01,4486,,,te8d-2w5t,,2026-05-28T23:59:30+00:00
public_dataset_page_views,month,2023-09-01,5196,,,te8d-2w5t,,2026-05-28T23:59:30+00:00
public_dataset_page_views,month,2023-10-01,6478,,,te8d-2w5t,,2026-05-28T23:59:30+00:00
public_dataset_page_views,month,2023-11-01,7491,,,te8d-2w5t,,2026-05-28T23:59:30+00:00
public_dataset_page_views,month,2023-12-01,6054,,,te8d-2w5t,,2026-05-28T23:59:30+00:00
public_dataset_page_views,month,2024-01-01,7955,,,te8d-2w5t,,2026-05-28T23:59:30+00:00
public_dataset_page_views,month,2024-02-01,4730,,,te8d-2w5t,,2026-05-28T23:59:30+00:00
public_dataset_page_views,month,2024-03-01,7345,,,te8d-2w5t,,2026-05-28T23:59:30+00:00
public_dataset_page_views,month,2024-04-01,7260,,,te8d-2w5t,,2026-05-28T23:59:30+00:00
public_dataset_page_views,month,2024-05-01,10574,,,te8d-2w5t,,2026-05-28T23:59:30+00:00
public_dataset_page_views,month,2024-06-01,11826,,,te8d-2w5t,,2026-05-28T23:59:30+00:00
public_dataset_page_views,month,2024-07-01,8398,,,te8d-2w5t,,2026-05-28T23:59:30+00:00
public_dataset_page_views,month,2024-08-01,8216,,,te8d-2w5t,,2026-05-28T23:59:30+00:00
public_dataset_page_views,month,2024-09-01,7220,,,te8d-2w5t,,2026-05-28T23:59:30+00:00
public_dataset_page_views,month,2024-10-01,7902,,,te8d-2w5t,,2026-05-28T23:59:30+00:00
public_dataset_page_views,month,2024-11-01,9433,,,te8d-2w5t,,2026-05-28T23:59:30+00:00
public_dataset_page_views,month,2024-12-01,14490,,,te8d-2w5t,,2026-05-28T23:59:30+00:00
public_dataset_page_views,month,2025-01-01,10597,,,te8d-2w5t,,2026-05-28T23:59:30+00:00
public_dataset_page_views,month,2025-02-01,12021,,,te8d-2w5t,,2026-05-28T23:59:30+00:00
public_dataset_page_views,month,2025-03-01,12346,,,te8d-2w5t,,2026-05-28T23:59:30+00:00
public_dataset_page_views,month,2025-04-01,10386,,,te8d-2w5t,,2026-05-28T23:59:30+00:00
public_dataset_page_views,month,2025-05-01,11038,,,te8d-2w5t,,2026-05-28T23:59:30+00:00
public_dataset_page_views,month,2025-06-01,13896,,,te8d-2w5t,,2026-05-28T23:59:30+00:00
public_dataset_page_views,month,2025-07-01,13227,,,te8d-2w5t,,2026-05-28T23:59:30+00:00
public_dataset_page_views,month,2025-08-01,13661,,,te8d-2w5t,,2026-05-28T23:59:30+00:00
public_dataset_page_views,month,2025-09-01,20876,,,te8d-2w5t,,2026-05-28T23:59:30+00:00
public_dataset_page_views,month,2025-10-01,16402,,,te8d-2w5t,,2026-05-28T23:59:30+00:00
public_dataset_page_views,month,2025-11-01,21588,,,te8d-2w5t,,2026-05-28T23:59:30+00:00
public_dataset_page_views,month,2025-12-01,13548,,,te8d-2w5t,,2026-05-28T23:59:30+00:00
public_dataset_page_views,month,2026-01-01,14122,,,te8d-2w5t,,2026-05-28T23:59:30+00:00
public_dataset_page_views,month,2026-02-01,16018,,,te8d-2w5t,,2026-05-28T23:59:30+00:00
public_dataset_page_views,month,2026-03-01,20251,,,te8d-2w5t,,2026-05-28T23:59:30+00:00
public_dataset_page_views,month,2026-04-01,20744,,,te8d-2w5t,,2026-05-28T23:59:30+00:00
public_dataset_page_views,month,2026-05-01,18817,,,te8d-2w5t,,2026-05-28T23:59:30+00:00
public_dataset_page_views,year,2020-01-01,30703,,,,Aggregated from monthly values using sum.,2026-05-28T23:59:30+00:00
public_dataset_page_views,year,2021-01-01,46254,,,,Aggregated from monthly values using sum.,2026-05-28T23:59:30+00:00
public_dataset_page_views,year,2022-01-01,53454,,,,Aggregated from monthly values using sum.,2026-05-28T23:59:30+00:00
public_dataset_page_views,year,2023-01-01,60381,,,,Aggregated from monthly values using sum.,2026-05-28T23:59:30+00:00
public_dataset_page_views,year,2024-01-01,105349,,,,Aggregated from monthly values using sum.,2026-05-28T23:59:30+00:00
public_dataset_page_views,year,2025-01-01,169586,,,,Aggregated from monthly values using sum.,2026-05-28T23:59:30+00:00
public_dataset_page_views,year,2026-01-01,89952,,,,Aggregated from monthly values using sum.,2026-05-28T23:59:30+00:00
public_datasets_created,month,2013-11-01,3,,,rkcc-jee9,,2026-05-28T23:59:30+00:00
public_datasets_created,month,2013-12-01,0,,,rkcc-jee9,,2026-05-28T23:59:30+00:00
public_datasets_created,month,2014-01-01,3,,,rkcc-jee9,,2026-05-28T23:59:30+00:00
public_datasets_created,month,2014-02-01,0,,,rkcc-jee9,,2026-05-28T23:59:30+00:00
public_datasets_created,month,2014-03-01,0,,,rkcc-jee9,,2026-05-28T23:59:30+00:00
public_datasets_created,month,2014-04-01,5,,,rkcc-jee9,,2026-05-28T23:59:30+00:00
public_datasets_created,month,2014-05-01,11,,,rkcc-jee9,,2026-05-28T23:59:30+00:00
public_datasets_created,month,2014-06-01,2,,,rkcc-jee9,,2026-05-28T23:59:30+00:00
public_datasets_created,month,2014-07-01,1,,,rkcc-jee9,,2026-05-28T23:59:30+00:00
public_datasets_created,month,2014-08-01,1,,,rkcc-jee9,,2026-05-28T23:59:30+00:00
public_datasets_created,month,2014-09-01,1,,,rkcc-jee9,,2026-05-28T23:59:30+00:00
public_datasets_created,month,2014-10-01,4,,,rkcc-jee9,,2026-05-28T23:59:30+00:00
public_datasets_created,month,2014-11-01,2,,,rkcc-jee9,,2026-05-28T23:59:30+00:00
public_datasets_created,month,2014-12-01,4,,,rkcc-jee9,,2026-05-28T23:59:30+00:00
public_datasets_created,month,2015-01-01,1,,,rkcc-jee9,,2026-05-28T23:59:30+00:00
public_datasets_created,month,2015-02-01,0,,,rkcc-jee9,,2026-05-28T23:59:30+00:00
public_datasets_created,month,2015-03-01,0,,,rkcc-jee9,,2026-05-28T23:59:30+00:00
public_datasets_created,month,2015-04-01,8,,,rkcc-jee9,,2026-05-28T23:59:30+00:00
public_datasets_created,month,2015-05-01,4,,,rkcc-jee9,,2026-05-28T23:59:30+00:00
public_datasets_created,month,2015-06-01,1,,,rkcc-jee9,,2026-05-28T23:59:30+00:00
public_datasets_created,month,2015-07-01,2,,,rkcc-jee9,,2026-05-28T23:59:30+00:00
public_datasets_created,month,2015-08-01,0,,,rkcc-jee9,,2026-05-28T23:59:30+00:00
public_datasets_created,month,2015-09-01,2,,,rkcc-jee9,,2026-05-28T23:59:30+00:00
public_datasets_created,month,2015-10-01,4,,,rkcc-jee9,,2026-05-28T23:59:30+00:00
public_datasets_created,month,2015-11-01,4,,,rkcc-jee9,,2026-05-28T23:59:30+00:00
public_datasets_created,month,2015-12-01,0,,,rkcc-jee9,,2026-05-28T23:59:30+00:00
public_datasets_created,month,2016-01-01,1,,,rkcc-jee9,,2026-05-28T23:59:30+00:00
public_datasets_created,month,2016-02-01,8,,,rkcc-jee9,,2026-05-28T23:59:30+00:00
public_datasets_created,month,2016-03-01,1,,,rkcc-jee9,,2026-05-28T23:59:30+00:00
public_datasets_created,month,2016-04-01,3,,,rkcc-jee9,,2026-05-28T23:59:30+00:00
public_datasets_created,month,2016-05-01,1,,,rkcc-jee9,,2026-05-28T23:59:30+00:00
public_datasets_created,month,2016-06-01,1,,,rkcc-jee9,,2026-05-28T23:59:30+00:00
public_datasets_created,month,2016-07-01,1,,,rkcc-jee9,,2026-05-28T23:59:30+00:00
public_datasets_created,month,2016-08-01,1,,,rkcc-jee9,,2026-05-28T23:59:30+00:00
public_datasets_created,month,2016-09-01,1,,,rkcc-jee9,,2026-05-28T23:59:30+00:00
public_datasets_created,month,2016-10-01,2,,,rkcc-jee9,,2026-05-28T23:59:30+00:00
public_datasets_created,month,2016-11-01,1,,,rkcc-jee9,,2026-05-28T23:59:30+00:00
public_datasets_created,month,2016-12-01,2,,,rkcc-jee9,,2026-05-28T23:59:30+00:00
public_datasets_created,month,2017-01-01,4,,,rkcc-jee9,,2026-05-28T23:59:30+00:00
public_datasets_created,month,2017-02-01,2,,,rkcc-jee9,,2026-05-28T23:59:30+00:00
public_datasets_created,month,2017-03-01,1,,,rkcc-jee9,,2026-05-28T23:59:30+00:00
public_datasets_created,month,2017-04-01,0,,,rkcc-jee9,,2026-05-28T23:59:30+00:00
public_datasets_created,month,2017-05-01,1,,,rkcc-jee9,,2026-05-28T23:59:30+00:00
public_datasets_created,month,2017-06-01,4,,,rkcc-jee9,,2026-05-28T23:59:30+00:00
public_datasets_created,month,2017-07-01,3,,,rkcc-jee9,,2026-05-28T23:59:30+00:00
public_datasets_created,month,2017-08-01,1,,,rkcc-jee9,,2026-05-28T23:59:30+00:00
public_datasets_created,month,2017-09-01,1,,,rkcc-jee9,,2026-05-28T23:59:30+00:00
public_datasets_created,month,2017-10-01,1,,,rkcc-jee9,,2026-05-28T23:59:30+00:00
public_datasets_created,month,2017-11-01,1,,,rkcc-jee9,,2026-05-28T23:59:30+00:00
public_datasets_created,month,2017-12-01,0,,,rkcc-jee9,,2026-05-28T23:59:30+00:00
public_datasets_created,month,2018-01-01,2,,,rkcc-jee9,,2026-05-28T23:59:30+00:00
public_datasets_created,month,2018-02-01,0,,,rkcc-jee9,,2026-05-28T23:59:30+00:00
public_datasets_created,month,2018-03-01,1,,,rkcc-jee9,,2026-05-28T23:59:30+00:00
public_datasets_created,month,2018-04-01,1,,,rkcc-jee9,,2026-05-28T23:59:30+00:00
public_datasets_created,month,2018-05-01,2,,,rkcc-jee9,,2026-05-28T23:59:30+00:00
public_datasets_created,month,2018-06-01,2,,,rkcc-jee9,,2026-05-28T23:59:30+00:00
public_datasets_created,month,2018-07-01,0,,,rkcc-jee9,,2026-05-28T23:59:30+00:00
public_datasets_created,month,2018-08-01,2,,,rkcc-jee9,,2026-05-28T23:59:30+00:00
public_datasets_created,month,2018-09-01,2,,,rkcc-jee9,,2026-05-28T23:59:30+00:00
public_datasets_created,month,2018-10-01,5,,,rkcc-jee9,,2026-05-28T23:59:30+00:00
public_datasets_created,month,2018-11-01,8,,,rkcc-jee9,,2026-05-28T23:59:30+00:00
public_datasets_created,month,2018-12-01,2,,,rkcc-jee9,,2026-05-28T23:59:30+00:00
public_datasets_created,month,2019-01-01,0,,,rkcc-jee9,,2026-05-28T23:59:30+00:00
public_datasets_created,month,2019-02-01,3,,,rkcc-jee9,,2026-05-28T23:59:30+00:00
public_datasets_created,month,2019-03-01,5,,,rkcc-jee9,,2026-05-28T23:59:30+00:00
public_datasets_created,month,2019-04-01,0,,,rkcc-jee9,,2026-05-28T23:59:30+00:00
public_datasets_created,month,2019-05-01,4,,,rkcc-jee9,,2026-05-28T23:59:30+00:00
public_datasets_created,month,2019-06-01,0,,,rkcc-jee9,,2026-05-28T23:59:30+00:00
public_datasets_created,month,2019-07-01,0,,,rkcc-jee9,,2026-05-28T23:59:30+00:00
public_datasets_created,month,2019-08-01,0,,,rkcc-jee9,,2026-05-28T23:59:30+00:00
public_datasets_created,month,2019-09-01,0,,,rkcc-jee9,,2026-05-28T23:59:30+00:00
public_datasets_created,month,2019-10-01,0,,,rkcc-jee9,,2026-05-28T23:59:30+00:00
public_datasets_created,month,2019-11-01,3,,,rkcc-jee9,,2026-05-28T23:59:30+00:00
public_datasets_created,month,2019-12-01,2,,,rkcc-jee9,,2026-05-28T23:59:30+00:00
public_datasets_created,month,2020-01-01,0,,,rkcc-jee9,,2026-05-28T23:59:30+00:00
public_datasets_created,month,2020-02-01,0,,,rkcc-jee9,,2026-05-28T23:59:30+00:00
public_datasets_created,month,2020-03-01,2,,,rkcc-jee9,,2026-05-28T23:59:30+00:00
public_datasets_created,month,2020-04-01,1,,,rkcc-jee9,,2026-05-28T23:59:30+00:00
public_datasets_created,month,2020-05-01,1,,,rkcc-jee9,,2026-05-28T23:59:30+00:00
public_datasets_created,month,2020-06-01,2,,,rkcc-jee9,,2026-05-28T23:59:30+00:00
public_datasets_created,month,2020-07-01,1,,,rkcc-jee9,,2026-05-28T23:59:30+00:00
public_datasets_created,month,2020-08-01,1,,,rkcc-jee9,,2026-05-28T23:59:30+00:00
public_datasets_created,month,2020-09-01,0,,,rkcc-jee9,,2026-05-28T23:59:30+00:00
public_datasets_created,month,2020-10-01,0,,,rkcc-jee9,,2026-05-28T23:59:30+00:00
public_datasets_created,month,2020-11-01,10,,,rkcc-jee9,,2026-05-28T23:59:30+00:00
public_datasets_created,month,2020-12-01,0,,,rkcc-jee9,,2026-05-28T23:59:30+00:00
public_datasets_created,month,2021-01-01,0,,,rkcc-jee9,,2026-05-28T23:59:30+00:00
public_datasets_created,month,2021-02-01,2,,,rkcc-jee9,,2026-05-28T23:59:30+00:00
public_datasets_created,month,2021-03-01,2,,,rkcc-jee9,,2026-05-28T23:59:30+00:00
public_datasets_created,month,2021-04-01,1,,,rkcc-jee9,,2026-05-28T23:59:30+00:00
public_datasets_created,month,2021-05-01,2,,,rkcc-jee9,,2026-05-28T23:59:30+00:00
public_datasets_created,month,2021-06-01,6,,,rkcc-jee9,,2026-05-28T23:59:30+00:00
public_datasets_created,month,2021-07-01,4,,,rkcc-jee9,,2026-05-28T23:59:30+00:00
public_datasets_created,month,2021-08-01,5,,,rkcc-jee9,,2026-05-28T23:59:30+00:00
public_datasets_created,month,2021-09-01,1,,,rkcc-jee9,,2026-05-28T23:59:30+00:00
public_datasets_created,month,2021-10-01,0,,,rkcc-jee9,,2026-05-28T23:59:30+00:00
public_datasets_created,month,2021-11-01,0,,,rkcc-jee9,,2026-05-28T23:59:30+00:00
public_datasets_created,month,2021-12-01,2,,,rkcc-jee9,,2026-05-28T23:59:30+00:00
public_datasets_created,month,2022-01-01,16,,,rkcc-jee9,,2026-05-28T23:59:30+00:00
public_datasets_created,month,2022-02-01,0,,,rkcc-jee9,,2026-05-28T23:59:30+00:00
public_datasets_created,month,2022-03-01,2,,,rkcc-jee9,,2026-05-28T23:59:30+00:00
public_datasets_created,month,2022-04-01,1,,,rkcc-jee9,,2026-05-28T23:59:30+00:00
public_datasets_created,month,2022-05-01,0,,,rkcc-jee9,,2026-05-28T23:59:30+00:00
public_datasets_created,month,2022-06-01,0,,,rkcc-jee9,,2026-05-28T23:59:30+00:00
public_datasets_created,month,2022-07-01,1,,,rkcc-jee9,,2026-05-28T23:59:30+00:00
public_datasets_created,month,2022-08-01,1,,,rkcc-jee9,,2026-05-28T23:59:30+00:00
public_datasets_created,month,2022-09-01,0,,,rkcc-jee9,,2026-05-28T23:59:30+00:00
public_datasets_created,month,2022-10-01,0,,,rkcc-jee9,,2026-05-28T23:59:30+00:00
public_datasets_created,month,2022-11-01,1,,,rkcc-jee9,,2026-05-28T23:59:30+00:00
public_datasets_created,month,2022-12-01,1,,,rkcc-jee9,,2026-05-28T23:59:30+00:00
public_datasets_created,month,2023-01-01,0,,,rkcc-jee9,,2026-05-28T23:59:30+00:00
public_datasets_created,month,2023-02-01,0,,,rkcc-jee9,,2026-05-28T23:59:30+00:00
public_datasets_created,month,2023-03-01,0,,,rkcc-jee9,,2026-05-28T23:59:30+00:00
public_datasets_created,month,2023-04-01,14,,,rkcc-jee9,,2026-05-28T23:59:30+00:00
public_datasets_created,month,2023-05-01,1,,,rkcc-jee9,,2026-05-28T23:59:30+00:00
public_datasets_created,month,2023-06-01,1,,,rkcc-jee9,,2026-05-28T23:59:30+00:00
public_datasets_created,month,2023-07-01,0,,,rkcc-jee9,,2026-05-28T23:59:30+00:00
public_datasets_created,month,2023-08-01,1,,,rkcc-jee9,,2026-05-28T23:59:30+00:00
public_datasets_created,month,2023-09-01,1,,,rkcc-jee9,,2026-05-28T23:59:30+00:00
public_datasets_created,month,2023-10-01,0,,,rkcc-jee9,,2026-05-28T23:59:30+00:00
public_datasets_created,month,2023-11-01,1,,,rkcc-jee9,,2026-05-28T23:59:30+00:00
public_datasets_created,month,2023-12-01,2,,,rkcc-jee9,,2026-05-28T23:59:30+00:00
public_datasets_created,month,2024-01-01,1,,,rkcc-jee9,,2026-05-28T23:59:30+00:00
public_datasets_created,month,2024-02-01,1,,,rkcc-jee9,,2026-05-28T23:59:30+00:00
public_datasets_created,month,2024-03-01,0,,,rkcc-jee9,,2026-05-28T23:59:30+00:00
public_datasets_created,month,2024-04-01,2,,,rkcc-jee9,,2026-05-28T23:59:30+00:00
public_datasets_created,month,2024-05-01,3,,,rkcc-jee9,,2026-05-28T23:59:30+00:00
public_datasets_created,month,2024-06-01,2,,,rkcc-jee9,,2026-05-28T23:59:30+00:00
public_datasets_created,month,2024-07-01,1,,,rkcc-jee9,,2026-05-28T23:59:30+00:00
public_datasets_created,month,2024-08-01,0,,,rkcc-jee9,,2026-05-28T23:59:30+00:00
public_datasets_created,month,2024-09-01,0,,,rkcc-jee9,,2026-05-28T23:59:30+00:00
public_datasets_created,month,2024-10-01,10,,,rkcc-jee9,,2026-05-28T23:59:30+00:00
public_datasets_created,month,2024-11-01,0,,,rkcc-jee9,,2026-05-28T23:59:30+00:00
public_datasets_created,month,2024-12-01,0,,,rkcc-jee9,,2026-05-28T23:59:30+00:00
public_datasets_created,month,2025-01-01,2,,,rkcc-jee9,,2026-05-28T23:59:30+00:00
public_datasets_created,month,2025-02-01,4,,,rkcc-jee9,,2026-05-28T23:59:30+00:00
public_datasets_created,month,2025-03-01,0,,,rkcc-jee9,,2026-05-28T23:59:30+00:00
public_datasets_created,month,2025-04-01,2,,,rkcc-jee9,,2026-05-28T23:59:30+00:00
public_datasets_created,month,2025-05-01,0,,,rkcc-jee9,,2026-05-28T23:59:30+00:00
public_datasets_created,month,2025-06-01,0,,,rkcc-jee9,,2026-05-28T23:59:30+00:00
public_datasets_created,month,2025-07-01,0,,,rkcc-jee9,,2026-05-28T23:59:30+00:00
public_datasets_created,month,2025-08-01,3,,,rkcc-jee9,,2026-05-28T23:59:30+00:00
public_datasets_created,month,2025-09-01,0,,,rkcc-jee9,,2026-05-28T23:59:30+00:00
public_datasets_created,month,2025-10-01,1,,,rkcc-jee9,,2026-05-28T23:59:30+00:00
public_datasets_created,month,2025-11-01,1,,,rkcc-jee9,,2026-05-28T23:59:30+00:00
public_datasets_created,month,2025-12-01,2,,,rkcc-jee9,,2026-05-28T23:59:30+00:00
public_datasets_created,month,2026-01-01,3,,,rkcc-jee9,,2026-05-28T23:59:30+00:00
public_datasets_created,month,2026-02-01,1,,,rkcc-jee9,,2026-05-28T23:59:30+00:00
public_datasets_created,month,2026-03-01,2,,,rkcc-jee9,,2026-05-28T23:59:30+00:00
public_datasets_created,month,2026-04-01,2,,,rkcc-jee9,,2026-05-28T23:59:30+00:00
public_datasets_created,month,2026-05-01,0,,,rkcc-jee9,,2026-05-28T23:59:30+00:00
public_datasets_created,year,2013-01-01,3,,,,Aggregated from monthly values using sum.,2026-05-28T23:59:30+00:00
public_datasets_created,year,2014-01-01,34,,,,Aggregated from monthly values using sum.,2026-05-28T23:59:30+00:00
public_datasets_created,year,2015-01-01,26,,,,Aggregated from monthly values using sum.,2026-05-28T23:59:30+00:00
public_datasets_created,year,2016-01-01,23,,,,Aggregated from monthly values using sum.,2026-05-28T23:59:30+00:00
public_datasets_created,year,2017-01-01,19,,,,Aggregated from monthly values using sum.,2026-05-28T23:59:30+00:00
public_datasets_created,year,2018-01-01,27,,,,Aggregated from monthly values using sum.,2026-05-28T23:59:30+00:00
public_datasets_created,year,2019-01-01,17,,,,Aggregated from monthly values using sum.,2026-05-28T23:59:30+00:00
public_datasets_created,year,2020-01-01,18,,,,Aggregated from monthly values using sum.,2026-05-28T23:59:30+00:00
public_datasets_created,year,2021-01-01,25,,,,Aggregated from monthly values using sum.,2026-05-28T23:59:30+00:00
public_datasets_created,year,2022-01-01,23,,,,Aggregated from monthly values using sum.,2026-05-28T23:59:30+00:00
public_datasets_created,year,2023-01-01,21,,,,Aggregated from monthly values using sum.,2026-05-28T23:59:30+00:00
public_datasets_created,year,2024-01-01,20,,,,Aggregated from monthly values using sum.,2026-05-28T23:59:30+00:00
public_datasets_created,year,2025-01-01,15,,,,Aggregated from monthly values using sum.,2026-05-28T23:59:30+00:00
public_datasets_created,year,2026-01-01,8,,,,Aggregated from monthly values using sum.,2026-05-28T23:59:30+00:00
public_datasets_cumulative,month,2013-11-01,3,,,rkcc-jee9,Backcast from current public inventory creation dates.,2026-05-28T23:59:30+00:00
public_datasets_cumulative,month,2013-12-01,3,,,rkcc-jee9,Backcast from current public inventory creation dates.,2026-05-28T23:59:30+00:00
public_datasets_cumulative,month,2014-01-01,6,,,rkcc-jee9,Backcast from current public inventory creation dates.,2026-05-28T23:59:30+00:00
public_datasets_cumulative,month,2014-02-01,6,,,rkcc-jee9,Backcast from current public inventory creation dates.,2026-05-28T23:59:30+00:00
public_datasets_cumulative,month,2014-03-01,6,,,rkcc-jee9,Backcast from current public inventory creation dates.,2026-05-28T23:59:30+00:00
public_datasets_cumulative,month,2014-04-01,11,,,rkcc-jee9,Backcast from current public inventory creation dates.,2026-05-28T23:59:30+00:00
public_datasets_cumulative,month,2014-05-01,22,,,rkcc-jee9,Backcast from current public inventory creation dates.,2026-05-28T23:59:30+00:00
public_datasets_cumulative,month,2014-06-01,24,,,rkcc-jee9,Backcast from current public inventory creation dates.,2026-05-28T23:59:30+00:00
public_datasets_cumulative,month,2014-07-01,25,,,rkcc-jee9,Backcast from current public inventory creation dates.,2026-05-28T23:59:30+00:00
public_datasets_cumulative,month,2014-08-01,26,,,rkcc-jee9,Backcast from current public inventory creation dates.,2026-05-28T23:59:30+00:00
public_datasets_cumulative,month,2014-09-01,27,,,rkcc-jee9,Backcast from current public inventory creation dates.,2026-05-28T23:59:30+00:00
public_datasets_cumulative,month,2014-10-01,31,,,rkcc-jee9,Backcast from current public inventory creation dates.,2026-05-28T23:59:30+00:00
public_datasets_cumulative,month,2014-11-01,33,,,rkcc-jee9,Backcast from current public inventory creation dates.,2026-05-28T23:59:30+00:00
public_datasets_cumulative,month,2014-12-01,37,,,rkcc-jee9,Backcast from current public inventory creation dates.,2026-05-28T23:59:30+00:00
public_datasets_cumulative,month,2015-01-01,38,,,rkcc-jee9,Backcast from current public inventory creation dates.,2026-05-28T23:59:30+00:00
public_datasets_cumulative,month,2015-02-01,38,,,rkcc-jee9,Backcast from current public inventory creation dates.,2026-05-28T23:59:30+00:00
public_datasets_cumulative,month,2015-03-01,38,,,rkcc-jee9,Backcast from current public inventory creation dates.,2026-05-28T23:59:30+00:00
public_datasets_cumulative,month,2015-04-01,46,,,rkcc-jee9,Backcast from current public inventory creation dates.,2026-05-28T23:59:30+00:00
public_datasets_cumulative,month,2015-05-01,50,,,rkcc-jee9,Backcast from current public inventory creation dates.,2026-05-28T23:59:30+00:00
public_datasets_cumulative,month,2015-06-01,51,,,rkcc-jee9,Backcast from current public inventory creation dates.,2026-05-28T23:59:30+00:00
public_datasets_cumulative,month,2015-07-01,53,,,rkcc-jee9,Backcast from current public inventory creation dates.,2026-05-28T23:59:30+00:00
public_datasets_cumulative,month,2015-08-01,53,,,rkcc-jee9,Backcast from current public inventory creation dates.,2026-05-28T23:59:30+00:00
public_datasets_cumulative,month,2015-09-01,55,,,rkcc-jee9,Backcast from current public inventory creation dates.,2026-05-28T23:59:30+00:00
public_datasets_cumulative,month,2015-10-01,59,,,rkcc-jee9,Backcast from current public inventory creation dates.,2026-05-28T23:59:30+00:00
public_datasets_cumulative,month,2015-11-01,63,,,rkcc-jee9,Backcast from current public inventory creation dates.,2026-05-28T23:59:30+00:00
public_datasets_cumulative,month,2015-12-01,63,,,rkcc-jee9,Backcast from current public inventory creation dates.,2026-05-28T23:59:30+00:00
public_datasets_cumulative,month,2016-01-01,64,,,rkcc-jee9,Backcast from current public inventory creation dates.,2026-05-28T23:59:30+00:00
public_datasets_cumulative,month,2016-02-01,72,,,rkcc-jee9,Backcast from current public inventory creation dates.,2026-05-28T23:59:30+00:00
public_datasets_cumulative,month,2016-03-01,73,,,rkcc-jee9,Backcast from current public inventory creation dates.,2026-05-28T23:59:30+00:00
public_datasets_cumulative,month,2016-04-01,76,,,rkcc-jee9,Backcast from current public inventory creation dates.,2026-05-28T23:59:30+00:00
public_datasets_cumulative,month,2016-05-01,77,,,rkcc-jee9,Backcast from current public inventory creation dates.,2026-05-28T23:59:30+00:00
public_datasets_cumulative,month,2016-06-01,78,,,rkcc-jee9,Backcast from current public inventory creation dates.,2026-05-28T23:59:30+00:00
public_datasets_cumulative,month,2016-07-01,79,,,rkcc-jee9,Backcast from current public inventory creation dates.,2026-05-28T23:59:30+00:00
public_datasets_cumulative,month,2016-08-01,80,,,rkcc-jee9,Backcast from current public inventory creation dates.,2026-05-28T23:59:30+00:00
public_datasets_cumulative,month,2016-09-01,81,,,rkcc-jee9,Backcast from current public inventory creation dates.,2026-05-28T23:59:30+00:00
public_datasets_cumulative,month,2016-10-01,83,,,rkcc-jee9,Backcast from current public inventory creation dates.,2026-05-28T23:59:30+00:00
public_datasets_cumulative,month,2016-11-01,84,,,rkcc-jee9,Backcast from current public inventory creation dates.,2026-05-28T23:59:30+00:00
public_datasets_cumulative,month,2016-12-01,86,,,rkcc-jee9,Backcast from current public inventory creation dates.,2026-05-28T23:59:30+00:00
public_datasets_cumulative,month,2017-01-01,90,,,rkcc-jee9,Backcast from current public inventory creation dates.,2026-05-28T23:59:30+00:00
public_datasets_cumulative,month,2017-02-01,92,,,rkcc-jee9,Backcast from current public inventory creation dates.,2026-05-28T23:59:30+00:00
public_datasets_cumulative,month,2017-03-01,93,,,rkcc-jee9,Backcast from current public inventory creation dates.,2026-05-28T23:59:30+00:00
public_datasets_cumulative,month,2017-04-01,93,,,rkcc-jee9,Backcast from current public inventory creation dates.,2026-05-28T23:59:30+00:00
public_datasets_cumulative,month,2017-05-01,94,,,rkcc-jee9,Backcast from current public inventory creation dates.,2026-05-28T23:59:30+00:00
public_datasets_cumulative,month,2017-06-01,98,,,rkcc-jee9,Backcast from current public inventory creation dates.,2026-05-28T23:59:30+00:00
public_datasets_cumulative,month,2017-07-01,101,,,rkcc-jee9,Backcast from current public inventory creation dates.,2026-05-28T23:59:30+00:00
public_datasets_cumulative,month,2017-08-01,102,,,rkcc-jee9,Backcast from current public inventory creation dates.,2026-05-28T23:59:30+00:00
public_datasets_cumulative,month,2017-09-01,103,,,rkcc-jee9,Backcast from current public inventory creation dates.,2026-05-28T23:59:30+00:00
public_datasets_cumulative,month,2017-10-01,104,,,rkcc-jee9,Backcast from current public inventory creation dates.,2026-05-28T23:59:30+00:00
public_datasets_cumulative,month,2017-11-01,105,,,rkcc-jee9,Backcast from current public inventory creation dates.,2026-05-28T23:59:30+00:00
public_datasets_cumulative,month,2017-12-01,105,,,rkcc-jee9,Backcast from current public inventory creation dates.,2026-05-28T23:59:30+00:00
public_datasets_cumulative,month,2018-01-01,107,,,rkcc-jee9,Backcast from current public inventory creation dates.,2026-05-28T23:59:30+00:00
public_datasets_cumulative,month,2018-02-01,107,,,rkcc-jee9,Backcast from current public inventory creation dates.,2026-05-28T23:59:30+00:00
public_datasets_cumulative,month,2018-03-01,108,,,rkcc-jee9,Backcast from current public inventory creation dates.,2026-05-28T23:59:30+00:00
public_datasets_cumulative,month,2018-04-01,109,,,rkcc-jee9,Backcast from current public inventory creation dates.,2026-05-28T23:59:30+00:00
public_datasets_cumulative,month,2018-05-01,111,,,rkcc-jee9,Backcast from current public inventory creation dates.,2026-05-28T23:59:30+00:00
public_datasets_cumulative,month,2018-06-01,113,,,rkcc-jee9,Backcast from current public inventory creation dates.,2026-05-28T23:59:30+00:00
public_datasets_cumulative,month,2018-07-01,113,,,rkcc-jee9,Backcast from current public inventory creation dates.,2026-05-28T23:59:30+00:00
public_datasets_cumulative,month,2018-08-01,115,,,rkcc-jee9,Backcast from current public inventory creation dates.,2026-05-28T23:59:30+00:00
public_datasets_cumulative,month,2018-09-01,117,,,rkcc-jee9,Backcast from current public inventory creation dates.,2026-05-28T23:59:30+00:00
public_datasets_cumulative,month,2018-10-01,122,,,rkcc-jee9,Backcast from current public inventory creation dates.,2026-05-28T23:59:30+00:00
public_datasets_cumulative,month,2018-11-01,130,,,rkcc-jee9,Backcast from current public inventory creation dates.,2026-05-28T23:59:30+00:00
public_datasets_cumulative,month,2018-12-01,132,,,rkcc-jee9,Backcast from current public inventory creation dates.,2026-05-28T23:59:30+00:00
public_datasets_cumulative,month,2019-01-01,132,,,rkcc-jee9,Backcast from current public inventory creation dates.,2026-05-28T23:59:30+00:00
public_datasets_cumulative,month,2019-02-01,135,,,rkcc-jee9,Backcast from current public inventory creation dates.,2026-05-28T23:59:30+00:00
public_datasets_cumulative,month,2019-03-01,140,,,rkcc-jee9,Backcast from current public inventory creation dates.,2026-05-28T23:59:30+00:00
public_datasets_cumulative,month,2019-04-01,140,,,rkcc-jee9,Backcast from current public inventory creation dates.,2026-05-28T23:59:30+00:00
public_datasets_cumulative,month,2019-05-01,144,,,rkcc-jee9,Backcast from current public inventory creation dates.,2026-05-28T23:59:30+00:00
public_datasets_cumulative,month,2019-06-01,144,,,rkcc-jee9,Backcast from current public inventory creation dates.,2026-05-28T23:59:30+00:00
public_datasets_cumulative,month,2019-07-01,144,,,rkcc-jee9,Backcast from current public inventory creation dates.,2026-05-28T23:59:30+00:00
public_datasets_cumulative,month,2019-08-01,144,,,rkcc-jee9,Backcast from current public inventory creation dates.,2026-05-28T23:59:30+00:00
public_datasets_cumulative,month,2019-09-01,144,,,rkcc-jee9,Backcast from current public inventory creation dates.,2026-05-28T23:59:30+00:00
public_datasets_cumulative,month,2019-10-01,144,,,rkcc-jee9,Backcast from current public inventory creation dates.,2026-05-28T23:59:30+00:00
public_datasets_cumulative,month,2019-11-01,147,,,rkcc-jee9,Backcast from current public inventory creation dates.,2026-05-28T23:59:30+00:00
public_datasets_cumulative,month,2019-12-01,149,,,rkcc-jee9,Backcast from current public inventory creation dates.,2026-05-28T23:59:30+00:00
public_datasets_cumulative,month,2020-01-01,149,,,rkcc-jee9,Backcast from current public inventory creation dates.,2026-05-28T23:59:30+00:00
public_datasets_cumulative,month,2020-02-01,149,,,rkcc-jee9,Backcast from current public inventory creation dates.,2026-05-28T23:59:30+00:00
public_datasets_cumulative,month,2020-03-01,151,,,rkcc-jee9,Backcast from current public inventory creation dates.,2026-05-28T23:59:30+00:00
public_datasets_cumulative,month,2020-04-01,152,,,rkcc-jee9,Backcast from current public inventory creation dates.,2026-05-28T23:59:30+00:00
public_datasets_cumulative,month,2020-05-01,153,,,rkcc-jee9,Backcast from current public inventory creation dates.,2026-05-28T23:59:30+00:00
public_datasets_cumulative,month,2020-06-01,155,,,rkcc-jee9,Backcast from current public inventory creation dates.,2026-05-28T23:59:30+00:00
public_datasets_cumulative,month,2020-07-01,156,,,rkcc-jee9,Backcast from current public inventory creation dates.,2026-05-28T23:59:30+00:00
public_datasets_cumulative,month,2020-08-01,157,,,rkcc-jee9,Backcast from current public inventory creation dates.,2026-05-28T23:59:30+00:00
public_datasets_cumulative,month,2020-09-01,157,,,rkcc-jee9,Backcast from current public inventory creation dates.,2026-05-28T23:59:30+00:00
public_datasets_cumulative,month,2020-10-01,157,,,rkcc-jee9,Backcast from current public inventory creation dates.,2026-05-28T23:59:30+00:00
public_datasets_cumulative,month,2020-11-01,167,,,rkcc-jee9,Backcast from current public inventory creation dates.,2026-05-28T23:59:30+00:00
public_datasets_cumulative,month,2020-12-01,167,,,rkcc-jee9,Backcast from current public inventory creation dates.,2026-05-28T23:59:30+00:00
public_datasets_cumulative,month,2021-01-01,167,,,rkcc-jee9,Backcast from current public inventory creation dates.,2026-05-28T23:59:30+00:00
public_datasets_cumulative,month,2021-02-01,169,,,rkcc-jee9,Backcast from current public inventory creation dates.,2026-05-28T23:59:30+00:00
public_datasets_cumulative,month,2021-03-01,171,,,rkcc-jee9,Backcast from current public inventory creation dates.,2026-05-28T23:59:30+00:00
public_datasets_cumulative,month,2021-04-01,172,,,rkcc-jee9,Backcast from current public inventory creation dates.,2026-05-28T23:59:30+00:00
public_datasets_cumulative,month,2021-05-01,174,,,rkcc-jee9,Backcast from current public inventory creation dates.,2026-05-28T23:59:30+00:00
public_datasets_cumulative,month,2021-06-01,180,,,rkcc-jee9,Backcast from current public inventory creation dates.,2026-05-28T23:59:30+00:00
public_datasets_cumulative,month,2021-07-01,184,,,rkcc-jee9,Backcast from current public inventory creation dates.,2026-05-28T23:59:30+00:00
public_datasets_cumulative,month,2021-08-01,189,,,rkcc-jee9,Backcast from current public inventory creation dates.,2026-05-28T23:59:30+00:00
public_datasets_cumulative,month,2021-09-01,190,,,rkcc-jee9,Backcast from current public inventory creation dates.,2026-05-28T23:59:30+00:00
public_datasets_cumulative,month,2021-10-01,190,,,rkcc-jee9,Backcast from current public inventory creation dates.,2026-05-28T23:59:30+00:00
public_datasets_cumulative,month,2021-11-01,190,,,rkcc-jee9,Backcast from current public inventory creation dates.,2026-05-28T23:59:30+00:00
public_datasets_cumulative,month,2021-12-01,192,,,rkcc-jee9,Backcast from current public inventory creation dates.,2026-05-28T23:59:30+00:00
public_datasets_cumulative,month,2022-01-01,208,,,rkcc-jee9,Backcast from current public inventory creation dates.,2026-05-28T23:59:30+00:00
public_datasets_cumulative,month,2022-02-01,208,,,rkcc-jee9,Backcast from current public inventory creation dates.,2026-05-28T23:59:30+00:00
public_datasets_cumulative,month,2022-03-01,210,,,rkcc-jee9,Backcast from current public inventory creation dates.,2026-05-28T23:59:30+00:00
public_datasets_cumulative,month,2022-04-01,211,,,rkcc-jee9,Backcast from current public inventory creation dates.,2026-05-28T23:59:30+00:00
public_datasets_cumulative,month,2022-05-01,211,,,rkcc-jee9,Backcast from current public inventory creation dates.,2026-05-28T23:59:30+00:00
public_datasets_cumulative,month,2022-06-01,211,,,rkcc-jee9,Backcast from current public inventory creation dates.,2026-05-28T23:59:30+00:00
public_datasets_cumulative,month,2022-07-01,212,,,rkcc-jee9,Backcast from current public inventory creation dates.,2026-05-28T23:59:30+00:00
public_datasets_cumulative,month,2022-08-01,213,,,rkcc-jee9,Backcast from current public inventory creation dates.,2026-05-28T23:59:30+00:00
public_datasets_cumulative,month,2022-09-01,213,,,rkcc-jee9,Backcast from current public inventory creation dates.,2026-05-28T23:59:30+00:00
public_datasets_cumulative,month,2022-10-01,213,,,rkcc-jee9,Backcast from current public inventory creation dates.,2026-05-28T23:59:30+00:00
public_datasets_cumulative,month,2022-11-01,214,,,rkcc-jee9,Backcast from current public inventory creation dates.,2026-05-28T23:59:30+00:00
public_datasets_cumulative,month,2022-12-01,215,,,rkcc-jee9,Backcast from current public inventory creation dates.,2026-05-28T23:59:30+00:00
public_datasets_cumulative,month,2023-01-01,215,,,rkcc-jee9,Backcast from current public inventory creation dates.,2026-05-28T23:59:30+00:00
public_datasets_cumulative,month,2023-02-01,215,,,rkcc-jee9,Backcast from current public inventory creation dates.,2026-05-28T23:59:30+00:00
public_datasets_cumulative,month,2023-03-01,215,,,rkcc-jee9,Backcast from current public inventory creation dates.,2026-05-28T23:59:30+00:00
public_datasets_cumulative,month,2023-04-01,229,,,rkcc-jee9,Backcast from current public inventory creation dates.,2026-05-28T23:59:30+00:00
public_datasets_cumulative,month,2023-05-01,230,,,rkcc-jee9,Backcast from current public inventory creation dates.,2026-05-28T23:59:30+00:00
public_datasets_cumulative,month,2023-06-01,231,,,rkcc-jee9,Backcast from current public inventory creation dates.,2026-05-28T23:59:30+00:00
public_datasets_cumulative,month,2023-07-01,231,,,rkcc-jee9,Backcast from current public inventory creation dates.,2026-05-28T23:59:30+00:00
public_datasets_cumulative,month,2023-08-01,232,,,rkcc-jee9,Backcast from current public inventory creation dates.,2026-05-28T23:59:30+00:00
public_datasets_cumulative,month,2023-09-01,233,,,rkcc-jee9,Backcast from current public inventory creation dates.,2026-05-28T23:59:30+00:00
public_datasets_cumulative,month,2023-10-01,233,,,rkcc-jee9,Backcast from current public inventory creation dates.,2026-05-28T23:59:30+00:00
public_datasets_cumulative,month,2023-11-01,234,,,rkcc-jee9,Backcast from current public inventory creation dates.,2026-05-28T23:59:30+00:00
public_datasets_cumulative,month,2023-12-01,236,,,rkcc-jee9,Backcast from current public inventory creation dates.,2026-05-28T23:59:30+00:00
public_datasets_cumulative,month,2024-01-01,237,,,rkcc-jee9,Backcast from current public inventory creation dates.,2026-05-28T23:59:30+00:00
public_datasets_cumulative,month,2024-02-01,238,,,rkcc-jee9,Backcast from current public inventory creation dates.,2026-05-28T23:59:30+00:00
public_datasets_cumulative,month,2024-03-01,238,,,rkcc-jee9,Backcast from current public inventory creation dates.,2026-05-28T23:59:30+00:00
public_datasets_cumulative,month,2024-04-01,240,,,rkcc-jee9,Backcast from current public inventory creation dates.,2026-05-28T23:59:30+00:00
public_datasets_cumulative,month,2024-05-01,243,,,rkcc-jee9,Backcast from current public inventory creation dates.,2026-05-28T23:59:30+00:00
public_datasets_cumulative,month,2024-06-01,245,,,rkcc-jee9,Backcast from current public inventory creation dates.,2026-05-28T23:59:30+00:00
public_datasets_cumulative,month,2024-07-01,246,,,rkcc-jee9,Backcast from current public inventory creation dates.,2026-05-28T23:59:30+00:00
public_datasets_cumulative,month,2024-08-01,246,,,rkcc-jee9,Backcast from current public inventory creation dates.,2026-05-28T23:59:30+00:00
public_datasets_cumulative,month,2024-09-01,246,,,rkcc-jee9,Backcast from current public inventory creation dates.,2026-05-28T23:59:30+00:00
public_datasets_cumulative,month,2024-10-01,256,,,rkcc-jee9,Backcast from current public inventory creation dates.,2026-05-28T23:59:30+00:00
public_datasets_cumulative,month,2024-11-01,256,,,rkcc-jee9,Backcast from current public inventory creation dates.,2026-05-28T23:59:30+00:00
public_datasets_cumulative,month,2024-12-01,256,,,rkcc-jee9,Backcast from current public inventory creation dates.,2026-05-28T23:59:30+00:00
public_datasets_cumulative,month,2025-01-01,258,,,rkcc-jee9,Backcast from current public inventory creation dates.,2026-05-28T23:59:30+00:00
public_datasets_cumulative,month,2025-02-01,262,,,rkcc-jee9,Backcast from current public inventory creation dates.,2026-05-28T23:59:30+00:00
public_datasets_cumulative,month,2025-03-01,262,,,rkcc-jee9,Backcast from current public inventory creation dates.,2026-05-28T23:59:30+00:00
public_datasets_cumulative,month,2025-04-01,264,,,rkcc-jee9,Backcast from current public inventory creation dates.,2026-05-28T23:59:30+00:00
public_datasets_cumulative,month,2025-05-01,264,,,rkcc-jee9,Backcast from current public inventory creation dates.,2026-05-28T23:59:30+00:00
public_datasets_cumulative,month,2025-06-01,264,,,rkcc-jee9,Backcast from current public inventory creation dates.,2026-05-28T23:59:30+00:00
public_datasets_cumulative,month,2025-07-01,264,,,rkcc-jee9,Backcast from current public inventory creation dates.,2026-05-28T23:59:30+00:00
public_datasets_cumulative,month,2025-08-01,267,,,rkcc-jee9,Backcast from current public inventory creation dates.,2026-05-28T23:59:30+00:00
public_datasets_cumulative,month,2025-09-01,267,,,rkcc-jee9,Backcast from current public inventory creation dates.,2026-05-28T23:59:30+00:00
public_datasets_cumulative,month,2025-10-01,268,,,rkcc-jee9,Backcast from current public inventory creation dates.,2026-05-28T23:59:30+00:00
public_datasets_cumulative,month,2025-11-01,269,,,rkcc-jee9,Backcast from current public inventory creation dates.,2026-05-28T23:59:30+00:00
public_datasets_cumulative,month,2025-12-01,271,,,rkcc-jee9,Backcast from current public inventory creation dates.,2026-05-28T23:59:30+00:00
public_datasets_cumulative,month,2026-01-01,274,,,rkcc-jee9,Backcast from current public inventory creation dates.,2026-05-28T23:59:30+00:00
public_datasets_cumulative,month,2026-02-01,275,,,rkcc-jee9,Backcast from current public inventory creation dates.,2026-05-28T23:59:30+00:00
public_datasets_cumulative,month,2026-03-01,277,,,rkcc-jee9,Backcast from current public inventory creation dates.,2026-05-28T23:59:30+00:00
public_datasets_cumulative,month,2026-04-01,279,,,rkcc-jee9,Backcast from current public inventory creation dates.,2026-05-28T23:59:30+00:00
public_datasets_cumulative,month,2026-05-01,279,,,rkcc-jee9,Backcast from current public inventory creation dates.,2026-05-28T23:59:30+00:00
public_datasets_cumulative,year,2013-01-01,3,,,,Aggregated from monthly values using last.,2026-05-28T23:59:30+00:00
public_datasets_cumulative,year,2014-01-01,37,,,,Aggregated from monthly values using last.,2026-05-28T23:59:30+00:00
public_datasets_cumulative,year,2015-01-01,63,,,,Aggregated from monthly values using last.,2026-05-28T23:59:30+00:00
public_datasets_cumulative,year,2016-01-01,86,,,,Aggregated from monthly values using last.,2026-05-28T23:59:30+00:00
public_datasets_cumulative,year,2017-01-01,105,,,,Aggregated from monthly values using last.,2026-05-28T23:59:30+00:00
public_datasets_cumulative,year,2018-01-01,132,,,,Aggregated from monthly values using last.,2026-05-28T23:59:30+00:00
public_datasets_cumulative,year,2019-01-01,149,,,,Aggregated from monthly values using last.,2026-05-28T23:59:30+00:00
public_datasets_cumulative,year,2020-01-01,167,,,,Aggregated from monthly values using last.,2026-05-28T23:59:30+00:00
public_datasets_cumulative,year,2021-01-01,192,,,,Aggregated from monthly values using last.,2026-05-28T23:59:30+00:00
public_datasets_cumulative,year,2022-01-01,215,,,,Aggregated from monthly values using last.,2026-05-28T23:59:30+00:00
public_datasets_cumulative,year,2023-01-01,236,,,,Aggregated from monthly values using last.,2026-05-28T23:59:30+00:00
public_datasets_cumulative,year,2024-01-01,256,,,,Aggregated from monthly values using last.,2026-05-28T23:59:30+00:00
public_datasets_cumulative,year,2025-01-01,271,,,,Aggregated from monthly values using last.,2026-05-28T23:59:30+00:00
public_datasets_cumulative,year,2026-01-01,279,,,,Aggregated from monthly values using last.,2026-05-28T23:59:30+00:00
public_workshop_attendance,month,2013-11-01,,,,,No source value available for this period.,2026-05-28T23:59:30+00:00
public_workshop_attendance,month,2013-12-01,,,,,No source value available for this period.,2026-05-28T23:59:30+00:00
public_workshop_attendance,month,2014-01-01,,,,,No source value available for this period.,2026-05-28T23:59:30+00:00
public_workshop_attendance,month,2014-02-01,,,,,No source value available for this period.,2026-05-28T23:59:30+00:00
public_workshop_attendance,month,2014-03-01,,,,,No source value available for this period.,2026-05-28T23:59:30+00:00
public_workshop_attendance,month,2014-04-01,,,,,No source value available for this period.,2026-05-28T23:59:30+00:00
public_workshop_attendance,month,2014-05-01,,,,,No source value available for this period.,2026-05-28T23:59:30+00:00
public_workshop_attendance,month,2014-06-01,,,,,No source value available for this period.,2026-05-28T23:59:30+00:00
public_workshop_attendance,month,2014-07-01,,,,,No source value available for this period.,2026-05-28T23:59:30+00:00
public_workshop_attendance,month,2014-08-01,,,,,No source value available for this period.,2026-05-28T23:59:30+00:00
public_workshop_attendance,month,2014-09-01,,,,,No source value available for this period.,2026-05-28T23:59:30+00:00
public_workshop_attendance,month,2014-10-01,,,,,No source value available for this period.,2026-05-28T23:59:30+00:00
public_workshop_attendance,month,2014-11-01,,,,,No source value available for this period.,2026-05-28T23:59:30+00:00
public_workshop_attendance,month,2014-12-01,,,,,No source value available for this period.,2026-05-28T23:59:30+00:00
public_workshop_attendance,month,2015-01-01,,,,,No source value available for this period.,2026-05-28T23:59:30+00:00
public_workshop_attendance,month,2015-02-01,,,,,No source value available for this period.,2026-05-28T23:59:30+00:00
public_workshop_attendance,month,2015-03-01,,,,,No source value available for this period.,2026-05-28T23:59:30+00:00
public_workshop_attendance,month,2015-04-01,,,,,No source value available for this period.,2026-05-28T23:59:30+00:00
public_workshop_attendance,month,2015-05-01,,,,,No source value available for this period.,2026-05-28T23:59:30+00:00
public_workshop_attendance,month,2015-06-01,,,,,No source value available for this period.,2026-05-28T23:59:30+00:00
public_workshop_attendance,month,2015-07-01,,,,,No source value available for this period.,2026-05-28T23:59:30+00:00
public_workshop_attendance,month,2015-08-01,,,,,No source value available for this period.,2026-05-28T23:59:30+00:00
public_workshop_attendance,month,2015-09-01,,,,,No source value available for this period.,2026-05-28T23:59:30+00:00
public_workshop_attendance,month,2015-10-01,,,,,No source value available for this period.,2026-05-28T23:59:30+00:00
public_workshop_attendance,month,2015-11-01,,,,,No source value available for this period.,2026-05-28T23:59:30+00:00
public_workshop_attendance,month,2015-12-01,,,,,No source value available for this period.,2026-05-28T23:59:30+00:00
public_workshop_attendance,month,2016-01-01,,,,,No source value available for this period.,2026-05-28T23:59:30+00:00
public_workshop_attendance,month,2016-02-01,,,,,No source value available for this period.,2026-05-28T23:59:30+00:00
public_workshop_attendance,month,2016-03-01,,,,,No source value available for this period.,2026-05-28T23:59:30+00:00
public_workshop_attendance,month,2016-04-01,,,,,No source value available for this period.,2026-05-28T23:59:30+00:00
public_workshop_attendance,month,2016-05-01,,,,,No source value available for this period.,2026-05-28T23:59:30+00:00
public_workshop_attendance,month,2016-06-01,,,,,No source value available for this period.,2026-05-28T23:59:30+00:00
public_workshop_attendance,month,2016-07-01,,,,,No source value available for this period.,2026-05-28T23:59:30+00:00
public_workshop_attendance,month,2016-08-01,,,,,No source value available for this period.,2026-05-28T23:59:30+00:00
public_workshop_attendance,month,2016-09-01,,,,,No source value available for this period.,2026-05-28T23:59:30+00:00
public_workshop_attendance,month,2016-10-01,,,,,No source value available for this period.,2026-05-28T23:59:30+00:00
public_workshop_attendance,month,2016-11-01,,,,,No source value available for this period.,2026-05-28T23:59:30+00:00
public_workshop_attendance,month,2016-12-01,,,,,No source value available for this period.,2026-05-28T23:59:30+00:00
public_workshop_attendance,month,2017-01-01,,,,,No source value available for this period.,2026-05-28T23:59:30+00:00
public_workshop_attendance,month,2017-02-01,,,,,No source value available for this period.,2026-05-28T23:59:30+00:00
public_workshop_attendance,month,2017-03-01,,,,,No source value available for this period.,2026-05-28T23:59:30+00:00
public_workshop_attendance,month,2017-04-01,,,,,No source value available for this period.,2026-05-28T23:59:30+00:00
public_workshop_attendance,month,2017-05-01,,,,,No source value available for this period.,2026-05-28T23:59:30+00:00
public_workshop_attendance,month,2017-06-01,,,,,No source value available for this period.,2026-05-28T23:59:30+00:00
public_workshop_attendance,month,2017-07-01,,,,,No source value available for this period.,2026-05-28T23:59:30+00:00
public_workshop_attendance,month,2017-08-01,,,,,No source value available for this period.,2026-05-28T23:59:30+00:00
public_workshop_attendance,month,2017-09-01,,,,,No source value available for this period.,2026-05-28T23:59:30+00:00
public_workshop_attendance,month,2017-10-01,,,,,No source value available for this period.,2026-05-28T23:59:30+00:00
public_workshop_attendance,month,2017-11-01,,,,,No source value available for this period.,2026-05-28T23:59:30+00:00
public_workshop_attendance,month,2017-12-01,,,,,No source value available for this period.,2026-05-28T23:59:30+00:00
public_workshop_attendance,month,2018-01-01,,,,,No source value available for this period.,2026-05-28T23:59:30+00:00
public_workshop_attendance,month,2018-02-01,,,,,No source value available for this period.,2026-05-28T23:59:30+00:00
public_workshop_attendance,month,2018-03-01,,,,,No source value available for this period.,2026-05-28T23:59:30+00:00
public_workshop_attendance,month,2018-04-01,,,,,No source value available for this period.,2026-05-28T23:59:30+00:00
public_workshop_attendance,month,2018-05-01,,,,,No source value available for this period.,2026-05-28T23:59:30+00:00
public_workshop_attendance,month,2018-06-01,,,,,No source value available for this period.,2026-05-28T23:59:30+00:00
public_workshop_attendance,month,2018-07-01,,,,,No source value available for this period.,2026-05-28T23:59:30+00:00
public_workshop_attendance,month,2018-08-01,,,,,No source value available for this period.,2026-05-28T23:59:30+00:00
public_workshop_attendance,month,2018-09-01,,,,,No source value available for this period.,2026-05-28T23:59:30+00:00
public_workshop_attendance,month,2018-10-01,,,,,No source value available for this period.,2026-05-28T23:59:30+00:00
public_workshop_attendance,month,2018-11-01,,,,,No source value available for this period.,2026-05-28T23:59:30+00:00
public_workshop_attendance,month,2018-12-01,,,,,No source value available for this period.,2026-05-28T23:59:30+00:00
public_workshop_attendance,month,2019-01-01,,,,,No source value available for this period.,2026-05-28T23:59:30+00:00
public_workshop_attendance,month,2019-02-01,,,,,No source value available for this period.,2026-05-28T23:59:30+00:00
public_workshop_attendance,month,2019-03-01,,,,,No source value available for this period.,2026-05-28T23:59:30+00:00
public_workshop_attendance,month,2019-04-01,,,,,No source value available for this period.,2026-05-28T23:59:30+00:00
public_workshop_attendance,month,2019-05-01,,,,,No source value available for this period.,2026-05-28T23:59:30+00:00
public_workshop_attendance,month,2019-06-01,,,,,No source value available for this period.,2026-05-28T23:59:30+00:00
public_workshop_attendance,month,2019-07-01,,,,,No source value available for this period.,2026-05-28T23:59:30+00:00
public_workshop_attendance,month,2019-08-01,,,,,No source value available for this period.,2026-05-28T23:59:30+00:00
public_workshop_attendance,month,2019-09-01,,,,,No source value available for this period.,2026-05-28T23:59:30+00:00
public_workshop_attendance,month,2019-10-01,,,,,No source value available for this period.,2026-05-28T23:59:30+00:00
public_workshop_attendance,month,2019-11-01,,,,,No source value available for this period.,2026-05-28T23:59:30+00:00
public_workshop_attendance,month,2019-12-01,,,,,No source value available for this period.,2026-05-28T23:59:30+00:00
public_workshop_attendance,month,2020-01-01,,,,,No source value available for this period.,2026-05-28T23:59:30+00:00
public_workshop_attendance,month,2020-02-01,,,,,No source value available for this period.,2026-05-28T23:59:30+00:00
public_workshop_attendance,month,2020-03-01,,,,,No source value available for this period.,2026-05-28T23:59:30+00:00
public_workshop_attendance,month,2020-04-01,,,,,No source value available for this period.,2026-05-28T23:59:30+00:00
public_workshop_attendance,month,2020-05-01,,,,,No source value available for this period.,2026-05-28T23:59:30+00:00
public_workshop_attendance,month,2020-06-01,,,,,No source value available for this period.,2026-05-28T23:59:30+00:00
public_workshop_attendance,month,2020-07-01,,,,,No source value available for this period.,2026-05-28T23:59:30+00:00
public_workshop_attendance,month,2020-08-01,,,,,No source value available for this period.,2026-05-28T23:59:30+00:00
public_workshop_attendance,month,2020-09-01,,,,,No source value available for this period.,2026-05-28T23:59:30+00:00
public_workshop_attendance,month,2020-10-01,,,,,No source value available for this period.,2026-05-28T23:59:30+00:00
public_workshop_attendance,month,2020-11-01,,,,,No source value available for this period.,2026-05-28T23:59:30+00:00
public_workshop_attendance,month,2020-12-01,,,,,No source value available for this period.,2026-05-28T23:59:30+00:00
public_workshop_attendance,month,2021-01-01,,,,,No source value available for this period.,2026-05-28T23:59:30+00:00
public_workshop_attendance,month,2021-02-01,,,,,No source value available for this period.,2026-05-28T23:59:30+00:00
public_workshop_attendance,month,2021-03-01,,,,,No source value available for this period.,2026-05-28T23:59:30+00:00
public_workshop_attendance,month,2021-04-01,,,,,No source value available for this period.,2026-05-28T23:59:30+00:00
public_workshop_attendance,month,2021-05-01,,,,,No source value available for this period.,2026-05-28T23:59:30+00:00
public_workshop_attendance,month,2021-06-01,,,,,No source value available for this period.,2026-05-28T23:59:30+00:00
public_workshop_attendance,month,2021-07-01,,,,,No source value available for this period.,2026-05-28T23:59:30+00:00
public_workshop_attendance,month,2021-08-01,,,,,No source value available for this period.,2026-05-28T23:59:30+00:00
public_workshop_attendance,month,2021-09-01,,,,,No source value available for this period.,2026-05-28T23:59:30+00:00
public_workshop_attendance,month,2021-10-01,,,,,No source value available for this period.,2026-05-28T23:59:30+00:00
public_workshop_attendance,month,2021-11-01,,,,,No source value available for this period.,2026-05-28T23:59:30+00:00
public_workshop_attendance,month,2021-12-01,,,,,No source value available for this period.,2026-05-28T23:59:30+00:00
public_workshop_attendance,month,2022-01-01,,,,,No source value available for this period.,2026-05-28T23:59:30+00:00
public_workshop_attendance,month,2022-02-01,,,,,No source value available for this period.,2026-05-28T23:59:30+00:00
public_workshop_attendance,month,2022-03-01,,,,,No source value available for this period.,2026-05-28T23:59:30+00:00
public_workshop_attendance,month,2022-04-01,,,,,No source value available for this period.,2026-05-28T23:59:30+00:00
public_workshop_attendance,month,2022-05-01,,,,,No source value available for this period.,2026-05-28T23:59:30+00:00
public_workshop_attendance,month,2022-06-01,,,,,No source value available for this period.,2026-05-28T23:59:30+00:00
public_workshop_attendance,month,2022-07-01,,,,,No source value available for this period.,2026-05-28T23:59:30+00:00
public_workshop_attendance,month,2022-08-01,,,,,No source value available for this period.,2026-05-28T23:59:30+00:00
public_workshop_attendance,month,2022-09-01,,,,,No source value available for this period.,2026-05-28T23:59:30+00:00
public_workshop_attendance,month,2022-10-01,,,,,No source value available for this period.,2026-05-28T23:59:30+00:00
public_workshop_attendance,month,2022-11-01,,,,,No source value available for this period.,2026-05-28T23:59:30+00:00
public_workshop_attendance,month,2022-12-01,,,,,No source value available for this period.,2026-05-28T23:59:30+00:00
public_workshop_attendance,month,2023-01-01,,,,,No source value available for this period.,2026-05-28T23:59:30+00:00
public_workshop_attendance,month,2023-02-01,,,,,No source value available for this period.,2026-05-28T23:59:30+00:00
public_workshop_attendance,month,2023-03-01,,,,,No source value available for this period.,2026-05-28T23:59:30+00:00
public_workshop_attendance,month,2023-04-01,,,,,No source value available for this period.,2026-05-28T23:59:30+00:00
public_workshop_attendance,month,2023-05-01,,,,,No source value available for this period.,2026-05-28T23:59:30+00:00
public_workshop_attendance,month,2023-06-01,,,,,No source value available for this period.,2026-05-28T23:59:30+00:00
public_workshop_attendance,month,2023-07-01,,,,,No source value available for this period.,2026-05-28T23:59:30+00:00
public_workshop_attendance,month,2023-08-01,,,,,No source value available for this period.,2026-05-28T23:59:30+00:00
public_workshop_attendance,month,2023-09-01,,,,,No source value available for this period.,2026-05-28T23:59:30+00:00
public_workshop_attendance,month,2023-10-01,,,,,No source value available for this period.,2026-05-28T23:59:30+00:00
public_workshop_attendance,month,2023-11-01,,,,,No source value available for this period.,2026-05-28T23:59:30+00:00
public_workshop_attendance,month,2023-12-01,,,,,No source value available for this period.,2026-05-28T23:59:30+00:00
public_workshop_attendance,month,2024-01-01,,,,,No source value available for this period.,2026-05-28T23:59:30+00:00
public_workshop_attendance,month,2024-02-01,,,,,No source value available for this period.,2026-05-28T23:59:30+00:00
public_workshop_attendance,month,2024-03-01,,,,,No source value available for this period.,2026-05-28T23:59:30+00:00
public_workshop_attendance,month,2024-04-01,,,,,No source value available for this period.,2026-05-28T23:59:30+00:00
public_workshop_attendance,month,2024-05-01,,,,,No source value available for this period.,2026-05-28T23:59:30+00:00
public_workshop_attendance,month,2024-06-01,,,,,No source value available for this period.,2026-05-28T23:59:30+00:00
public_workshop_attendance,month,2024-07-01,,,,,No source value available for this period.,2026-05-28T23:59:30+00:00
public_workshop_attendance,month,2024-08-01,,,,,No source value available for this period.,2026-05-28T23:59:30+00:00
public_workshop_attendance,month,2024-09-01,,,,,No source value available for this period.,2026-05-28T23:59:30+00:00
public_workshop_attendance,month,2024-10-01,,,,,No source value available for this period.,2026-05-28T23:59:30+00:00
public_workshop_attendance,month,2024-11-01,,,,,No source value available for this period.,2026-05-28T23:59:30+00:00
public_workshop_attendance,month,2024-12-01,,,,,No source value available for this period.,2026-05-28T23:59:30+00:00
public_workshop_attendance,month,2025-01-01,,,,,No source value available for this period.,2026-05-28T23:59:30+00:00
public_workshop_attendance,month,2025-02-01,,,,,No source value available for this period.,2026-05-28T23:59:30+00:00
public_workshop_attendance,month,2025-03-01,,,,,No source value available for this period.,2026-05-28T23:59:30+00:00
public_workshop_attendance,month,2025-04-01,,,,,No source value available for this period.,2026-05-28T23:59:30+00:00
public_workshop_attendance,month,2025-05-01,,,,,No source value available for this period.,2026-05-28T23:59:30+00:00
public_workshop_attendance,month,2025-06-01,,,,,No source value available for this period.,2026-05-28T23:59:30+00:00
public_workshop_attendance,month,2025-07-01,,,,,No source value available for this period.,2026-05-28T23:59:30+00:00
public_workshop_attendance,month,2025-08-01,,,,,No source value available for this period.,2026-05-28T23:59:30+00:00
public_workshop_attendance,month,2025-09-01,,,,,No source value available for this period.,2026-05-28T23:59:30+00:00
public_workshop_attendance,month,2025-10-01,,,,,No source value available for this period.,2026-05-28T23:59:30+00:00
public_workshop_attendance,month,2025-11-01,,,,,No source value available for this period.,2026-05-28T23:59:30+00:00
public_workshop_attendance,month,2025-12-01,,,,,No source value available for this period.,2026-05-28T23:59:30+00:00
public_workshop_attendance,month,2026-01-01,,,,,No source value available for this period.,2026-05-28T23:59:30+00:00
public_workshop_attendance,month,2026-02-01,,,,,No source value available for this period.,2026-05-28T23:59:30+00:00
public_workshop_attendance,month,2026-03-01,,,,,No source value available for this period.,2026-05-28T23:59:30+00:00
public_workshop_attendance,month,2026-04-01,,,,,No source value available for this period.,2026-05-28T23:59:30+00:00
public_workshop_attendance,month,2026-05-01,,,,,No source value available for this period.,2026-05-28T23:59:30+00:00
public_workshops,month,2013-11-01,,,,,No source value available for this period.,2026-05-28T23:59:30+00:00
public_workshops,month,2013-12-01,,,,,No source value available for this period.,2026-05-28T23:59:30+00:00
public_workshops,month,2014-01-01,,,,,No source value available for this period.,2026-05-28T23:59:30+00:00
public_workshops,month,2014-02-01,,,,,No source value available for this period.,2026-05-28T23:59:30+00:00
public_workshops,month,2014-03-01,,,,,No source value available for this period.,2026-05-28T23:59:30+00:00
public_workshops,month,2014-04-01,,,,,No source value available for this period.,2026-05-28T23:59:30+00:00
public_workshops,month,2014-05-01,,,,,No source value available for this period.,2026-05-28T23:59:30+00:00
public_workshops,month,2014-06-01,,,,,No source value available for this period.,2026-05-28T23:59:30+00:00
public_workshops,month,2014-07-01,,,,,No source value available for this period.,2026-05-28T23:59:30+00:00
public_workshops,month,2014-08-01,,,,,No source value available for this period.,2026-05-28T23:59:30+00:00
public_workshops,month,2014-09-01,,,,,No source value available for this period.,2026-05-28T23:59:30+00:00
public_workshops,month,2014-10-01,,,,,No source value available for this period.,2026-05-28T23:59:30+00:00
public_workshops,month,2014-11-01,,,,,No source value available for this period.,2026-05-28T23:59:30+00:00
public_workshops,month,2014-12-01,,,,,No source value available for this period.,2026-05-28T23:59:30+00:00
public_workshops,month,2015-01-01,,,,,No source value available for this period.,2026-05-28T23:59:30+00:00
public_workshops,month,2015-02-01,,,,,No source value available for this period.,2026-05-28T23:59:30+00:00
public_workshops,month,2015-03-01,,,,,No source value available for this period.,2026-05-28T23:59:30+00:00
public_workshops,month,2015-04-01,,,,,No source value available for this period.,2026-05-28T23:59:30+00:00
public_workshops,month,2015-05-01,,,,,No source value available for this period.,2026-05-28T23:59:30+00:00
public_workshops,month,2015-06-01,,,,,No source value available for this period.,2026-05-28T23:59:30+00:00
public_workshops,month,2015-07-01,,,,,No source value available for this period.,2026-05-28T23:59:30+00:00
public_workshops,month,2015-08-01,,,,,No source value available for this period.,2026-05-28T23:59:30+00:00
public_workshops,month,2015-09-01,,,,,No source value available for this period.,2026-05-28T23:59:30+00:00
public_workshops,month,2015-10-01,,,,,No source value available for this period.,2026-05-28T23:59:30+00:00
public_workshops,month,2015-11-01,,,,,No source value available for this period.,2026-05-28T23:59:30+00:00
public_workshops,month,2015-12-01,,,,,No source value available for this period.,2026-05-28T23:59:30+00:00
public_workshops,month,2016-01-01,,,,,No source value available for this period.,2026-05-28T23:59:30+00:00
public_workshops,month,2016-02-01,,,,,No source value available for this period.,2026-05-28T23:59:30+00:00
public_workshops,month,2016-03-01,,,,,No source value available for this period.,2026-05-28T23:59:30+00:00
public_workshops,month,2016-04-01,,,,,No source value available for this period.,2026-05-28T23:59:30+00:00
public_workshops,month,2016-05-01,,,,,No source value available for this period.,2026-05-28T23:59:30+00:00
public_workshops,month,2016-06-01,,,,,No source value available for this period.,2026-05-28T23:59:30+00:00
public_workshops,month,2016-07-01,,,,,No source value available for this period.,2026-05-28T23:59:30+00:00
public_workshops,month,2016-08-01,,,,,No source value available for this period.,2026-05-28T23:59:30+00:00
public_workshops,month,2016-09-01,,,,,No source value available for this period.,2026-05-28T23:59:30+00:00
public_workshops,month,2016-10-01,,,,,No source value available for this period.,2026-05-28T23:59:30+00:00
public_workshops,month,2016-11-01,,,,,No source value available for this period.,2026-05-28T23:59:30+00:00
public_workshops,month,2016-12-01,,,,,No source value available for this period.,2026-05-28T23:59:30+00:00
public_workshops,month,2017-01-01,,,,,No source value available for this period.,2026-05-28T23:59:30+00:00
public_workshops,month,2017-02-01,,,,,No source value available for this period.,2026-05-28T23:59:30+00:00
public_workshops,month,2017-03-01,,,,,No source value available for this period.,2026-05-28T23:59:30+00:00
public_workshops,month,2017-04-01,,,,,No source value available for this period.,2026-05-28T23:59:30+00:00
public_workshops,month,2017-05-01,,,,,No source value available for this period.,2026-05-28T23:59:30+00:00
public_workshops,month,2017-06-01,,,,,No source value available for this period.,2026-05-28T23:59:30+00:00
public_workshops,month,2017-07-01,,,,,No source value available for this period.,2026-05-28T23:59:30+00:00
public_workshops,month,2017-08-01,,,,,No source value available for this period.,2026-05-28T23:59:30+00:00
public_workshops,month,2017-09-01,,,,,No source value available for this period.,2026-05-28T23:59:30+00:00
public_workshops,month,2017-10-01,,,,,No source value available for this period.,2026-05-28T23:59:30+00:00
public_workshops,month,2017-11-01,,,,,No source value available for this period.,2026-05-28T23:59:30+00:00
public_workshops,month,2017-12-01,,,,,No source value available for this period.,2026-05-28T23:59:30+00:00
public_workshops,month,2018-01-01,,,,,No source value available for this period.,2026-05-28T23:59:30+00:00
public_workshops,month,2018-02-01,,,,,No source value available for this period.,2026-05-28T23:59:30+00:00
public_workshops,month,2018-03-01,,,,,No source value available for this period.,2026-05-28T23:59:30+00:00
public_workshops,month,2018-04-01,,,,,No source value available for this period.,2026-05-28T23:59:30+00:00
public_workshops,month,2018-05-01,,,,,No source value available for this period.,2026-05-28T23:59:30+00:00
public_workshops,month,2018-06-01,,,,,No source value available for this period.,2026-05-28T23:59:30+00:00
public_workshops,month,2018-07-01,,,,,No source value available for this period.,2026-05-28T23:59:30+00:00
public_workshops,month,2018-08-01,,,,,No source value available for this period.,2026-05-28T23:59:30+00:00
public_workshops,month,2018-09-01,,,,,No source value available for this period.,2026-05-28T23:59:30+00:00
public_workshops,month,2018-10-01,,,,,No source value available for this period.,2026-05-28T23:59:30+00:00
public_workshops,month,2018-11-01,,,,,No source value available for this period.,2026-05-28T23:59:30+00:00
public_workshops,month,2018-12-01,,,,,No source value available for this period.,2026-05-28T23:59:30+00:00
public_workshops,month,2019-01-01,,,,,No source value available for this period.,2026-05-28T23:59:30+00:00
public_workshops,month,2019-02-01,,,,,No source value available for this period.,2026-05-28T23:59:30+00:00
public_workshops,month,2019-03-01,,,,,No source value available for this period.,2026-05-28T23:59:30+00:00
public_workshops,month,2019-04-01,,,,,No source value available for this period.,2026-05-28T23:59:30+00:00
public_workshops,month,2019-05-01,,,,,No source value available for this period.,2026-05-28T23:59:30+00:00
public_workshops,month,2019-06-01,,,,,No source value available for this period.,2026-05-28T23:59:30+00:00
public_workshops,month,2019-07-01,,,,,No source value available for this period.,2026-05-28T23:59:30+00:00
public_workshops,month,2019-08-01,,,,,No source value available for this period.,2026-05-28T23:59:30+00:00
public_workshops,month,2019-09-01,,,,,No source value available for this period.,2026-05-28T23:59:30+00:00
public_workshops,month,2019-10-01,,,,,No source value available for this period.,2026-05-28T23:59:30+00:00
public_workshops,month,2019-11-01,,,,,No source value available for this period.,2026-05-28T23:59:30+00:00
public_workshops,month,2019-12-01,,,,,No source value available for this period.,2026-05-28T23:59:30+00:00
public_workshops,month,2020-01-01,,,,,No source value available for this period.,2026-05-28T23:59:30+00:00
public_workshops,month,2020-02-01,,,,,No source value available for this period.,2026-05-28T23:59:30+00:00
public_workshops,month,2020-03-01,,,,,No source value available for this period.,2026-05-28T23:59:30+00:00
public_workshops,month,2020-04-01,,,,,No source value available for this period.,2026-05-28T23:59:30+00:00
public_workshops,month,2020-05-01,,,,,No source value available for this period.,2026-05-28T23:59:30+00:00
public_workshops,month,2020-06-01,,,,,No source value available for this period.,2026-05-28T23:59:30+00:00
public_workshops,month,2020-07-01,,,,,No source value available for this period.,2026-05-28T23:59:30+00:00
public_workshops,month,2020-08-01,,,,,No source value available for this period.,2026-05-28T23:59:30+00:00
public_workshops,month,2020-09-01,,,,,No source value available for this period.,2026-05-28T23:59:30+00:00
public_workshops,month,2020-10-01,,,,,No source value available for this period.,2026-05-28T23:59:30+00:00
public_workshops,month,2020-11-01,,,,,No source value available for this period.,2026-05-28T23:59:30+00:00
public_workshops,month,2020-12-01,,,,,No source value available for this period.,2026-05-28T23:59:30+00:00
public_workshops,month,2021-01-01,,,,,No source value available for this period.,2026-05-28T23:59:30+00:00
public_workshops,month,2021-02-01,,,,,No source value available for this period.,2026-05-28T23:59:30+00:00
public_workshops,month,2021-03-01,,,,,No source value available for this period.,2026-05-28T23:59:30+00:00
public_workshops,month,2021-04-01,,,,,No source value available for this period.,2026-05-28T23:59:30+00:00
public_workshops,month,2021-05-01,,,,,No source value available for this period.,2026-05-28T23:59:30+00:00
public_workshops,month,2021-06-01,,,,,No source value available for this period.,2026-05-28T23:59:30+00:00
public_workshops,month,2021-07-01,,,,,No source value available for this period.,2026-05-28T23:59:30+00:00
public_workshops,month,2021-08-01,,,,,No source value available for this period.,2026-05-28T23:59:30+00:00
public_workshops,month,2021-09-01,,,,,No source value available for this period.,2026-05-28T23:59:30+00:00
public_workshops,month,2021-10-01,,,,,No source value available for this period.,2026-05-28T23:59:30+00:00
public_workshops,month,2021-11-01,,,,,No source value available for this period.,2026-05-28T23:59:30+00:00
public_workshops,month,2021-12-01,,,,,No source value available for this period.,2026-05-28T23:59:30+00:00
public_workshops,month,2022-01-01,,,,,No source value available for this period.,2026-05-28T23:59:30+00:00
public_workshops,month,2022-02-01,,,,,No source value available for this period.,2026-05-28T23:59:30+00:00
public_workshops,month,2022-03-01,,,,,No source value available for this period.,2026-05-28T23:59:30+00:00
public_workshops,month,2022-04-01,,,,,No source value available for this period.,2026-05-28T23:59:30+00:00
public_workshops,month,2022-05-01,,,,,No source value available for this period.,2026-05-28T23:59:30+00:00
public_workshops,month,2022-06-01,,,,,No source value available for this period.,2026-05-28T23:59:30+00:00
public_workshops,month,2022-07-01,,,,,No source value available for this period.,2026-05-28T23:59:30+00:00
public_workshops,month,2022-08-01,,,,,No source value available for this period.,2026-05-28T23:59:30+00:00
public_workshops,month,2022-09-01,,,,,No source value available for this period.,2026-05-28T23:59:30+00:00
public_workshops,month,2022-10-01,,,,,No source value available for this period.,2026-05-28T23:59:30+00:00
public_workshops,month,2022-11-01,,,,,No source value available for this period.,2026-05-28T23:59:30+00:00
public_workshops,month,2022-12-01,,,,,No source value available for this period.,2026-05-28T23:59:30+00:00
public_workshops,month,2023-01-01,,,,,No source value available for this period.,2026-05-28T23:59:30+00:00
public_workshops,month,2023-02-01,,,,,No source value available for this period.,2026-05-28T23:59:30+00:00
public_workshops,month,2023-03-01,,,,,No source value available for this period.,2026-05-28T23:59:30+00:00
public_workshops,month,2023-04-01,,,,,No source value available for this period.,2026-05-28T23:59:30+00:00
public_workshops,month,2023-05-01,,,,,No source value available for this period.,2026-05-28T23:59:30+00:00
public_workshops,month,2023-06-01,,,,,No source value available for this period.,2026-05-28T23:59:30+00:00
public_workshops,month,2023-07-01,,,,,No source value available for this period.,2026-05-28T23:59:30+00:00
public_workshops,month,2023-08-01,,,,,No source value available for this period.,2026-05-28T23:59:30+00:00
public_workshops,month,2023-09-01,,,,,No source value available for this period.,2026-05-28T23:59:30+00:00
public_workshops,month,2023-10-01,,,,,No source value available for this period.,2026-05-28T23:59:30+00:00
public_workshops,month,2023-11-01,,,,,No source value available for this period.,2026-05-28T23:59:30+00:00
public_workshops,month,2023-12-01,,,,,No source value available for this period.,2026-05-28T23:59:30+00:00
public_workshops,month,2024-01-01,,,,,No source value available for this period.,2026-05-28T23:59:30+00:00
public_workshops,month,2024-02-01,,,,,No source value available for this period.,2026-05-28T23:59:30+00:00
public_workshops,month,2024-03-01,,,,,No source value available for this period.,2026-05-28T23:59:30+00:00
public_workshops,month,2024-04-01,,,,,No source value available for this period.,2026-05-28T23:59:30+00:00
public_workshops,month,2024-05-01,,,,,No source value available for this period.,2026-05-28T23:59:30+00:00
public_workshops,month,2024-06-01,,,,,No source value available for this period.,2026-05-28T23:59:30+00:00
public_workshops,month,2024-07-01,,,,,No source value available for this period.,2026-05-28T23:59:30+00:00
public_workshops,month,2024-08-01,,,,,No source value available for this period.,2026-05-28T23:59:30+00:00
public_workshops,month,2024-09-01,,,,,No source value available for this period.,2026-05-28T23:59:30+00:00
public_workshops,month,2024-10-01,,,,,No source value available for this period.,2026-05-28T23:59:30+00:00
public_workshops,month,2024-11-01,,,,,No source value available for this period.,2026-05-28T23:59:30+00:00
public_workshops,month,2024-12-01,,,,,No source value available for this period.,2026-05-28T23:59:30+00:00
public_workshops,month,2025-01-01,,,,,No source value available for this period.,2026-05-28T23:59:30+00:00
public_workshops,month,2025-02-01,,,,,No source value available for this period.,2026-05-28T23:59:30+00:00
public_workshops,month,2025-03-01,,,,,No source value available for this period.,2026-05-28T23:59:30+00:00
public_workshops,month,2025-04-01,,,,,No source value available for this period.,2026-05-28T23:59:30+00:00
public_workshops,month,2025-05-01,,,,,No source value available for this period.,2026-05-28T23:59:30+00:00
public_workshops,month,2025-06-01,,,,,No source value available for this period.,2026-05-28T23:59:30+00:00
public_workshops,month,2025-07-01,,,,,No source value available for this period.,2026-05-28T23:59:30+00:00
public_workshops,month,2025-08-01,,,,,No source value available for this period.,2026-05-28T23:59:30+00:00
public_workshops,month,2025-09-01,,,,,No source value available for this period.,2026-05-28T23:59:30+00:00
public_workshops,month,2025-10-01,,,,,No source value available for this period.,2026-05-28T23:59:30+00:00
public_workshops,month,2025-11-01,,,,,No source value available for this period.,2026-05-28T23:59:30+00:00
public_workshops,month,2025-12-01,,,,,No source value available for this period.,2026-05-28T23:59:30+00:00
public_workshops,month,2026-01-01,,,,,No source value available for this period.,2026-05-28T23:59:30+00:00
public_workshops,month,2026-02-01,,,,,No source value available for this period.,2026-05-28T23:59:30+00:00
public_workshops,month,2026-03-01,,,,,No source value available for this period.,2026-05-28T23:59:30+00:00
public_workshops,month,2026-04-01,,,,,No source value available for this period.,2026-05-28T23:59:30+00:00
public_workshops,month,2026-05-01,,,,,No source value available for this period.,2026-05-28T23:59:30+00:00
published_governance_updates,month,2013-11-01,,,,,No source value available for this period.,2026-05-28T23:59:30+00:00
published_governance_updates,month,2013-12-01,,,,,No source value available for this period.,2026-05-28T23:59:30+00:00
published_governance_updates,month,2014-01-01,,,,,No source value available for this period.,2026-05-28T23:59:30+00:00
published_governance_updates,month,2014-02-01,,,,,No source value available for this period.,2026-05-28T23:59:30+00:00
published_governance_updates,month,2014-03-01,,,,,No source value available for this period.,2026-05-28T23:59:30+00:00
published_governance_updates,month,2014-04-01,,,,,No source value available for this period.,2026-05-28T23:59:30+00:00
published_governance_updates,month,2014-05-01,,,,,No source value available for this period.,2026-05-28T23:59:30+00:00
published_governance_updates,month,2014-06-01,,,,,No source value available for this period.,2026-05-28T23:59:30+00:00
published_governance_updates,month,2014-07-01,,,,,No source value available for this period.,2026-05-28T23:59:30+00:00
published_governance_updates,month,2014-08-01,,,,,No source value available for this period.,2026-05-28T23:59:30+00:00
published_governance_updates,month,2014-09-01,,,,,No source value available for this period.,2026-05-28T23:59:30+00:00
published_governance_updates,month,2014-10-01,,,,,No source value available for this period.,2026-05-28T23:59:30+00:00
published_governance_updates,month,2014-11-01,,,,,No source value available for this period.,2026-05-28T23:59:30+00:00
published_governance_updates,month,2014-12-01,,,,,No source value available for this period.,2026-05-28T23:59:30+00:00
published_governance_updates,month,2015-01-01,,,,,No source value available for this period.,2026-05-28T23:59:30+00:00
published_governance_updates,month,2015-02-01,,,,,No source value available for this period.,2026-05-28T23:59:30+00:00
published_governance_updates,month,2015-03-01,,,,,No source value available for this period.,2026-05-28T23:59:30+00:00
published_governance_updates,month,2015-04-01,,,,,No source value available for this period.,2026-05-28T23:59:30+00:00
published_governance_updates,month,2015-05-01,,,,,No source value available for this period.,2026-05-28T23:59:30+00:00
published_governance_updates,month,2015-06-01,,,,,No source value available for this period.,2026-05-28T23:59:30+00:00
published_governance_updates,month,2015-07-01,,,,,No source value available for this period.,2026-05-28T23:59:30+00:00
published_governance_updates,month,2015-08-01,,,,,No source value available for this period.,2026-05-28T23:59:30+00:00
published_governance_updates,month,2015-09-01,,,,,No source value available for this period.,2026-05-28T23:59:30+00:00
published_governance_updates,month,2015-10-01,,,,,No source value available for this period.,2026-05-28T23:59:30+00:00
published_governance_updates,month,2015-11-01,,,,,No source value available for this period.,2026-05-28T23:59:30+00:00
published_governance_updates,month,2015-12-01,,,,,No source value available for this period.,2026-05-28T23:59:30+00:00
published_governance_updates,month,2016-01-01,,,,,No source value available for this period.,2026-05-28T23:59:30+00:00
published_governance_updates,month,2016-02-01,,,,,No source value available for this period.,2026-05-28T23:59:30+00:00
published_governance_updates,month,2016-03-01,,,,,No source value available for this period.,2026-05-28T23:59:30+00:00
published_governance_updates,month,2016-04-01,,,,,No source value available for this period.,2026-05-28T23:59:30+00:00
published_governance_updates,month,2016-05-01,,,,,No source value available for this period.,2026-05-28T23:59:30+00:00
published_governance_updates,month,2016-06-01,,,,,No source value available for this period.,2026-05-28T23:59:30+00:00
published_governance_updates,month,2016-07-01,,,,,No source value available for this period.,2026-05-28T23:59:30+00:00
published_governance_updates,month,2016-08-01,,,,,No source value available for this period.,2026-05-28T23:59:30+00:00
published_governance_updates,month,2016-09-01,,,,,No source value available for this period.,2026-05-28T23:59:30+00:00
published_governance_updates,month,2016-10-01,,,,,No source value available for this period.,2026-05-28T23:59:30+00:00
published_governance_updates,month,2016-11-01,,,,,No source value available for this period.,2026-05-28T23:59:30+00:00
published_governance_updates,month,2016-12-01,,,,,No source value available for this period.,2026-05-28T23:59:30+00:00
published_governance_updates,month,2017-01-01,,,,,No source value available for this period.,2026-05-28T23:59:30+00:00
published_governance_updates,month,2017-02-01,,,,,No source value available for this period.,2026-05-28T23:59:30+00:00
published_governance_updates,month,2017-03-01,,,,,No source value available for this period.,2026-05-28T23:59:30+00:00
published_governance_updates,month,2017-04-01,,,,,No source value available for this period.,2026-05-28T23:59:30+00:00
published_governance_updates,month,2017-05-01,,,,,No source value available for this period.,2026-05-28T23:59:30+00:00
published_governance_updates,month,2017-06-01,,,,,No source value available for this period.,2026-05-28T23:59:30+00:00
published_governance_updates,month,2017-07-01,,,,,No source value available for this period.,2026-05-28T23:59:30+00:00
published_governance_updates,month,2017-08-01,,,,,No source value available for this period.,2026-05-28T23:59:30+00:00
published_governance_updates,month,2017-09-01,,,,,No source value available for this period.,2026-05-28T23:59:30+00:00
published_governance_updates,month,2017-10-01,,,,,No source value available for this period.,2026-05-28T23:59:30+00:00
published_governance_updates,month,2017-11-01,,,,,No source value available for this period.,2026-05-28T23:59:30+00:00
published_governance_updates,month,2017-12-01,,,,,No source value available for this period.,2026-05-28T23:59:30+00:00
published_governance_updates,month,2018-01-01,,,,,No source value available for this period.,2026-05-28T23:59:30+00:00
published_governance_updates,month,2018-02-01,,,,,No source value available for this period.,2026-05-28T23:59:30+00:00
published_governance_updates,month,2018-03-01,,,,,No source value available for this period.,2026-05-28T23:59:30+00:00
published_governance_updates,month,2018-04-01,,,,,No source value available for this period.,2026-05-28T23:59:30+00:00
published_governance_updates,month,2018-05-01,,,,,No source value available for this period.,2026-05-28T23:59:30+00:00
published_governance_updates,month,2018-06-01,,,,,No source value available for this period.,2026-05-28T23:59:30+00:00
published_governance_updates,month,2018-07-01,,,,,No source value available for this period.,2026-05-28T23:59:30+00:00
published_governance_updates,month,2018-08-01,,,,,No source value available for this period.,2026-05-28T23:59:30+00:00
published_governance_updates,month,2018-09-01,,,,,No source value available for this period.,2026-05-28T23:59:30+00:00
published_governance_updates,month,2018-10-01,,,,,No source value available for this period.,2026-05-28T23:59:30+00:00
published_governance_updates,month,2018-11-01,,,,,No source value available for this period.,2026-05-28T23:59:30+00:00
published_governance_updates,month,2018-12-01,,,,,No source value available for this period.,2026-05-28T23:59:30+00:00
published_governance_updates,month,2019-01-01,,,,,No source value available for this period.,2026-05-28T23:59:30+00:00
published_governance_updates,month,2019-02-01,,,,,No source value available for this period.,2026-05-28T23:59:30+00:00
published_governance_updates,month,2019-03-01,,,,,No source value available for this period.,2026-05-28T23:59:30+00:00
published_governance_updates,month,2019-04-01,,,,,No source value available for this period.,2026-05-28T23:59:30+00:00
published_governance_updates,month,2019-05-01,,,,,No source value available for this period.,2026-05-28T23:59:30+00:00
published_governance_updates,month,2019-06-01,,,,,No source value available for this period.,2026-05-28T23:59:30+00:00
published_governance_updates,month,2019-07-01,,,,,No source value available for this period.,2026-05-28T23:59:30+00:00
published_governance_updates,month,2019-08-01,,,,,No source value available for this period.,2026-05-28T23:59:30+00:00
published_governance_updates,month,2019-09-01,,,,,No source value available for this period.,2026-05-28T23:59:30+00:00
published_governance_updates,month,2019-10-01,,,,,No source value available for this period.,2026-05-28T23:59:30+00:00
published_governance_updates,month,2019-11-01,,,,,No source value available for this period.,2026-05-28T23:59:30+00:00
published_governance_updates,month,2019-12-01,,,,,No source value available for this period.,2026-05-28T23:59:30+00:00
published_governance_updates,month,2020-01-01,,,,,No source value available for this period.,2026-05-28T23:59:30+00:00
published_governance_updates,month,2020-02-01,,,,,No source value available for this period.,2026-05-28T23:59:30+00:00
published_governance_updates,month,2020-03-01,,,,,No source value available for this period.,2026-05-28T23:59:30+00:00
published_governance_updates,month,2020-04-01,,,,,No source value available for this period.,2026-05-28T23:59:30+00:00
published_governance_updates,month,2020-05-01,,,,,No source value available for this period.,2026-05-28T23:59:30+00:00
published_governance_updates,month,2020-06-01,,,,,No source value available for this period.,2026-05-28T23:59:30+00:00
published_governance_updates,month,2020-07-01,,,,,No source value available for this period.,2026-05-28T23:59:30+00:00
published_governance_updates,month,2020-08-01,,,,,No source value available for this period.,2026-05-28T23:59:30+00:00
published_governance_updates,month,2020-09-01,,,,,No source value available for this period.,2026-05-28T23:59:30+00:00
published_governance_updates,month,2020-10-01,,,,,No source value available for this period.,2026-05-28T23:59:30+00:00
published_governance_updates,month,2020-11-01,,,,,No source value available for this period.,2026-05-28T23:59:30+00:00
published_governance_updates,month,2020-12-01,,,,,No source value available for this period.,2026-05-28T23:59:30+00:00
published_governance_updates,month,2021-01-01,,,,,No source value available for this period.,2026-05-28T23:59:30+00:00
published_governance_updates,month,2021-02-01,,,,,No source value available for this period.,2026-05-28T23:59:30+00:00
published_governance_updates,month,2021-03-01,,,,,No source value available for this period.,2026-05-28T23:59:30+00:00
published_governance_updates,month,2021-04-01,,,,,No source value available for this period.,2026-05-28T23:59:30+00:00
published_governance_updates,month,2021-05-01,,,,,No source value available for this period.,2026-05-28T23:59:30+00:00
published_governance_updates,month,2021-06-01,,,,,No source value available for this period.,2026-05-28T23:59:30+00:00
published_governance_updates,month,2021-07-01,,,,,No source value available for this period.,2026-05-28T23:59:30+00:00
published_governance_updates,month,2021-08-01,,,,,No source value available for this period.,2026-05-28T23:59:30+00:00
published_governance_updates,month,2021-09-01,,,,,No source value available for this period.,2026-05-28T23:59:30+00:00
published_governance_updates,month,2021-10-01,,,,,No source value available for this period.,2026-05-28T23:59:30+00:00
published_governance_updates,month,2021-11-01,,,,,No source value available for this period.,2026-05-28T23:59:30+00:00
published_governance_updates,month,2021-12-01,,,,,No source value available for this period.,2026-05-28T23:59:30+00:00
published_governance_updates,month,2022-01-01,,,,,No source value available for this period.,2026-05-28T23:59:30+00:00
published_governance_updates,month,2022-02-01,,,,,No source value available for this period.,2026-05-28T23:59:30+00:00
published_governance_updates,month,2022-03-01,,,,,No source value available for this period.,2026-05-28T23:59:30+00:00
published_governance_updates,month,2022-04-01,,,,,No source value available for this period.,2026-05-28T23:59:30+00:00
published_governance_updates,month,2022-05-01,,,,,No source value available for this period.,2026-05-28T23:59:30+00:00
published_governance_updates,month,2022-06-01,,,,,No source value available for this period.,2026-05-28T23:59:30+00:00
published_governance_updates,month,2022-07-01,,,,,No source value available for this period.,2026-05-28T23:59:30+00:00
published_governance_updates,month,2022-08-01,,,,,No source value available for this period.,2026-05-28T23:59:30+00:00
published_governance_updates,month,2022-09-01,,,,,No source value available for this period.,2026-05-28T23:59:30+00:00
published_governance_updates,month,2022-10-01,,,,,No source value available for this period.,2026-05-28T23:59:30+00:00
published_governance_updates,month,2022-11-01,,,,,No source value available for this period.,2026-05-28T23:59:30+00:00
published_governance_updates,month,2022-12-01,,,,,No source value available for this period.,2026-05-28T23:59:30+00:00
published_governance_updates,month,2023-01-01,,,,,No source value available for this period.,2026-05-28T23:59:30+00:00
published_governance_updates,month,2023-02-01,,,,,No source value available for this period.,2026-05-28T23:59:30+00:00
published_governance_updates,month,2023-03-01,,,,,No source value available for this period.,2026-05-28T23:59:30+00:00
published_governance_updates,month,2023-04-01,,,,,No source value available for this period.,2026-05-28T23:59:30+00:00
published_governance_updates,month,2023-05-01,,,,,No source value available for this period.,2026-05-28T23:59:30+00:00
published_governance_updates,month,2023-06-01,,,,,No source value available for this period.,2026-05-28T23:59:30+00:00
published_governance_updates,month,2023-07-01,,,,,No source value available for this period.,2026-05-28T23:59:30+00:00
published_governance_updates,month,2023-08-01,,,,,No source value available for this period.,2026-05-28T23:59:30+00:00
published_governance_updates,month,2023-09-01,,,,,No source value available for this period.,2026-05-28T23:59:30+00:00
published_governance_updates,month,2023-10-01,,,,,No source value available for this period.,2026-05-28T23:59:30+00:00
published_governance_updates,month,2023-11-01,,,,,No source value available for this period.,2026-05-28T23:59:30+00:00
published_governance_updates,month,2023-12-01,,,,,No source value available for this period.,2026-05-28T23:59:30+00:00
published_governance_updates,month,2024-01-01,,,,,No source value available for this period.,2026-05-28T23:59:30+00:00
published_governance_updates,month,2024-02-01,,,,,No source value available for this period.,2026-05-28T23:59:30+00:00
published_governance_updates,month,2024-03-01,,,,,No source value available for this period.,2026-05-28T23:59:30+00:00
published_governance_updates,month,2024-04-01,,,,,No source value available for this period.,2026-05-28T23:59:30+00:00
published_governance_updates,month,2024-05-01,,,,,No source value available for this period.,2026-05-28T23:59:30+00:00
published_governance_updates,month,2024-06-01,,,,,No source value available for this period.,2026-05-28T23:59:30+00:00
published_governance_updates,month,2024-07-01,,,,,No source value available for this period.,2026-05-28T23:59:30+00:00
published_governance_updates,month,2024-08-01,,,,,No source value available for this period.,2026-05-28T23:59:30+00:00
published_governance_updates,month,2024-09-01,,,,,No source value available for this period.,2026-05-28T23:59:30+00:00
published_governance_updates,month,2024-10-01,,,,,No source value available for this period.,2026-05-28T23:59:30+00:00
published_governance_updates,month,2024-11-01,,,,,No source value available for this period.,2026-05-28T23:59:30+00:00
published_governance_updates,month,2024-12-01,,,,,No source value available for this period.,2026-05-28T23:59:30+00:00
published_governance_updates,month,2025-01-01,,,,,No source value available for this period.,2026-05-28T23:59:30+00:00
published_governance_updates,month,2025-02-01,,,,,No source value available for this period.,2026-05-28T23:59:30+00:00
published_governance_updates,month,2025-03-01,,,,,No source value available for this period.,2026-05-28T23:59:30+00:00
published_governance_updates,month,2025-04-01,,,,,No source value available for this period.,2026-05-28T23:59:30+00:00
published_governance_updates,month,2025-05-01,,,,,No source value available for this period.,2026-05-28T23:59:30+00:00
published_governance_updates,month,2025-06-01,,,,,No source value available for this period.,2026-05-28T23:59:30+00:00
published_governance_updates,month,2025-07-01,,,,,No source value available for this period.,2026-05-28T23:59:30+00:00
published_governance_updates,month,2025-08-01,,,,,No source value available for this period.,2026-05-28T23:59:30+00:00
published_governance_updates,month,2025-09-01,,,,,No source value available for this period.,2026-05-28T23:59:30+00:00
published_governance_updates,month,2025-10-01,,,,,No source value available for this period.,2026-05-28T23:59:30+00:00
published_governance_updates,month,2025-11-01,,,,,No source value available for this period.,2026-05-28T23:59:30+00:00
published_governance_updates,month,2025-12-01,,,,,No source value available for this period.,2026-05-28T23:59:30+00:00
published_governance_updates,month,2026-01-01,,,,,No source value available for this period.,2026-05-28T23:59:30+00:00
published_governance_updates,month,2026-02-01,,,,,No source value available for this period.,2026-05-28T23:59:30+00:00
published_governance_updates,month,2026-03-01,,,,,No source value available for this period.,2026-05-28T23:59:30+00:00
published_governance_updates,month,2026-04-01,,,,,No source value available for this period.,2026-05-28T23:59:30+00:00
published_governance_updates,month,2026-05-01,,,,,No source value available for this period.,2026-05-28T23:59:30+00:00
referrer_visits,month,2013-11-01,,,,,,2026-05-28T23:59:30+00:00
referrer_visits,month,2013-12-01,,,,,,2026-05-28T23:59:30+00:00
referrer_visits,month,2014-01-01,,,,,,2026-05-28T23:59:30+00:00
referrer_visits,month,2014-02-01,,,,,,2026-05-28T23:59:30+00:00
referrer_visits,month,2014-03-01,,,,,,2026-05-28T23:59:30+00:00
referrer_visits,month,2014-04-01,,,,,,2026-05-28T23:59:30+00:00
referrer_visits,month,2014-05-01,,,,,,2026-05-28T23:59:30+00:00
referrer_visits,month,2014-06-01,,,,,,2026-05-28T23:59:30+00:00
referrer_visits,month,2014-07-01,,,,,,2026-05-28T23:59:30+00:00
referrer_visits,month,2014-08-01,,,,,,2026-05-28T23:59:30+00:00
referrer_visits,month,2014-09-01,,,,,,2026-05-28T23:59:30+00:00
referrer_visits,month,2014-10-01,,,,,,2026-05-28T23:59:30+00:00
referrer_visits,month,2014-11-01,,,,,,2026-05-28T23:59:30+00:00
referrer_visits,month,2014-12-01,,,,,,2026-05-28T23:59:30+00:00
referrer_visits,month,2015-01-01,,,,,,2026-05-28T23:59:30+00:00
referrer_visits,month,2015-02-01,,,,,,2026-05-28T23:59:30+00:00
referrer_visits,month,2015-03-01,,,,,,2026-05-28T23:59:30+00:00
referrer_visits,month,2015-04-01,,,,,,2026-05-28T23:59:30+00:00
referrer_visits,month,2015-05-01,,,,,,2026-05-28T23:59:30+00:00
referrer_visits,month,2015-06-01,,,,,,2026-05-28T23:59:30+00:00
referrer_visits,month,2015-07-01,,,,,,2026-05-28T23:59:30+00:00
referrer_visits,month,2015-08-01,,,,,,2026-05-28T23:59:30+00:00
referrer_visits,month,2015-09-01,,,,,,2026-05-28T23:59:30+00:00
referrer_visits,month,2015-10-01,,,,,,2026-05-28T23:59:30+00:00
referrer_visits,month,2015-11-01,,,,,,2026-05-28T23:59:30+00:00
referrer_visits,month,2015-12-01,,,,,,2026-05-28T23:59:30+00:00
referrer_visits,month,2016-01-01,,,,,,2026-05-28T23:59:30+00:00
referrer_visits,month,2016-02-01,,,,,,2026-05-28T23:59:30+00:00
referrer_visits,month,2016-03-01,,,,,,2026-05-28T23:59:30+00:00
referrer_visits,month,2016-04-01,,,,,,2026-05-28T23:59:30+00:00
referrer_visits,month,2016-05-01,,,,,,2026-05-28T23:59:30+00:00
referrer_visits,month,2016-06-01,,,,,,2026-05-28T23:59:30+00:00
referrer_visits,month,2016-07-01,,,,,,2026-05-28T23:59:30+00:00
referrer_visits,month,2016-08-01,,,,,,2026-05-28T23:59:30+00:00
referrer_visits,month,2016-09-01,,,,,,2026-05-28T23:59:30+00:00
referrer_visits,month,2016-10-01,,,,,,2026-05-28T23:59:30+00:00
referrer_visits,month,2016-11-01,,,,,,2026-05-28T23:59:30+00:00
referrer_visits,month,2016-12-01,,,,,,2026-05-28T23:59:30+00:00
referrer_visits,month,2017-01-01,,,,,,2026-05-28T23:59:30+00:00
referrer_visits,month,2017-02-01,,,,,,2026-05-28T23:59:30+00:00
referrer_visits,month,2017-03-01,,,,,,2026-05-28T23:59:30+00:00
referrer_visits,month,2017-04-01,,,,,,2026-05-28T23:59:30+00:00
referrer_visits,month,2017-05-01,,,,,,2026-05-28T23:59:30+00:00
referrer_visits,month,2017-06-01,,,,,,2026-05-28T23:59:30+00:00
referrer_visits,month,2017-07-01,,,,,,2026-05-28T23:59:30+00:00
referrer_visits,month,2017-08-01,,,,,,2026-05-28T23:59:30+00:00
referrer_visits,month,2017-09-01,,,,,,2026-05-28T23:59:30+00:00
referrer_visits,month,2017-10-01,,,,,,2026-05-28T23:59:30+00:00
referrer_visits,month,2017-11-01,,,,,,2026-05-28T23:59:30+00:00
referrer_visits,month,2017-12-01,,,,,,2026-05-28T23:59:30+00:00
referrer_visits,month,2018-01-01,,,,,,2026-05-28T23:59:30+00:00
referrer_visits,month,2018-02-01,,,,,,2026-05-28T23:59:30+00:00
referrer_visits,month,2018-03-01,,,,,,2026-05-28T23:59:30+00:00
referrer_visits,month,2018-04-01,,,,,,2026-05-28T23:59:30+00:00
referrer_visits,month,2018-05-01,,,,,,2026-05-28T23:59:30+00:00
referrer_visits,month,2018-06-01,,,,,,2026-05-28T23:59:30+00:00
referrer_visits,month,2018-07-01,,,,,,2026-05-28T23:59:30+00:00
referrer_visits,month,2018-08-01,,,,,,2026-05-28T23:59:30+00:00
referrer_visits,month,2018-09-01,,,,,,2026-05-28T23:59:30+00:00
referrer_visits,month,2018-10-01,,,,,,2026-05-28T23:59:30+00:00
referrer_visits,month,2018-11-01,,,,,,2026-05-28T23:59:30+00:00
referrer_visits,month,2018-12-01,,,,,,2026-05-28T23:59:30+00:00
referrer_visits,month,2019-01-01,,,,,,2026-05-28T23:59:30+00:00
referrer_visits,month,2019-02-01,,,,,,2026-05-28T23:59:30+00:00
referrer_visits,month,2019-03-01,,,,,,2026-05-28T23:59:30+00:00
referrer_visits,month,2019-04-01,,,,,,2026-05-28T23:59:30+00:00
referrer_visits,month,2019-05-01,,,,,,2026-05-28T23:59:30+00:00
referrer_visits,month,2019-06-01,,,,,,2026-05-28T23:59:30+00:00
referrer_visits,month,2019-07-01,,,,,,2026-05-28T23:59:30+00:00
referrer_visits,month,2019-08-01,,,,,,2026-05-28T23:59:30+00:00
referrer_visits,month,2019-09-01,,,,,,2026-05-28T23:59:30+00:00
referrer_visits,month,2019-10-01,,,,,,2026-05-28T23:59:30+00:00
referrer_visits,month,2019-11-01,,,,,,2026-05-28T23:59:30+00:00
referrer_visits,month,2019-12-01,,,,,,2026-05-28T23:59:30+00:00
referrer_visits,month,2020-01-01,,,,,,2026-05-28T23:59:30+00:00
referrer_visits,month,2020-02-01,,,,,,2026-05-28T23:59:30+00:00
referrer_visits,month,2020-03-01,,,,,,2026-05-28T23:59:30+00:00
referrer_visits,month,2020-04-01,,,,,,2026-05-28T23:59:30+00:00
referrer_visits,month,2020-05-01,,,,,,2026-05-28T23:59:30+00:00
referrer_visits,month,2020-06-01,,,,,,2026-05-28T23:59:30+00:00
referrer_visits,month,2020-07-01,,,,,,2026-05-28T23:59:30+00:00
referrer_visits,month,2020-08-01,,,,,,2026-05-28T23:59:30+00:00
referrer_visits,month,2020-09-01,,,,,,2026-05-28T23:59:30+00:00
referrer_visits,month,2020-10-01,,,,,,2026-05-28T23:59:30+00:00
referrer_visits,month,2020-11-01,,,,,,2026-05-28T23:59:30+00:00
referrer_visits,month,2020-12-01,,,,,,2026-05-28T23:59:30+00:00
referrer_visits,month,2021-01-01,,,,,,2026-05-28T23:59:30+00:00
referrer_visits,month,2021-02-01,,,,,,2026-05-28T23:59:30+00:00
referrer_visits,month,2021-03-01,,,,,,2026-05-28T23:59:30+00:00
referrer_visits,month,2021-04-01,,,,,,2026-05-28T23:59:30+00:00
referrer_visits,month,2021-05-01,223,,,yu3j-w3ic,,2026-05-28T23:59:30+00:00
referrer_visits,month,2021-06-01,1013,,,yu3j-w3ic,,2026-05-28T23:59:30+00:00
referrer_visits,month,2021-07-01,1757,,,yu3j-w3ic,,2026-05-28T23:59:30+00:00
referrer_visits,month,2021-08-01,1226,,,yu3j-w3ic,,2026-05-28T23:59:30+00:00
referrer_visits,month,2021-09-01,1400,,,yu3j-w3ic,,2026-05-28T23:59:30+00:00
referrer_visits,month,2021-10-01,1377,,,yu3j-w3ic,,2026-05-28T23:59:30+00:00
referrer_visits,month,2021-11-01,1249,,,yu3j-w3ic,,2026-05-28T23:59:30+00:00
referrer_visits,month,2021-12-01,1169,,,yu3j-w3ic,,2026-05-28T23:59:30+00:00
referrer_visits,month,2022-01-01,1167,,,yu3j-w3ic,,2026-05-28T23:59:30+00:00
referrer_visits,month,2022-02-01,1195,,,yu3j-w3ic,,2026-05-28T23:59:30+00:00
referrer_visits,month,2022-03-01,1568,,,yu3j-w3ic,,2026-05-28T23:59:30+00:00
referrer_visits,month,2022-04-01,1574,,,yu3j-w3ic,,2026-05-28T23:59:30+00:00
referrer_visits,month,2022-05-01,1697,,,yu3j-w3ic,,2026-05-28T23:59:30+00:00
referrer_visits,month,2022-06-01,1581,,,yu3j-w3ic,,2026-05-28T23:59:30+00:00
referrer_visits,month,2022-07-01,1850,,,yu3j-w3ic,,2026-05-28T23:59:30+00:00
referrer_visits,month,2022-08-01,2077,,,yu3j-w3ic,,2026-05-28T23:59:30+00:00
referrer_visits,month,2022-09-01,1918,,,yu3j-w3ic,,2026-05-28T23:59:30+00:00
referrer_visits,month,2022-10-01,2010,,,yu3j-w3ic,,2026-05-28T23:59:30+00:00
referrer_visits,month,2022-11-01,1556,,,yu3j-w3ic,,2026-05-28T23:59:30+00:00
referrer_visits,month,2022-12-01,1716,,,yu3j-w3ic,,2026-05-28T23:59:30+00:00
referrer_visits,month,2023-01-01,1569,,,yu3j-w3ic,,2026-05-28T23:59:30+00:00
referrer_visits,month,2023-02-01,1520,,,yu3j-w3ic,,2026-05-28T23:59:30+00:00
referrer_visits,month,2023-03-01,1592,,,yu3j-w3ic,,2026-05-28T23:59:30+00:00
referrer_visits,month,2023-04-01,1435,,,yu3j-w3ic,,2026-05-28T23:59:30+00:00
referrer_visits,month,2023-05-01,1949,,,yu3j-w3ic,,2026-05-28T23:59:30+00:00
referrer_visits,month,2023-06-01,1403,,,yu3j-w3ic,,2026-05-28T23:59:30+00:00
referrer_visits,month,2023-07-01,1388,,,yu3j-w3ic,,2026-05-28T23:59:30+00:00
referrer_visits,month,2023-08-01,1748,,,yu3j-w3ic,,2026-05-28T23:59:30+00:00
referrer_visits,month,2023-09-01,1782,,,yu3j-w3ic,,2026-05-28T23:59:30+00:00
referrer_visits,month,2023-10-01,2234,,,yu3j-w3ic,,2026-05-28T23:59:30+00:00
referrer_visits,month,2023-11-01,2268,,,yu3j-w3ic,,2026-05-28T23:59:30+00:00
referrer_visits,month,2023-12-01,1840,,,yu3j-w3ic,,2026-05-28T23:59:30+00:00
referrer_visits,month,2024-01-01,2673,,,yu3j-w3ic,,2026-05-28T23:59:30+00:00
referrer_visits,month,2024-02-01,2910,,,yu3j-w3ic,,2026-05-28T23:59:30+00:00
referrer_visits,month,2024-03-01,2811,,,yu3j-w3ic,,2026-05-28T23:59:30+00:00
referrer_visits,month,2024-04-01,3698,,,yu3j-w3ic,,2026-05-28T23:59:30+00:00
referrer_visits,month,2024-05-01,4122,,,yu3j-w3ic,,2026-05-28T23:59:30+00:00
referrer_visits,month,2024-06-01,3174,,,yu3j-w3ic,,2026-05-28T23:59:30+00:00
referrer_visits,month,2024-07-01,3243,,,yu3j-w3ic,,2026-05-28T23:59:30+00:00
referrer_visits,month,2024-08-01,2836,,,yu3j-w3ic,,2026-05-28T23:59:30+00:00
referrer_visits,month,2024-09-01,3120,,,yu3j-w3ic,,2026-05-28T23:59:30+00:00
referrer_visits,month,2024-10-01,3617,,,yu3j-w3ic,,2026-05-28T23:59:30+00:00
referrer_visits,month,2024-11-01,3306,,,yu3j-w3ic,,2026-05-28T23:59:30+00:00
referrer_visits,month,2024-12-01,3230,,,yu3j-w3ic,,2026-05-28T23:59:30+00:00
referrer_visits,month,2025-01-01,3658,,,yu3j-w3ic,,2026-05-28T23:59:30+00:00
referrer_visits,month,2025-02-01,4052,,,yu3j-w3ic,,2026-05-28T23:59:30+00:00
referrer_visits,month,2025-03-01,5393,,,yu3j-w3ic,,2026-05-28T23:59:30+00:00
referrer_visits,month,2025-04-01,3708,,,yu3j-w3ic,,2026-05-28T23:59:30+00:00
referrer_visits,month,2025-05-01,3928,,,yu3j-w3ic,,2026-05-28T23:59:30+00:00
referrer_visits,month,2025-06-01,3415,,,yu3j-w3ic,,2026-05-28T23:59:30+00:00
referrer_visits,month,2025-07-01,4574,,,yu3j-w3ic,,2026-05-28T23:59:30+00:00
referrer_visits,month,2025-08-01,4528,,,yu3j-w3ic,,2026-05-28T23:59:30+00:00
referrer_visits,month,2025-09-01,7035,,,yu3j-w3ic,,2026-05-28T23:59:30+00:00
referrer_visits,month,2025-10-01,3869,,,yu3j-w3ic,,2026-05-28T23:59:30+00:00
referrer_visits,month,2025-11-01,3522,,,yu3j-w3ic,,2026-05-28T23:59:30+00:00
referrer_visits,month,2025-12-01,3336,,,yu3j-w3ic,,2026-05-28T23:59:30+00:00
referrer_visits,month,2026-01-01,3745,,,yu3j-w3ic,,2026-05-28T23:59:30+00:00
referrer_visits,month,2026-02-01,4912,,,yu3j-w3ic,,2026-05-28T23:59:30+00:00
referrer_visits,month,2026-03-01,5757,,,yu3j-w3ic,,2026-05-28T23:59:30+00:00
referrer_visits,month,2026-04-01,14319,,,yu3j-w3ic,,2026-05-28T23:59:30+00:00
referrer_visits,month,2026-05-01,6601,,,yu3j-w3ic,,2026-05-28T23:59:30+00:00
referrer_visits,year,2021-01-01,9414,,,,Aggregated from monthly values using sum.,2026-05-28T23:59:30+00:00
referrer_visits,year,2022-01-01,19909,,,,Aggregated from monthly values using sum.,2026-05-28T23:59:30+00:00
referrer_visits,year,2023-01-01,20728,,,,Aggregated from monthly values using sum.,2026-05-28T23:59:30+00:00
referrer_visits,year,2024-01-01,38740,,,,Aggregated from monthly values using sum.,2026-05-28T23:59:30+00:00
referrer_visits,year,2025-01-01,51018,,,,Aggregated from monthly values using sum.,2026-05-28T23:59:30+00:00
referrer_visits,year,2026-01-01,35334,,,,Aggregated from monthly values using sum.,2026-05-28T23:59:30+00:00
regional_national_convenings,year,2013-01-01,,,,,Manual metric not yet captured.,2026-05-28T23:59:30+00:00
regional_national_convenings,year,2014-01-01,,,,,Manual metric not yet captured.,2026-05-28T23:59:30+00:00
regional_national_convenings,year,2015-01-01,,,,,Manual metric not yet captured.,2026-05-28T23:59:30+00:00
regional_national_convenings,year,2016-01-01,,,,,Manual metric not yet captured.,2026-05-28T23:59:30+00:00
regional_national_convenings,year,2017-01-01,,,,,Manual metric not yet captured.,2026-05-28T23:59:30+00:00
regional_national_convenings,year,2018-01-01,,,,,Manual metric not yet captured.,2026-05-28T23:59:30+00:00
regional_national_convenings,year,2019-01-01,,,,,Manual metric not yet captured.,2026-05-28T23:59:30+00:00
regional_national_convenings,year,2020-01-01,,,,,Manual metric not yet captured.,2026-05-28T23:59:30+00:00
regional_national_convenings,year,2021-01-01,,,,,Manual metric not yet captured.,2026-05-28T23:59:30+00:00
regional_national_convenings,year,2022-01-01,,,,,Manual metric not yet captured.,2026-05-28T23:59:30+00:00
regional_national_convenings,year,2023-01-01,,,,,Manual metric not yet captured.,2026-05-28T23:59:30+00:00
regional_national_convenings,year,2024-01-01,,,,,Manual metric not yet captured.,2026-05-28T23:59:30+00:00
regional_national_convenings,year,2025-01-01,,,,,Manual metric not yet captured.,2026-05-28T23:59:30+00:00
regional_national_convenings,year,2026-01-01,,,,,Manual metric not yet captured.,2026-05-28T23:59:30+00:00
shared_outputs_with_partners,year,2013-01-01,,,,,Manual metric not yet captured.,2026-05-28T23:59:30+00:00
shared_outputs_with_partners,year,2014-01-01,,,,,Manual metric not yet captured.,2026-05-28T23:59:30+00:00
shared_outputs_with_partners,year,2015-01-01,,,,,Manual metric not yet captured.,2026-05-28T23:59:30+00:00
shared_outputs_with_partners,year,2016-01-01,,,,,Manual metric not yet captured.,2026-05-28T23:59:30+00:00
shared_outputs_with_partners,year,2017-01-01,,,,,Manual metric not yet captured.,2026-05-28T23:59:30+00:00
shared_outputs_with_partners,year,2018-01-01,,,,,Manual metric not yet captured.,2026-05-28T23:59:30+00:00
shared_outputs_with_partners,year,2019-01-01,,,,,Manual metric not yet captured.,2026-05-28T23:59:30+00:00
shared_outputs_with_partners,year,2020-01-01,,,,,Manual metric not yet captured.,2026-05-28T23:59:30+00:00
shared_outputs_with_partners,year,2021-01-01,,,,,Manual metric not yet captured.,2026-05-28T23:59:30+00:00
shared_outputs_with_partners,year,2022-01-01,,,,,Manual metric not yet captured.,2026-05-28T23:59:30+00:00
shared_outputs_with_partners,year,2023-01-01,,,,,Manual metric not yet captured.,2026-05-28T23:59:30+00:00
shared_outputs_with_partners,year,2024-01-01,,,,,Manual metric not yet captured.,2026-05-28T23:59:30+00:00
shared_outputs_with_partners,year,2025-01-01,,,,,Manual metric not yet captured.,2026-05-28T23:59:30+00:00
shared_outputs_with_partners,year,2026-01-01,,,,,Manual metric not yet captured.,2026-05-28T23:59:30+00:00
staff_training_attendance,month,2013-11-01,,,,,No source value available for this period.,2026-05-28T23:59:30+00:00
staff_training_attendance,month,2013-12-01,,,,,No source value available for this period.,2026-05-28T23:59:30+00:00
staff_training_attendance,month,2014-01-01,,,,,No source value available for this period.,2026-05-28T23:59:30+00:00
staff_training_attendance,month,2014-02-01,,,,,No source value available for this period.,2026-05-28T23:59:30+00:00
staff_training_attendance,month,2014-03-01,,,,,No source value available for this period.,2026-05-28T23:59:30+00:00
staff_training_attendance,month,2014-04-01,,,,,No source value available for this period.,2026-05-28T23:59:30+00:00
staff_training_attendance,month,2014-05-01,,,,,No source value available for this period.,2026-05-28T23:59:30+00:00
staff_training_attendance,month,2014-06-01,,,,,No source value available for this period.,2026-05-28T23:59:30+00:00
staff_training_attendance,month,2014-07-01,,,,,No source value available for this period.,2026-05-28T23:59:30+00:00
staff_training_attendance,month,2014-08-01,,,,,No source value available for this period.,2026-05-28T23:59:30+00:00
staff_training_attendance,month,2014-09-01,,,,,No source value available for this period.,2026-05-28T23:59:30+00:00
staff_training_attendance,month,2014-10-01,,,,,No source value available for this period.,2026-05-28T23:59:30+00:00
staff_training_attendance,month,2014-11-01,,,,,No source value available for this period.,2026-05-28T23:59:30+00:00
staff_training_attendance,month,2014-12-01,,,,,No source value available for this period.,2026-05-28T23:59:30+00:00
staff_training_attendance,month,2015-01-01,,,,,No source value available for this period.,2026-05-28T23:59:30+00:00
staff_training_attendance,month,2015-02-01,,,,,No source value available for this period.,2026-05-28T23:59:30+00:00
staff_training_attendance,month,2015-03-01,,,,,No source value available for this period.,2026-05-28T23:59:30+00:00
staff_training_attendance,month,2015-04-01,,,,,No source value available for this period.,2026-05-28T23:59:30+00:00
staff_training_attendance,month,2015-05-01,,,,,No source value available for this period.,2026-05-28T23:59:30+00:00
staff_training_attendance,month,2015-06-01,,,,,No source value available for this period.,2026-05-28T23:59:30+00:00
staff_training_attendance,month,2015-07-01,,,,,No source value available for this period.,2026-05-28T23:59:30+00:00
staff_training_attendance,month,2015-08-01,,,,,No source value available for this period.,2026-05-28T23:59:30+00:00
staff_training_attendance,month,2015-09-01,,,,,No source value available for this period.,2026-05-28T23:59:30+00:00
staff_training_attendance,month,2015-10-01,,,,,No source value available for this period.,2026-05-28T23:59:30+00:00
staff_training_attendance,month,2015-11-01,,,,,No source value available for this period.,2026-05-28T23:59:30+00:00
staff_training_attendance,month,2015-12-01,,,,,No source value available for this period.,2026-05-28T23:59:30+00:00
staff_training_attendance,month,2016-01-01,,,,,No source value available for this period.,2026-05-28T23:59:30+00:00
staff_training_attendance,month,2016-02-01,,,,,No source value available for this period.,2026-05-28T23:59:30+00:00
staff_training_attendance,month,2016-03-01,,,,,No source value available for this period.,2026-05-28T23:59:30+00:00
staff_training_attendance,month,2016-04-01,,,,,No source value available for this period.,2026-05-28T23:59:30+00:00
staff_training_attendance,month,2016-05-01,,,,,No source value available for this period.,2026-05-28T23:59:30+00:00
staff_training_attendance,month,2016-06-01,,,,,No source value available for this period.,2026-05-28T23:59:30+00:00
staff_training_attendance,month,2016-07-01,,,,,No source value available for this period.,2026-05-28T23:59:30+00:00
staff_training_attendance,month,2016-08-01,,,,,No source value available for this period.,2026-05-28T23:59:30+00:00
staff_training_attendance,month,2016-09-01,,,,,No source value available for this period.,2026-05-28T23:59:30+00:00
staff_training_attendance,month,2016-10-01,,,,,No source value available for this period.,2026-05-28T23:59:30+00:00
staff_training_attendance,month,2016-11-01,,,,,No source value available for this period.,2026-05-28T23:59:30+00:00
staff_training_attendance,month,2016-12-01,,,,,No source value available for this period.,2026-05-28T23:59:30+00:00
staff_training_attendance,month,2017-01-01,,,,,No source value available for this period.,2026-05-28T23:59:30+00:00
staff_training_attendance,month,2017-02-01,,,,,No source value available for this period.,2026-05-28T23:59:30+00:00
staff_training_attendance,month,2017-03-01,,,,,No source value available for this period.,2026-05-28T23:59:30+00:00
staff_training_attendance,month,2017-04-01,,,,,No source value available for this period.,2026-05-28T23:59:30+00:00
staff_training_attendance,month,2017-05-01,,,,,No source value available for this period.,2026-05-28T23:59:30+00:00
staff_training_attendance,month,2017-06-01,,,,,No source value available for this period.,2026-05-28T23:59:30+00:00
staff_training_attendance,month,2017-07-01,,,,,No source value available for this period.,2026-05-28T23:59:30+00:00
staff_training_attendance,month,2017-08-01,,,,,No source value available for this period.,2026-05-28T23:59:30+00:00
staff_training_attendance,month,2017-09-01,,,,,No source value available for this period.,2026-05-28T23:59:30+00:00
staff_training_attendance,month,2017-10-01,,,,,No source value available for this period.,2026-05-28T23:59:30+00:00
staff_training_attendance,month,2017-11-01,,,,,No source value available for this period.,2026-05-28T23:59:30+00:00
staff_training_attendance,month,2017-12-01,,,,,No source value available for this period.,2026-05-28T23:59:30+00:00
staff_training_attendance,month,2018-01-01,,,,,No source value available for this period.,2026-05-28T23:59:30+00:00
staff_training_attendance,month,2018-02-01,,,,,No source value available for this period.,2026-05-28T23:59:30+00:00
staff_training_attendance,month,2018-03-01,,,,,No source value available for this period.,2026-05-28T23:59:30+00:00
staff_training_attendance,month,2018-04-01,,,,,No source value available for this period.,2026-05-28T23:59:30+00:00
staff_training_attendance,month,2018-05-01,,,,,No source value available for this period.,2026-05-28T23:59:30+00:00
staff_training_attendance,month,2018-06-01,,,,,No source value available for this period.,2026-05-28T23:59:30+00:00
staff_training_attendance,month,2018-07-01,,,,,No source value available for this period.,2026-05-28T23:59:30+00:00
staff_training_attendance,month,2018-08-01,,,,,No source value available for this period.,2026-05-28T23:59:30+00:00
staff_training_attendance,month,2018-09-01,,,,,No source value available for this period.,2026-05-28T23:59:30+00:00
staff_training_attendance,month,2018-10-01,,,,,No source value available for this period.,2026-05-28T23:59:30+00:00
staff_training_attendance,month,2018-11-01,,,,,No source value available for this period.,2026-05-28T23:59:30+00:00
staff_training_attendance,month,2018-12-01,,,,,No source value available for this period.,2026-05-28T23:59:30+00:00
staff_training_attendance,month,2019-01-01,,,,,No source value available for this period.,2026-05-28T23:59:30+00:00
staff_training_attendance,month,2019-02-01,,,,,No source value available for this period.,2026-05-28T23:59:30+00:00
staff_training_attendance,month,2019-03-01,,,,,No source value available for this period.,2026-05-28T23:59:30+00:00
staff_training_attendance,month,2019-04-01,,,,,No source value available for this period.,2026-05-28T23:59:30+00:00
staff_training_attendance,month,2019-05-01,,,,,No source value available for this period.,2026-05-28T23:59:30+00:00
staff_training_attendance,month,2019-06-01,,,,,No source value available for this period.,2026-05-28T23:59:30+00:00
staff_training_attendance,month,2019-07-01,,,,,No source value available for this period.,2026-05-28T23:59:30+00:00
staff_training_attendance,month,2019-08-01,,,,,No source value available for this period.,2026-05-28T23:59:30+00:00
staff_training_attendance,month,2019-09-01,,,,,No source value available for this period.,2026-05-28T23:59:30+00:00
staff_training_attendance,month,2019-10-01,,,,,No source value available for this period.,2026-05-28T23:59:30+00:00
staff_training_attendance,month,2019-11-01,,,,,No source value available for this period.,2026-05-28T23:59:30+00:00
staff_training_attendance,month,2019-12-01,,,,,No source value available for this period.,2026-05-28T23:59:30+00:00
staff_training_attendance,month,2020-01-01,,,,,No source value available for this period.,2026-05-28T23:59:30+00:00
staff_training_attendance,month,2020-02-01,,,,,No source value available for this period.,2026-05-28T23:59:30+00:00
staff_training_attendance,month,2020-03-01,,,,,No source value available for this period.,2026-05-28T23:59:30+00:00
staff_training_attendance,month,2020-04-01,,,,,No source value available for this period.,2026-05-28T23:59:30+00:00
staff_training_attendance,month,2020-05-01,,,,,No source value available for this period.,2026-05-28T23:59:30+00:00
staff_training_attendance,month,2020-06-01,,,,,No source value available for this period.,2026-05-28T23:59:30+00:00
staff_training_attendance,month,2020-07-01,,,,,No source value available for this period.,2026-05-28T23:59:30+00:00
staff_training_attendance,month,2020-08-01,,,,,No source value available for this period.,2026-05-28T23:59:30+00:00
staff_training_attendance,month,2020-09-01,,,,,No source value available for this period.,2026-05-28T23:59:30+00:00
staff_training_attendance,month,2020-10-01,,,,,No source value available for this period.,2026-05-28T23:59:30+00:00
staff_training_attendance,month,2020-11-01,,,,,No source value available for this period.,2026-05-28T23:59:30+00:00
staff_training_attendance,month,2020-12-01,,,,,No source value available for this period.,2026-05-28T23:59:30+00:00
staff_training_attendance,month,2021-01-01,,,,,No source value available for this period.,2026-05-28T23:59:30+00:00
staff_training_attendance,month,2021-02-01,,,,,No source value available for this period.,2026-05-28T23:59:30+00:00
staff_training_attendance,month,2021-03-01,,,,,No source value available for this period.,2026-05-28T23:59:30+00:00
staff_training_attendance,month,2021-04-01,,,,,No source value available for this period.,2026-05-28T23:59:30+00:00
staff_training_attendance,month,2021-05-01,,,,,No source value available for this period.,2026-05-28T23:59:30+00:00
staff_training_attendance,month,2021-06-01,,,,,No source value available for this period.,2026-05-28T23:59:30+00:00
staff_training_attendance,month,2021-07-01,,,,,No source value available for this period.,2026-05-28T23:59:30+00:00
staff_training_attendance,month,2021-08-01,,,,,No source value available for this period.,2026-05-28T23:59:30+00:00
staff_training_attendance,month,2021-09-01,,,,,No source value available for this period.,2026-05-28T23:59:30+00:00
staff_training_attendance,month,2021-10-01,,,,,No source value available for this period.,2026-05-28T23:59:30+00:00
staff_training_attendance,month,2021-11-01,,,,,No source value available for this period.,2026-05-28T23:59:30+00:00
staff_training_attendance,month,2021-12-01,,,,,No source value available for this period.,2026-05-28T23:59:30+00:00
staff_training_attendance,month,2022-01-01,,,,,No source value available for this period.,2026-05-28T23:59:30+00:00
staff_training_attendance,month,2022-02-01,,,,,No source value available for this period.,2026-05-28T23:59:30+00:00
staff_training_attendance,month,2022-03-01,,,,,No source value available for this period.,2026-05-28T23:59:30+00:00
staff_training_attendance,month,2022-04-01,,,,,No source value available for this period.,2026-05-28T23:59:30+00:00
staff_training_attendance,month,2022-05-01,,,,,No source value available for this period.,2026-05-28T23:59:30+00:00
staff_training_attendance,month,2022-06-01,,,,,No source value available for this period.,2026-05-28T23:59:30+00:00
staff_training_attendance,month,2022-07-01,,,,,No source value available for this period.,2026-05-28T23:59:30+00:00
staff_training_attendance,month,2022-08-01,,,,,No source value available for this period.,2026-05-28T23:59:30+00:00
staff_training_attendance,month,2022-09-01,,,,,No source value available for this period.,2026-05-28T23:59:30+00:00
staff_training_attendance,month,2022-10-01,,,,,No source value available for this period.,2026-05-28T23:59:30+00:00
staff_training_attendance,month,2022-11-01,,,,,No source value available for this period.,2026-05-28T23:59:30+00:00
staff_training_attendance,month,2022-12-01,,,,,No source value available for this period.,2026-05-28T23:59:30+00:00
staff_training_attendance,month,2023-01-01,,,,,No source value available for this period.,2026-05-28T23:59:30+00:00
staff_training_attendance,month,2023-02-01,,,,,No source value available for this period.,2026-05-28T23:59:30+00:00
staff_training_attendance,month,2023-03-01,,,,,No source value available for this period.,2026-05-28T23:59:30+00:00
staff_training_attendance,month,2023-04-01,,,,,No source value available for this period.,2026-05-28T23:59:30+00:00
staff_training_attendance,month,2023-05-01,,,,,No source value available for this period.,2026-05-28T23:59:30+00:00
staff_training_attendance,month,2023-06-01,,,,,No source value available for this period.,2026-05-28T23:59:30+00:00
staff_training_attendance,month,2023-07-01,,,,,No source value available for this period.,2026-05-28T23:59:30+00:00
staff_training_attendance,month,2023-08-01,,,,,No source value available for this period.,2026-05-28T23:59:30+00:00
staff_training_attendance,month,2023-09-01,,,,,No source value available for this period.,2026-05-28T23:59:30+00:00
staff_training_attendance,month,2023-10-01,,,,,No source value available for this period.,2026-05-28T23:59:30+00:00
staff_training_attendance,month,2023-11-01,,,,,No source value available for this period.,2026-05-28T23:59:30+00:00
staff_training_attendance,month,2023-12-01,,,,,No source value available for this period.,2026-05-28T23:59:30+00:00
staff_training_attendance,month,2024-01-01,,,,,No source value available for this period.,2026-05-28T23:59:30+00:00
staff_training_attendance,month,2024-02-01,,,,,No source value available for this period.,2026-05-28T23:59:30+00:00
staff_training_attendance,month,2024-03-01,,,,,No source value available for this period.,2026-05-28T23:59:30+00:00
staff_training_attendance,month,2024-04-01,,,,,No source value available for this period.,2026-05-28T23:59:30+00:00
staff_training_attendance,month,2024-05-01,,,,,No source value available for this period.,2026-05-28T23:59:30+00:00
staff_training_attendance,month,2024-06-01,,,,,No source value available for this period.,2026-05-28T23:59:30+00:00
staff_training_attendance,month,2024-07-01,,,,,No source value available for this period.,2026-05-28T23:59:30+00:00
staff_training_attendance,month,2024-08-01,,,,,No source value available for this period.,2026-05-28T23:59:30+00:00
staff_training_attendance,month,2024-09-01,,,,,No source value available for this period.,2026-05-28T23:59:30+00:00
staff_training_attendance,month,2024-10-01,,,,,No source value available for this period.,2026-05-28T23:59:30+00:00
staff_training_attendance,month,2024-11-01,,,,,No source value available for this period.,2026-05-28T23:59:30+00:00
staff_training_attendance,month,2024-12-01,,,,,No source value available for this period.,2026-05-28T23:59:30+00:00
staff_training_attendance,month,2025-01-01,,,,,No source value available for this period.,2026-05-28T23:59:30+00:00
staff_training_attendance,month,2025-02-01,,,,,No source value available for this period.,2026-05-28T23:59:30+00:00
staff_training_attendance,month,2025-03-01,,,,,No source value available for this period.,2026-05-28T23:59:30+00:00
staff_training_attendance,month,2025-04-01,,,,,No source value available for this period.,2026-05-28T23:59:30+00:00
staff_training_attendance,month,2025-05-01,,,,,No source value available for this period.,2026-05-28T23:59:30+00:00
staff_training_attendance,month,2025-06-01,,,,,No source value available for this period.,2026-05-28T23:59:30+00:00
staff_training_attendance,month,2025-07-01,,,,,No source value available for this period.,2026-05-28T23:59:30+00:00
staff_training_attendance,month,2025-08-01,,,,,No source value available for this period.,2026-05-28T23:59:30+00:00
staff_training_attendance,month,2025-09-01,,,,,No source value available for this period.,2026-05-28T23:59:30+00:00
staff_training_attendance,month,2025-10-01,,,,,No source value available for this period.,2026-05-28T23:59:30+00:00
staff_training_attendance,month,2025-11-01,,,,,No source value available for this period.,2026-05-28T23:59:30+00:00
staff_training_attendance,month,2025-12-01,,,,,No source value available for this period.,2026-05-28T23:59:30+00:00
staff_training_attendance,month,2026-01-01,,,,,No source value available for this period.,2026-05-28T23:59:30+00:00
staff_training_attendance,month,2026-02-01,,,,,No source value available for this period.,2026-05-28T23:59:30+00:00
staff_training_attendance,month,2026-03-01,,,,,No source value available for this period.,2026-05-28T23:59:30+00:00
staff_training_attendance,month,2026-04-01,,,,,No source value available for this period.,2026-05-28T23:59:30+00:00
staff_training_attendance,month,2026-05-01,,,,,No source value available for this period.,2026-05-28T23:59:30+00:00
staff_trainings,month,2013-11-01,,,,,No source value available for this period.,2026-05-28T23:59:30+00:00
staff_trainings,month,2013-12-01,,,,,No source value available for this period.,2026-05-28T23:59:30+00:00
staff_trainings,month,2014-01-01,,,,,No source value available for this period.,2026-05-28T23:59:30+00:00
staff_trainings,month,2014-02-01,,,,,No source value available for this period.,2026-05-28T23:59:30+00:00
staff_trainings,month,2014-03-01,,,,,No source value available for this period.,2026-05-28T23:59:30+00:00
staff_trainings,month,2014-04-01,,,,,No source value available for this period.,2026-05-28T23:59:30+00:00
staff_trainings,month,2014-05-01,,,,,No source value available for this period.,2026-05-28T23:59:30+00:00
staff_trainings,month,2014-06-01,,,,,No source value available for this period.,2026-05-28T23:59:30+00:00
staff_trainings,month,2014-07-01,,,,,No source value available for this period.,2026-05-28T23:59:30+00:00
staff_trainings,month,2014-08-01,,,,,No source value available for this period.,2026-05-28T23:59:30+00:00
staff_trainings,month,2014-09-01,,,,,No source value available for this period.,2026-05-28T23:59:30+00:00
staff_trainings,month,2014-10-01,,,,,No source value available for this period.,2026-05-28T23:59:30+00:00
staff_trainings,month,2014-11-01,,,,,No source value available for this period.,2026-05-28T23:59:30+00:00
staff_trainings,month,2014-12-01,,,,,No source value available for this period.,2026-05-28T23:59:30+00:00
staff_trainings,month,2015-01-01,,,,,No source value available for this period.,2026-05-28T23:59:30+00:00
staff_trainings,month,2015-02-01,,,,,No source value available for this period.,2026-05-28T23:59:30+00:00
staff_trainings,month,2015-03-01,,,,,No source value available for this period.,2026-05-28T23:59:30+00:00
staff_trainings,month,2015-04-01,,,,,No source value available for this period.,2026-05-28T23:59:30+00:00
staff_trainings,month,2015-05-01,,,,,No source value available for this period.,2026-05-28T23:59:30+00:00
staff_trainings,month,2015-06-01,,,,,No source value available for this period.,2026-05-28T23:59:30+00:00
staff_trainings,month,2015-07-01,,,,,No source value available for this period.,2026-05-28T23:59:30+00:00
staff_trainings,month,2015-08-01,,,,,No source value available for this period.,2026-05-28T23:59:30+00:00
staff_trainings,month,2015-09-01,,,,,No source value available for this period.,2026-05-28T23:59:30+00:00
staff_trainings,month,2015-10-01,,,,,No source value available for this period.,2026-05-28T23:59:30+00:00
staff_trainings,month,2015-11-01,,,,,No source value available for this period.,2026-05-28T23:59:30+00:00
staff_trainings,month,2015-12-01,,,,,No source value available for this period.,2026-05-28T23:59:30+00:00
staff_trainings,month,2016-01-01,,,,,No source value available for this period.,2026-05-28T23:59:30+00:00
staff_trainings,month,2016-02-01,,,,,No source value available for this period.,2026-05-28T23:59:30+00:00
staff_trainings,month,2016-03-01,,,,,No source value available for this period.,2026-05-28T23:59:30+00:00
staff_trainings,month,2016-04-01,,,,,No source value available for this period.,2026-05-28T23:59:30+00:00
staff_trainings,month,2016-05-01,,,,,No source value available for this period.,2026-05-28T23:59:30+00:00
staff_trainings,month,2016-06-01,,,,,No source value available for this period.,2026-05-28T23:59:30+00:00
staff_trainings,month,2016-07-01,,,,,No source value available for this period.,2026-05-28T23:59:30+00:00
staff_trainings,month,2016-08-01,,,,,No source value available for this period.,2026-05-28T23:59:30+00:00
staff_trainings,month,2016-09-01,,,,,No source value available for this period.,2026-05-28T23:59:30+00:00
staff_trainings,month,2016-10-01,,,,,No source value available for this period.,2026-05-28T23:59:30+00:00
staff_trainings,month,2016-11-01,,,,,No source value available for this period.,2026-05-28T23:59:30+00:00
staff_trainings,month,2016-12-01,,,,,No source value available for this period.,2026-05-28T23:59:30+00:00
staff_trainings,month,2017-01-01,,,,,No source value available for this period.,2026-05-28T23:59:30+00:00
staff_trainings,month,2017-02-01,,,,,No source value available for this period.,2026-05-28T23:59:30+00:00
staff_trainings,month,2017-03-01,,,,,No source value available for this period.,2026-05-28T23:59:30+00:00
staff_trainings,month,2017-04-01,,,,,No source value available for this period.,2026-05-28T23:59:30+00:00
staff_trainings,month,2017-05-01,,,,,No source value available for this period.,2026-05-28T23:59:30+00:00
staff_trainings,month,2017-06-01,,,,,No source value available for this period.,2026-05-28T23:59:30+00:00
staff_trainings,month,2017-07-01,,,,,No source value available for this period.,2026-05-28T23:59:30+00:00
staff_trainings,month,2017-08-01,,,,,No source value available for this period.,2026-05-28T23:59:30+00:00
staff_trainings,month,2017-09-01,,,,,No source value available for this period.,2026-05-28T23:59:30+00:00
staff_trainings,month,2017-10-01,,,,,No source value available for this period.,2026-05-28T23:59:30+00:00
staff_trainings,month,2017-11-01,,,,,No source value available for this period.,2026-05-28T23:59:30+00:00
staff_trainings,month,2017-12-01,,,,,No source value available for this period.,2026-05-28T23:59:30+00:00
staff_trainings,month,2018-01-01,,,,,No source value available for this period.,2026-05-28T23:59:30+00:00
staff_trainings,month,2018-02-01,,,,,No source value available for this period.,2026-05-28T23:59:30+00:00
staff_trainings,month,2018-03-01,,,,,No source value available for this period.,2026-05-28T23:59:30+00:00
staff_trainings,month,2018-04-01,,,,,No source value available for this period.,2026-05-28T23:59:30+00:00
staff_trainings,month,2018-05-01,,,,,No source value available for this period.,2026-05-28T23:59:30+00:00
staff_trainings,month,2018-06-01,,,,,No source value available for this period.,2026-05-28T23:59:30+00:00
staff_trainings,month,2018-07-01,,,,,No source value available for this period.,2026-05-28T23:59:30+00:00
staff_trainings,month,2018-08-01,,,,,No source value available for this period.,2026-05-28T23:59:30+00:00
staff_trainings,month,2018-09-01,,,,,No source value available for this period.,2026-05-28T23:59:30+00:00
staff_trainings,month,2018-10-01,,,,,No source value available for this period.,2026-05-28T23:59:30+00:00
staff_trainings,month,2018-11-01,,,,,No source value available for this period.,2026-05-28T23:59:30+00:00
staff_trainings,month,2018-12-01,,,,,No source value available for this period.,2026-05-28T23:59:30+00:00
staff_trainings,month,2019-01-01,,,,,No source value available for this period.,2026-05-28T23:59:30+00:00
staff_trainings,month,2019-02-01,,,,,No source value available for this period.,2026-05-28T23:59:30+00:00
staff_trainings,month,2019-03-01,,,,,No source value available for this period.,2026-05-28T23:59:30+00:00
staff_trainings,month,2019-04-01,,,,,No source value available for this period.,2026-05-28T23:59:30+00:00
staff_trainings,month,2019-05-01,,,,,No source value available for this period.,2026-05-28T23:59:30+00:00
staff_trainings,month,2019-06-01,,,,,No source value available for this period.,2026-05-28T23:59:30+00:00
staff_trainings,month,2019-07-01,,,,,No source value available for this period.,2026-05-28T23:59:30+00:00
staff_trainings,month,2019-08-01,,,,,No source value available for this period.,2026-05-28T23:59:30+00:00
staff_trainings,month,2019-09-01,,,,,No source value available for this period.,2026-05-28T23:59:30+00:00
staff_trainings,month,2019-10-01,,,,,No source value available for this period.,2026-05-28T23:59:30+00:00
staff_trainings,month,2019-11-01,,,,,No source value available for this period.,2026-05-28T23:59:30+00:00
staff_trainings,month,2019-12-01,,,,,No source value available for this period.,2026-05-28T23:59:30+00:00
staff_trainings,month,2020-01-01,,,,,No source value available for this period.,2026-05-28T23:59:30+00:00
staff_trainings,month,2020-02-01,,,,,No source value available for this period.,2026-05-28T23:59:30+00:00
staff_trainings,month,2020-03-01,,,,,No source value available for this period.,2026-05-28T23:59:30+00:00
staff_trainings,month,2020-04-01,,,,,No source value available for this period.,2026-05-28T23:59:30+00:00
staff_trainings,month,2020-05-01,,,,,No source value available for this period.,2026-05-28T23:59:30+00:00
staff_trainings,month,2020-06-01,,,,,No source value available for this period.,2026-05-28T23:59:30+00:00
staff_trainings,month,2020-07-01,,,,,No source value available for this period.,2026-05-28T23:59:30+00:00
staff_trainings,month,2020-08-01,,,,,No source value available for this period.,2026-05-28T23:59:30+00:00
staff_trainings,month,2020-09-01,,,,,No source value available for this period.,2026-05-28T23:59:30+00:00
staff_trainings,month,2020-10-01,,,,,No source value available for this period.,2026-05-28T23:59:30+00:00
staff_trainings,month,2020-11-01,,,,,No source value available for this period.,2026-05-28T23:59:30+00:00
staff_trainings,month,2020-12-01,,,,,No source value available for this period.,2026-05-28T23:59:30+00:00
staff_trainings,month,2021-01-01,,,,,No source value available for this period.,2026-05-28T23:59:30+00:00
staff_trainings,month,2021-02-01,,,,,No source value available for this period.,2026-05-28T23:59:30+00:00
staff_trainings,month,2021-03-01,,,,,No source value available for this period.,2026-05-28T23:59:30+00:00
staff_trainings,month,2021-04-01,,,,,No source value available for this period.,2026-05-28T23:59:30+00:00
staff_trainings,month,2021-05-01,,,,,No source value available for this period.,2026-05-28T23:59:30+00:00
staff_trainings,month,2021-06-01,,,,,No source value available for this period.,2026-05-28T23:59:30+00:00
staff_trainings,month,2021-07-01,,,,,No source value available for this period.,2026-05-28T23:59:30+00:00
staff_trainings,month,2021-08-01,,,,,No source value available for this period.,2026-05-28T23:59:30+00:00
staff_trainings,month,2021-09-01,,,,,No source value available for this period.,2026-05-28T23:59:30+00:00
staff_trainings,month,2021-10-01,,,,,No source value available for this period.,2026-05-28T23:59:30+00:00
staff_trainings,month,2021-11-01,,,,,No source value available for this period.,2026-05-28T23:59:30+00:00
staff_trainings,month,2021-12-01,,,,,No source value available for this period.,2026-05-28T23:59:30+00:00
staff_trainings,month,2022-01-01,,,,,No source value available for this period.,2026-05-28T23:59:30+00:00
staff_trainings,month,2022-02-01,,,,,No source value available for this period.,2026-05-28T23:59:30+00:00
staff_trainings,month,2022-03-01,,,,,No source value available for this period.,2026-05-28T23:59:30+00:00
staff_trainings,month,2022-04-01,,,,,No source value available for this period.,2026-05-28T23:59:30+00:00
staff_trainings,month,2022-05-01,,,,,No source value available for this period.,2026-05-28T23:59:30+00:00
staff_trainings,month,2022-06-01,,,,,No source value available for this period.,2026-05-28T23:59:30+00:00
staff_trainings,month,2022-07-01,,,,,No source value available for this period.,2026-05-28T23:59:30+00:00
staff_trainings,month,2022-08-01,,,,,No source value available for this period.,2026-05-28T23:59:30+00:00
staff_trainings,month,2022-09-01,,,,,No source value available for this period.,2026-05-28T23:59:30+00:00
staff_trainings,month,2022-10-01,,,,,No source value available for this period.,2026-05-28T23:59:30+00:00
staff_trainings,month,2022-11-01,,,,,No source value available for this period.,2026-05-28T23:59:30+00:00
staff_trainings,month,2022-12-01,,,,,No source value available for this period.,2026-05-28T23:59:30+00:00
staff_trainings,month,2023-01-01,,,,,No source value available for this period.,2026-05-28T23:59:30+00:00
staff_trainings,month,2023-02-01,,,,,No source value available for this period.,2026-05-28T23:59:30+00:00
staff_trainings,month,2023-03-01,,,,,No source value available for this period.,2026-05-28T23:59:30+00:00
staff_trainings,month,2023-04-01,,,,,No source value available for this period.,2026-05-28T23:59:30+00:00
staff_trainings,month,2023-05-01,,,,,No source value available for this period.,2026-05-28T23:59:30+00:00
staff_trainings,month,2023-06-01,,,,,No source value available for this period.,2026-05-28T23:59:30+00:00
staff_trainings,month,2023-07-01,,,,,No source value available for this period.,2026-05-28T23:59:30+00:00
staff_trainings,month,2023-08-01,,,,,No source value available for this period.,2026-05-28T23:59:30+00:00
staff_trainings,month,2023-09-01,,,,,No source value available for this period.,2026-05-28T23:59:30+00:00
staff_trainings,month,2023-10-01,,,,,No source value available for this period.,2026-05-28T23:59:30+00:00
staff_trainings,month,2023-11-01,,,,,No source value available for this period.,2026-05-28T23:59:30+00:00
staff_trainings,month,2023-12-01,,,,,No source value available for this period.,2026-05-28T23:59:30+00:00
staff_trainings,month,2024-01-01,,,,,No source value available for this period.,2026-05-28T23:59:30+00:00
staff_trainings,month,2024-02-01,,,,,No source value available for this period.,2026-05-28T23:59:30+00:00
staff_trainings,month,2024-03-01,,,,,No source value available for this period.,2026-05-28T23:59:30+00:00
staff_trainings,month,2024-04-01,,,,,No source value available for this period.,2026-05-28T23:59:30+00:00
staff_trainings,month,2024-05-01,,,,,No source value available for this period.,2026-05-28T23:59:30+00:00
staff_trainings,month,2024-06-01,,,,,No source value available for this period.,2026-05-28T23:59:30+00:00
staff_trainings,month,2024-07-01,,,,,No source value available for this period.,2026-05-28T23:59:30+00:00
staff_trainings,month,2024-08-01,,,,,No source value available for this period.,2026-05-28T23:59:30+00:00
staff_trainings,month,2024-09-01,,,,,No source value available for this period.,2026-05-28T23:59:30+00:00
staff_trainings,month,2024-10-01,,,,,No source value available for this period.,2026-05-28T23:59:30+00:00
staff_trainings,month,2024-11-01,,,,,No source value available for this period.,2026-05-28T23:59:30+00:00
staff_trainings,month,2024-12-01,,,,,No source value available for this period.,2026-05-28T23:59:30+00:00
staff_trainings,month,2025-01-01,,,,,No source value available for this period.,2026-05-28T23:59:30+00:00
staff_trainings,month,2025-02-01,,,,,No source value available for this period.,2026-05-28T23:59:30+00:00
staff_trainings,month,2025-03-01,,,,,No source value available for this period.,2026-05-28T23:59:30+00:00
staff_trainings,month,2025-04-01,,,,,No source value available for this period.,2026-05-28T23:59:30+00:00
staff_trainings,month,2025-05-01,,,,,No source value available for this period.,2026-05-28T23:59:30+00:00
staff_trainings,month,2025-06-01,,,,,No source value available for this period.,2026-05-28T23:59:30+00:00
staff_trainings,month,2025-07-01,,,,,No source value available for this period.,2026-05-28T23:59:30+00:00
staff_trainings,month,2025-08-01,,,,,No source value available for this period.,2026-05-28T23:59:30+00:00
staff_trainings,month,2025-09-01,,,,,No source value available for this period.,2026-05-28T23:59:30+00:00
staff_trainings,month,2025-10-01,,,,,No source value available for this period.,2026-05-28T23:59:30+00:00
staff_trainings,month,2025-11-01,,,,,No source value available for this period.,2026-05-28T23:59:30+00:00
staff_trainings,month,2025-12-01,,,,,No source value available for this period.,2026-05-28T23:59:30+00:00
staff_trainings,month,2026-01-01,,,,,No source value available for this period.,2026-05-28T23:59:30+00:00
staff_trainings,month,2026-02-01,,,,,No source value available for this period.,2026-05-28T23:59:30+00:00
staff_trainings,month,2026-03-01,,,,,No source value available for this period.,2026-05-28T23:59:30+00:00
staff_trainings,month,2026-04-01,,,,,No source value available for this period.,2026-05-28T23:59:30+00:00
staff_trainings,month,2026-05-01,,,,,No source value available for this period.,2026-05-28T23:59:30+00:00
targeted_outreach_attendance,month,2013-11-01,,,,,No source value available for this period.,2026-05-28T23:59:30+00:00
targeted_outreach_attendance,month,2013-12-01,,,,,No source value available for this period.,2026-05-28T23:59:30+00:00
targeted_outreach_attendance,month,2014-01-01,,,,,No source value available for this period.,2026-05-28T23:59:30+00:00
targeted_outreach_attendance,month,2014-02-01,,,,,No source value available for this period.,2026-05-28T23:59:30+00:00
targeted_outreach_attendance,month,2014-03-01,,,,,No source value available for this period.,2026-05-28T23:59:30+00:00
targeted_outreach_attendance,month,2014-04-01,,,,,No source value available for this period.,2026-05-28T23:59:30+00:00
targeted_outreach_attendance,month,2014-05-01,,,,,No source value available for this period.,2026-05-28T23:59:30+00:00
targeted_outreach_attendance,month,2014-06-01,,,,,No source value available for this period.,2026-05-28T23:59:30+00:00
targeted_outreach_attendance,month,2014-07-01,,,,,No source value available for this period.,2026-05-28T23:59:30+00:00
targeted_outreach_attendance,month,2014-08-01,,,,,No source value available for this period.,2026-05-28T23:59:30+00:00
targeted_outreach_attendance,month,2014-09-01,,,,,No source value available for this period.,2026-05-28T23:59:30+00:00
targeted_outreach_attendance,month,2014-10-01,,,,,No source value available for this period.,2026-05-28T23:59:30+00:00
targeted_outreach_attendance,month,2014-11-01,,,,,No source value available for this period.,2026-05-28T23:59:30+00:00
targeted_outreach_attendance,month,2014-12-01,,,,,No source value available for this period.,2026-05-28T23:59:30+00:00
targeted_outreach_attendance,month,2015-01-01,,,,,No source value available for this period.,2026-05-28T23:59:30+00:00
targeted_outreach_attendance,month,2015-02-01,,,,,No source value available for this period.,2026-05-28T23:59:30+00:00
targeted_outreach_attendance,month,2015-03-01,,,,,No source value available for this period.,2026-05-28T23:59:30+00:00
targeted_outreach_attendance,month,2015-04-01,,,,,No source value available for this period.,2026-05-28T23:59:30+00:00
targeted_outreach_attendance,month,2015-05-01,,,,,No source value available for this period.,2026-05-28T23:59:30+00:00
targeted_outreach_attendance,month,2015-06-01,,,,,No source value available for this period.,2026-05-28T23:59:30+00:00
targeted_outreach_attendance,month,2015-07-01,,,,,No source value available for this period.,2026-05-28T23:59:30+00:00
targeted_outreach_attendance,month,2015-08-01,,,,,No source value available for this period.,2026-05-28T23:59:30+00:00
targeted_outreach_attendance,month,2015-09-01,,,,,No source value available for this period.,2026-05-28T23:59:30+00:00
targeted_outreach_attendance,month,2015-10-01,,,,,No source value available for this period.,2026-05-28T23:59:30+00:00
targeted_outreach_attendance,month,2015-11-01,,,,,No source value available for this period.,2026-05-28T23:59:30+00:00
targeted_outreach_attendance,month,2015-12-01,,,,,No source value available for this period.,2026-05-28T23:59:30+00:00
targeted_outreach_attendance,month,2016-01-01,,,,,No source value available for this period.,2026-05-28T23:59:30+00:00
targeted_outreach_attendance,month,2016-02-01,,,,,No source value available for this period.,2026-05-28T23:59:30+00:00
targeted_outreach_attendance,month,2016-03-01,,,,,No source value available for this period.,2026-05-28T23:59:30+00:00
targeted_outreach_attendance,month,2016-04-01,,,,,No source value available for this period.,2026-05-28T23:59:30+00:00
targeted_outreach_attendance,month,2016-05-01,,,,,No source value available for this period.,2026-05-28T23:59:30+00:00
targeted_outreach_attendance,month,2016-06-01,,,,,No source value available for this period.,2026-05-28T23:59:30+00:00
targeted_outreach_attendance,month,2016-07-01,,,,,No source value available for this period.,2026-05-28T23:59:30+00:00
targeted_outreach_attendance,month,2016-08-01,,,,,No source value available for this period.,2026-05-28T23:59:30+00:00
targeted_outreach_attendance,month,2016-09-01,,,,,No source value available for this period.,2026-05-28T23:59:30+00:00
targeted_outreach_attendance,month,2016-10-01,,,,,No source value available for this period.,2026-05-28T23:59:30+00:00
targeted_outreach_attendance,month,2016-11-01,,,,,No source value available for this period.,2026-05-28T23:59:30+00:00
targeted_outreach_attendance,month,2016-12-01,,,,,No source value available for this period.,2026-05-28T23:59:30+00:00
targeted_outreach_attendance,month,2017-01-01,,,,,No source value available for this period.,2026-05-28T23:59:30+00:00
targeted_outreach_attendance,month,2017-02-01,,,,,No source value available for this period.,2026-05-28T23:59:30+00:00
targeted_outreach_attendance,month,2017-03-01,,,,,No source value available for this period.,2026-05-28T23:59:30+00:00
targeted_outreach_attendance,month,2017-04-01,,,,,No source value available for this period.,2026-05-28T23:59:30+00:00
targeted_outreach_attendance,month,2017-05-01,,,,,No source value available for this period.,2026-05-28T23:59:30+00:00
targeted_outreach_attendance,month,2017-06-01,,,,,No source value available for this period.,2026-05-28T23:59:30+00:00
targeted_outreach_attendance,month,2017-07-01,,,,,No source value available for this period.,2026-05-28T23:59:30+00:00
targeted_outreach_attendance,month,2017-08-01,,,,,No source value available for this period.,2026-05-28T23:59:30+00:00
targeted_outreach_attendance,month,2017-09-01,,,,,No source value available for this period.,2026-05-28T23:59:30+00:00
targeted_outreach_attendance,month,2017-10-01,,,,,No source value available for this period.,2026-05-28T23:59:30+00:00
targeted_outreach_attendance,month,2017-11-01,,,,,No source value available for this period.,2026-05-28T23:59:30+00:00
targeted_outreach_attendance,month,2017-12-01,,,,,No source value available for this period.,2026-05-28T23:59:30+00:00
targeted_outreach_attendance,month,2018-01-01,,,,,No source value available for this period.,2026-05-28T23:59:30+00:00
targeted_outreach_attendance,month,2018-02-01,,,,,No source value available for this period.,2026-05-28T23:59:30+00:00
targeted_outreach_attendance,month,2018-03-01,,,,,No source value available for this period.,2026-05-28T23:59:30+00:00
targeted_outreach_attendance,month,2018-04-01,,,,,No source value available for this period.,2026-05-28T23:59:30+00:00
targeted_outreach_attendance,month,2018-05-01,,,,,No source value available for this period.,2026-05-28T23:59:30+00:00
targeted_outreach_attendance,month,2018-06-01,,,,,No source value available for this period.,2026-05-28T23:59:30+00:00
targeted_outreach_attendance,month,2018-07-01,,,,,No source value available for this period.,2026-05-28T23:59:30+00:00
targeted_outreach_attendance,month,2018-08-01,,,,,No source value available for this period.,2026-05-28T23:59:30+00:00
targeted_outreach_attendance,month,2018-09-01,,,,,No source value available for this period.,2026-05-28T23:59:30+00:00
targeted_outreach_attendance,month,2018-10-01,,,,,No source value available for this period.,2026-05-28T23:59:30+00:00
targeted_outreach_attendance,month,2018-11-01,,,,,No source value available for this period.,2026-05-28T23:59:30+00:00
targeted_outreach_attendance,month,2018-12-01,,,,,No source value available for this period.,2026-05-28T23:59:30+00:00
targeted_outreach_attendance,month,2019-01-01,,,,,No source value available for this period.,2026-05-28T23:59:30+00:00
targeted_outreach_attendance,month,2019-02-01,,,,,No source value available for this period.,2026-05-28T23:59:30+00:00
targeted_outreach_attendance,month,2019-03-01,,,,,No source value available for this period.,2026-05-28T23:59:30+00:00
targeted_outreach_attendance,month,2019-04-01,,,,,No source value available for this period.,2026-05-28T23:59:30+00:00
targeted_outreach_attendance,month,2019-05-01,,,,,No source value available for this period.,2026-05-28T23:59:30+00:00
targeted_outreach_attendance,month,2019-06-01,,,,,No source value available for this period.,2026-05-28T23:59:30+00:00
targeted_outreach_attendance,month,2019-07-01,,,,,No source value available for this period.,2026-05-28T23:59:30+00:00
targeted_outreach_attendance,month,2019-08-01,,,,,No source value available for this period.,2026-05-28T23:59:30+00:00
targeted_outreach_attendance,month,2019-09-01,,,,,No source value available for this period.,2026-05-28T23:59:30+00:00
targeted_outreach_attendance,month,2019-10-01,,,,,No source value available for this period.,2026-05-28T23:59:30+00:00
targeted_outreach_attendance,month,2019-11-01,,,,,No source value available for this period.,2026-05-28T23:59:30+00:00
targeted_outreach_attendance,month,2019-12-01,,,,,No source value available for this period.,2026-05-28T23:59:30+00:00
targeted_outreach_attendance,month,2020-01-01,,,,,No source value available for this period.,2026-05-28T23:59:30+00:00
targeted_outreach_attendance,month,2020-02-01,,,,,No source value available for this period.,2026-05-28T23:59:30+00:00
targeted_outreach_attendance,month,2020-03-01,,,,,No source value available for this period.,2026-05-28T23:59:30+00:00
targeted_outreach_attendance,month,2020-04-01,,,,,No source value available for this period.,2026-05-28T23:59:30+00:00
targeted_outreach_attendance,month,2020-05-01,,,,,No source value available for this period.,2026-05-28T23:59:30+00:00
targeted_outreach_attendance,month,2020-06-01,,,,,No source value available for this period.,2026-05-28T23:59:30+00:00
targeted_outreach_attendance,month,2020-07-01,,,,,No source value available for this period.,2026-05-28T23:59:30+00:00
targeted_outreach_attendance,month,2020-08-01,,,,,No source value available for this period.,2026-05-28T23:59:30+00:00
targeted_outreach_attendance,month,2020-09-01,,,,,No source value available for this period.,2026-05-28T23:59:30+00:00
targeted_outreach_attendance,month,2020-10-01,,,,,No source value available for this period.,2026-05-28T23:59:30+00:00
targeted_outreach_attendance,month,2020-11-01,,,,,No source value available for this period.,2026-05-28T23:59:30+00:00
targeted_outreach_attendance,month,2020-12-01,,,,,No source value available for this period.,2026-05-28T23:59:30+00:00
targeted_outreach_attendance,month,2021-01-01,,,,,No source value available for this period.,2026-05-28T23:59:30+00:00
targeted_outreach_attendance,month,2021-02-01,,,,,No source value available for this period.,2026-05-28T23:59:30+00:00
targeted_outreach_attendance,month,2021-03-01,,,,,No source value available for this period.,2026-05-28T23:59:30+00:00
targeted_outreach_attendance,month,2021-04-01,,,,,No source value available for this period.,2026-05-28T23:59:30+00:00
targeted_outreach_attendance,month,2021-05-01,,,,,No source value available for this period.,2026-05-28T23:59:30+00:00
targeted_outreach_attendance,month,2021-06-01,,,,,No source value available for this period.,2026-05-28T23:59:30+00:00
targeted_outreach_attendance,month,2021-07-01,,,,,No source value available for this period.,2026-05-28T23:59:30+00:00
targeted_outreach_attendance,month,2021-08-01,,,,,No source value available for this period.,2026-05-28T23:59:30+00:00
targeted_outreach_attendance,month,2021-09-01,,,,,No source value available for this period.,2026-05-28T23:59:30+00:00
targeted_outreach_attendance,month,2021-10-01,,,,,No source value available for this period.,2026-05-28T23:59:30+00:00
targeted_outreach_attendance,month,2021-11-01,,,,,No source value available for this period.,2026-05-28T23:59:30+00:00
targeted_outreach_attendance,month,2021-12-01,,,,,No source value available for this period.,2026-05-28T23:59:30+00:00
targeted_outreach_attendance,month,2022-01-01,,,,,No source value available for this period.,2026-05-28T23:59:30+00:00
targeted_outreach_attendance,month,2022-02-01,,,,,No source value available for this period.,2026-05-28T23:59:30+00:00
targeted_outreach_attendance,month,2022-03-01,,,,,No source value available for this period.,2026-05-28T23:59:30+00:00
targeted_outreach_attendance,month,2022-04-01,,,,,No source value available for this period.,2026-05-28T23:59:30+00:00
targeted_outreach_attendance,month,2022-05-01,,,,,No source value available for this period.,2026-05-28T23:59:30+00:00
targeted_outreach_attendance,month,2022-06-01,,,,,No source value available for this period.,2026-05-28T23:59:30+00:00
targeted_outreach_attendance,month,2022-07-01,,,,,No source value available for this period.,2026-05-28T23:59:30+00:00
targeted_outreach_attendance,month,2022-08-01,,,,,No source value available for this period.,2026-05-28T23:59:30+00:00
targeted_outreach_attendance,month,2022-09-01,,,,,No source value available for this period.,2026-05-28T23:59:30+00:00
targeted_outreach_attendance,month,2022-10-01,,,,,No source value available for this period.,2026-05-28T23:59:30+00:00
targeted_outreach_attendance,month,2022-11-01,,,,,No source value available for this period.,2026-05-28T23:59:30+00:00
targeted_outreach_attendance,month,2022-12-01,,,,,No source value available for this period.,2026-05-28T23:59:30+00:00
targeted_outreach_attendance,month,2023-01-01,,,,,No source value available for this period.,2026-05-28T23:59:30+00:00
targeted_outreach_attendance,month,2023-02-01,,,,,No source value available for this period.,2026-05-28T23:59:30+00:00
targeted_outreach_attendance,month,2023-03-01,,,,,No source value available for this period.,2026-05-28T23:59:30+00:00
targeted_outreach_attendance,month,2023-04-01,,,,,No source value available for this period.,2026-05-28T23:59:30+00:00
targeted_outreach_attendance,month,2023-05-01,,,,,No source value available for this period.,2026-05-28T23:59:30+00:00
targeted_outreach_attendance,month,2023-06-01,,,,,No source value available for this period.,2026-05-28T23:59:30+00:00
targeted_outreach_attendance,month,2023-07-01,,,,,No source value available for this period.,2026-05-28T23:59:30+00:00
targeted_outreach_attendance,month,2023-08-01,,,,,No source value available for this period.,2026-05-28T23:59:30+00:00
targeted_outreach_attendance,month,2023-09-01,,,,,No source value available for this period.,2026-05-28T23:59:30+00:00
targeted_outreach_attendance,month,2023-10-01,,,,,No source value available for this period.,2026-05-28T23:59:30+00:00
targeted_outreach_attendance,month,2023-11-01,,,,,No source value available for this period.,2026-05-28T23:59:30+00:00
targeted_outreach_attendance,month,2023-12-01,,,,,No source value available for this period.,2026-05-28T23:59:30+00:00
targeted_outreach_attendance,month,2024-01-01,,,,,No source value available for this period.,2026-05-28T23:59:30+00:00
targeted_outreach_attendance,month,2024-02-01,,,,,No source value available for this period.,2026-05-28T23:59:30+00:00
targeted_outreach_attendance,month,2024-03-01,,,,,No source value available for this period.,2026-05-28T23:59:30+00:00
targeted_outreach_attendance,month,2024-04-01,,,,,No source value available for this period.,2026-05-28T23:59:30+00:00
targeted_outreach_attendance,month,2024-05-01,,,,,No source value available for this period.,2026-05-28T23:59:30+00:00
targeted_outreach_attendance,month,2024-06-01,,,,,No source value available for this period.,2026-05-28T23:59:30+00:00
targeted_outreach_attendance,month,2024-07-01,,,,,No source value available for this period.,2026-05-28T23:59:30+00:00
targeted_outreach_attendance,month,2024-08-01,,,,,No source value available for this period.,2026-05-28T23:59:30+00:00
targeted_outreach_attendance,month,2024-09-01,,,,,No source value available for this period.,2026-05-28T23:59:30+00:00
targeted_outreach_attendance,month,2024-10-01,,,,,No source value available for this period.,2026-05-28T23:59:30+00:00
targeted_outreach_attendance,month,2024-11-01,,,,,No source value available for this period.,2026-05-28T23:59:30+00:00
targeted_outreach_attendance,month,2024-12-01,,,,,No source value available for this period.,2026-05-28T23:59:30+00:00
targeted_outreach_attendance,month,2025-01-01,,,,,No source value available for this period.,2026-05-28T23:59:30+00:00
targeted_outreach_attendance,month,2025-02-01,,,,,No source value available for this period.,2026-05-28T23:59:30+00:00
targeted_outreach_attendance,month,2025-03-01,,,,,No source value available for this period.,2026-05-28T23:59:30+00:00
targeted_outreach_attendance,month,2025-04-01,,,,,No source value available for this period.,2026-05-28T23:59:30+00:00
targeted_outreach_attendance,month,2025-05-01,,,,,No source value available for this period.,2026-05-28T23:59:30+00:00
targeted_outreach_attendance,month,2025-06-01,,,,,No source value available for this period.,2026-05-28T23:59:30+00:00
targeted_outreach_attendance,month,2025-07-01,,,,,No source value available for this period.,2026-05-28T23:59:30+00:00
targeted_outreach_attendance,month,2025-08-01,,,,,No source value available for this period.,2026-05-28T23:59:30+00:00
targeted_outreach_attendance,month,2025-09-01,,,,,No source value available for this period.,2026-05-28T23:59:30+00:00
targeted_outreach_attendance,month,2025-10-01,,,,,No source value available for this period.,2026-05-28T23:59:30+00:00
targeted_outreach_attendance,month,2025-11-01,,,,,No source value available for this period.,2026-05-28T23:59:30+00:00
targeted_outreach_attendance,month,2025-12-01,,,,,No source value available for this period.,2026-05-28T23:59:30+00:00
targeted_outreach_attendance,month,2026-01-01,,,,,No source value available for this period.,2026-05-28T23:59:30+00:00
targeted_outreach_attendance,month,2026-02-01,,,,,No source value available for this period.,2026-05-28T23:59:30+00:00
targeted_outreach_attendance,month,2026-03-01,,,,,No source value available for this period.,2026-05-28T23:59:30+00:00
targeted_outreach_attendance,month,2026-04-01,,,,,No source value available for this period.,2026-05-28T23:59:30+00:00
targeted_outreach_attendance,month,2026-05-01,,,,,No source value available for this period.,2026-05-28T23:59:30+00:00
targeted_outreach_events,month,2013-11-01,,,,,No source value available for this period.,2026-05-28T23:59:30+00:00
targeted_outreach_events,month,2013-12-01,,,,,No source value available for this period.,2026-05-28T23:59:30+00:00
targeted_outreach_events,month,2014-01-01,,,,,No source value available for this period.,2026-05-28T23:59:30+00:00
targeted_outreach_events,month,2014-02-01,,,,,No source value available for this period.,2026-05-28T23:59:30+00:00
targeted_outreach_events,month,2014-03-01,,,,,No source value available for this period.,2026-05-28T23:59:30+00:00
targeted_outreach_events,month,2014-04-01,,,,,No source value available for this period.,2026-05-28T23:59:30+00:00
targeted_outreach_events,month,2014-05-01,,,,,No source value available for this period.,2026-05-28T23:59:30+00:00
targeted_outreach_events,month,2014-06-01,,,,,No source value available for this period.,2026-05-28T23:59:30+00:00
targeted_outreach_events,month,2014-07-01,,,,,No source value available for this period.,2026-05-28T23:59:30+00:00
targeted_outreach_events,month,2014-08-01,,,,,No source value available for this period.,2026-05-28T23:59:30+00:00
targeted_outreach_events,month,2014-09-01,,,,,No source value available for this period.,2026-05-28T23:59:30+00:00
targeted_outreach_events,month,2014-10-01,,,,,No source value available for this period.,2026-05-28T23:59:30+00:00
targeted_outreach_events,month,2014-11-01,,,,,No source value available for this period.,2026-05-28T23:59:30+00:00
targeted_outreach_events,month,2014-12-01,,,,,No source value available for this period.,2026-05-28T23:59:30+00:00
targeted_outreach_events,month,2015-01-01,,,,,No source value available for this period.,2026-05-28T23:59:30+00:00
targeted_outreach_events,month,2015-02-01,,,,,No source value available for this period.,2026-05-28T23:59:30+00:00
targeted_outreach_events,month,2015-03-01,,,,,No source value available for this period.,2026-05-28T23:59:30+00:00
targeted_outreach_events,month,2015-04-01,,,,,No source value available for this period.,2026-05-28T23:59:30+00:00
targeted_outreach_events,month,2015-05-01,,,,,No source value available for this period.,2026-05-28T23:59:30+00:00
targeted_outreach_events,month,2015-06-01,,,,,No source value available for this period.,2026-05-28T23:59:30+00:00
targeted_outreach_events,month,2015-07-01,,,,,No source value available for this period.,2026-05-28T23:59:30+00:00
targeted_outreach_events,month,2015-08-01,,,,,No source value available for this period.,2026-05-28T23:59:30+00:00
targeted_outreach_events,month,2015-09-01,,,,,No source value available for this period.,2026-05-28T23:59:30+00:00
targeted_outreach_events,month,2015-10-01,,,,,No source value available for this period.,2026-05-28T23:59:30+00:00
targeted_outreach_events,month,2015-11-01,,,,,No source value available for this period.,2026-05-28T23:59:30+00:00
targeted_outreach_events,month,2015-12-01,,,,,No source value available for this period.,2026-05-28T23:59:30+00:00
targeted_outreach_events,month,2016-01-01,,,,,No source value available for this period.,2026-05-28T23:59:30+00:00
targeted_outreach_events,month,2016-02-01,,,,,No source value available for this period.,2026-05-28T23:59:30+00:00
targeted_outreach_events,month,2016-03-01,,,,,No source value available for this period.,2026-05-28T23:59:30+00:00
targeted_outreach_events,month,2016-04-01,,,,,No source value available for this period.,2026-05-28T23:59:30+00:00
targeted_outreach_events,month,2016-05-01,,,,,No source value available for this period.,2026-05-28T23:59:30+00:00
targeted_outreach_events,month,2016-06-01,,,,,No source value available for this period.,2026-05-28T23:59:30+00:00
targeted_outreach_events,month,2016-07-01,,,,,No source value available for this period.,2026-05-28T23:59:30+00:00
targeted_outreach_events,month,2016-08-01,,,,,No source value available for this period.,2026-05-28T23:59:30+00:00
targeted_outreach_events,month,2016-09-01,,,,,No source value available for this period.,2026-05-28T23:59:30+00:00
targeted_outreach_events,month,2016-10-01,,,,,No source value available for this period.,2026-05-28T23:59:30+00:00
targeted_outreach_events,month,2016-11-01,,,,,No source value available for this period.,2026-05-28T23:59:30+00:00
targeted_outreach_events,month,2016-12-01,,,,,No source value available for this period.,2026-05-28T23:59:30+00:00
targeted_outreach_events,month,2017-01-01,,,,,No source value available for this period.,2026-05-28T23:59:30+00:00
targeted_outreach_events,month,2017-02-01,,,,,No source value available for this period.,2026-05-28T23:59:30+00:00
targeted_outreach_events,month,2017-03-01,,,,,No source value available for this period.,2026-05-28T23:59:30+00:00
targeted_outreach_events,month,2017-04-01,,,,,No source value available for this period.,2026-05-28T23:59:30+00:00
targeted_outreach_events,month,2017-05-01,,,,,No source value available for this period.,2026-05-28T23:59:30+00:00
targeted_outreach_events,month,2017-06-01,,,,,No source value available for this period.,2026-05-28T23:59:30+00:00
targeted_outreach_events,month,2017-07-01,,,,,No source value available for this period.,2026-05-28T23:59:30+00:00
targeted_outreach_events,month,2017-08-01,,,,,No source value available for this period.,2026-05-28T23:59:30+00:00
targeted_outreach_events,month,2017-09-01,,,,,No source value available for this period.,2026-05-28T23:59:30+00:00
targeted_outreach_events,month,2017-10-01,,,,,No source value available for this period.,2026-05-28T23:59:30+00:00
targeted_outreach_events,month,2017-11-01,,,,,No source value available for this period.,2026-05-28T23:59:30+00:00
targeted_outreach_events,month,2017-12-01,,,,,No source value available for this period.,2026-05-28T23:59:30+00:00
targeted_outreach_events,month,2018-01-01,,,,,No source value available for this period.,2026-05-28T23:59:30+00:00
targeted_outreach_events,month,2018-02-01,,,,,No source value available for this period.,2026-05-28T23:59:30+00:00
targeted_outreach_events,month,2018-03-01,,,,,No source value available for this period.,2026-05-28T23:59:30+00:00
targeted_outreach_events,month,2018-04-01,,,,,No source value available for this period.,2026-05-28T23:59:30+00:00
targeted_outreach_events,month,2018-05-01,,,,,No source value available for this period.,2026-05-28T23:59:30+00:00
targeted_outreach_events,month,2018-06-01,,,,,No source value available for this period.,2026-05-28T23:59:30+00:00
targeted_outreach_events,month,2018-07-01,,,,,No source value available for this period.,2026-05-28T23:59:30+00:00
targeted_outreach_events,month,2018-08-01,,,,,No source value available for this period.,2026-05-28T23:59:30+00:00
targeted_outreach_events,month,2018-09-01,,,,,No source value available for this period.,2026-05-28T23:59:30+00:00
targeted_outreach_events,month,2018-10-01,,,,,No source value available for this period.,2026-05-28T23:59:30+00:00
targeted_outreach_events,month,2018-11-01,,,,,No source value available for this period.,2026-05-28T23:59:30+00:00
targeted_outreach_events,month,2018-12-01,,,,,No source value available for this period.,2026-05-28T23:59:30+00:00
targeted_outreach_events,month,2019-01-01,,,,,No source value available for this period.,2026-05-28T23:59:30+00:00
targeted_outreach_events,month,2019-02-01,,,,,No source value available for this period.,2026-05-28T23:59:30+00:00
targeted_outreach_events,month,2019-03-01,,,,,No source value available for this period.,2026-05-28T23:59:30+00:00
targeted_outreach_events,month,2019-04-01,,,,,No source value available for this period.,2026-05-28T23:59:30+00:00
targeted_outreach_events,month,2019-05-01,,,,,No source value available for this period.,2026-05-28T23:59:30+00:00
targeted_outreach_events,month,2019-06-01,,,,,No source value available for this period.,2026-05-28T23:59:30+00:00
targeted_outreach_events,month,2019-07-01,,,,,No source value available for this period.,2026-05-28T23:59:30+00:00
targeted_outreach_events,month,2019-08-01,,,,,No source value available for this period.,2026-05-28T23:59:30+00:00
targeted_outreach_events,month,2019-09-01,,,,,No source value available for this period.,2026-05-28T23:59:30+00:00
targeted_outreach_events,month,2019-10-01,,,,,No source value available for this period.,2026-05-28T23:59:30+00:00
targeted_outreach_events,month,2019-11-01,,,,,No source value available for this period.,2026-05-28T23:59:30+00:00
targeted_outreach_events,month,2019-12-01,,,,,No source value available for this period.,2026-05-28T23:59:30+00:00
targeted_outreach_events,month,2020-01-01,,,,,No source value available for this period.,2026-05-28T23:59:30+00:00
targeted_outreach_events,month,2020-02-01,,,,,No source value available for this period.,2026-05-28T23:59:30+00:00
targeted_outreach_events,month,2020-03-01,,,,,No source value available for this period.,2026-05-28T23:59:30+00:00
targeted_outreach_events,month,2020-04-01,,,,,No source value available for this period.,2026-05-28T23:59:30+00:00
targeted_outreach_events,month,2020-05-01,,,,,No source value available for this period.,2026-05-28T23:59:30+00:00
targeted_outreach_events,month,2020-06-01,,,,,No source value available for this period.,2026-05-28T23:59:30+00:00
targeted_outreach_events,month,2020-07-01,,,,,No source value available for this period.,2026-05-28T23:59:30+00:00
targeted_outreach_events,month,2020-08-01,,,,,No source value available for this period.,2026-05-28T23:59:30+00:00
targeted_outreach_events,month,2020-09-01,,,,,No source value available for this period.,2026-05-28T23:59:30+00:00
targeted_outreach_events,month,2020-10-01,,,,,No source value available for this period.,2026-05-28T23:59:30+00:00
targeted_outreach_events,month,2020-11-01,,,,,No source value available for this period.,2026-05-28T23:59:30+00:00
targeted_outreach_events,month,2020-12-01,,,,,No source value available for this period.,2026-05-28T23:59:30+00:00
targeted_outreach_events,month,2021-01-01,,,,,No source value available for this period.,2026-05-28T23:59:30+00:00
targeted_outreach_events,month,2021-02-01,,,,,No source value available for this period.,2026-05-28T23:59:30+00:00
targeted_outreach_events,month,2021-03-01,,,,,No source value available for this period.,2026-05-28T23:59:30+00:00
targeted_outreach_events,month,2021-04-01,,,,,No source value available for this period.,2026-05-28T23:59:30+00:00
targeted_outreach_events,month,2021-05-01,,,,,No source value available for this period.,2026-05-28T23:59:30+00:00
targeted_outreach_events,month,2021-06-01,,,,,No source value available for this period.,2026-05-28T23:59:30+00:00
targeted_outreach_events,month,2021-07-01,,,,,No source value available for this period.,2026-05-28T23:59:30+00:00
targeted_outreach_events,month,2021-08-01,,,,,No source value available for this period.,2026-05-28T23:59:30+00:00
targeted_outreach_events,month,2021-09-01,,,,,No source value available for this period.,2026-05-28T23:59:30+00:00
targeted_outreach_events,month,2021-10-01,,,,,No source value available for this period.,2026-05-28T23:59:30+00:00
targeted_outreach_events,month,2021-11-01,,,,,No source value available for this period.,2026-05-28T23:59:30+00:00
targeted_outreach_events,month,2021-12-01,,,,,No source value available for this period.,2026-05-28T23:59:30+00:00
targeted_outreach_events,month,2022-01-01,,,,,No source value available for this period.,2026-05-28T23:59:30+00:00
targeted_outreach_events,month,2022-02-01,,,,,No source value available for this period.,2026-05-28T23:59:30+00:00
targeted_outreach_events,month,2022-03-01,,,,,No source value available for this period.,2026-05-28T23:59:30+00:00
targeted_outreach_events,month,2022-04-01,,,,,No source value available for this period.,2026-05-28T23:59:30+00:00
targeted_outreach_events,month,2022-05-01,,,,,No source value available for this period.,2026-05-28T23:59:30+00:00
targeted_outreach_events,month,2022-06-01,,,,,No source value available for this period.,2026-05-28T23:59:30+00:00
targeted_outreach_events,month,2022-07-01,,,,,No source value available for this period.,2026-05-28T23:59:30+00:00
targeted_outreach_events,month,2022-08-01,,,,,No source value available for this period.,2026-05-28T23:59:30+00:00
targeted_outreach_events,month,2022-09-01,,,,,No source value available for this period.,2026-05-28T23:59:30+00:00
targeted_outreach_events,month,2022-10-01,,,,,No source value available for this period.,2026-05-28T23:59:30+00:00
targeted_outreach_events,month,2022-11-01,,,,,No source value available for this period.,2026-05-28T23:59:30+00:00
targeted_outreach_events,month,2022-12-01,,,,,No source value available for this period.,2026-05-28T23:59:30+00:00
targeted_outreach_events,month,2023-01-01,,,,,No source value available for this period.,2026-05-28T23:59:30+00:00
targeted_outreach_events,month,2023-02-01,,,,,No source value available for this period.,2026-05-28T23:59:30+00:00
targeted_outreach_events,month,2023-03-01,,,,,No source value available for this period.,2026-05-28T23:59:30+00:00
targeted_outreach_events,month,2023-04-01,,,,,No source value available for this period.,2026-05-28T23:59:30+00:00
targeted_outreach_events,month,2023-05-01,,,,,No source value available for this period.,2026-05-28T23:59:30+00:00
targeted_outreach_events,month,2023-06-01,,,,,No source value available for this period.,2026-05-28T23:59:30+00:00
targeted_outreach_events,month,2023-07-01,,,,,No source value available for this period.,2026-05-28T23:59:30+00:00
targeted_outreach_events,month,2023-08-01,,,,,No source value available for this period.,2026-05-28T23:59:30+00:00
targeted_outreach_events,month,2023-09-01,,,,,No source value available for this period.,2026-05-28T23:59:30+00:00
targeted_outreach_events,month,2023-10-01,,,,,No source value available for this period.,2026-05-28T23:59:30+00:00
targeted_outreach_events,month,2023-11-01,,,,,No source value available for this period.,2026-05-28T23:59:30+00:00
targeted_outreach_events,month,2023-12-01,,,,,No source value available for this period.,2026-05-28T23:59:30+00:00
targeted_outreach_events,month,2024-01-01,,,,,No source value available for this period.,2026-05-28T23:59:30+00:00
targeted_outreach_events,month,2024-02-01,,,,,No source value available for this period.,2026-05-28T23:59:30+00:00
targeted_outreach_events,month,2024-03-01,,,,,No source value available for this period.,2026-05-28T23:59:30+00:00
targeted_outreach_events,month,2024-04-01,,,,,No source value available for this period.,2026-05-28T23:59:30+00:00
targeted_outreach_events,month,2024-05-01,,,,,No source value available for this period.,2026-05-28T23:59:30+00:00
targeted_outreach_events,month,2024-06-01,,,,,No source value available for this period.,2026-05-28T23:59:30+00:00
targeted_outreach_events,month,2024-07-01,,,,,No source value available for this period.,2026-05-28T23:59:30+00:00
targeted_outreach_events,month,2024-08-01,,,,,No source value available for this period.,2026-05-28T23:59:30+00:00
targeted_outreach_events,month,2024-09-01,,,,,No source value available for this period.,2026-05-28T23:59:30+00:00
targeted_outreach_events,month,2024-10-01,,,,,No source value available for this period.,2026-05-28T23:59:30+00:00
targeted_outreach_events,month,2024-11-01,,,,,No source value available for this period.,2026-05-28T23:59:30+00:00
targeted_outreach_events,month,2024-12-01,,,,,No source value available for this period.,2026-05-28T23:59:30+00:00
targeted_outreach_events,month,2025-01-01,,,,,No source value available for this period.,2026-05-28T23:59:30+00:00
targeted_outreach_events,month,2025-02-01,,,,,No source value available for this period.,2026-05-28T23:59:30+00:00
targeted_outreach_events,month,2025-03-01,,,,,No source value available for this period.,2026-05-28T23:59:30+00:00
targeted_outreach_events,month,2025-04-01,,,,,No source value available for this period.,2026-05-28T23:59:30+00:00
targeted_outreach_events,month,2025-05-01,,,,,No source value available for this period.,2026-05-28T23:59:30+00:00
targeted_outreach_events,month,2025-06-01,,,,,No source value available for this period.,2026-05-28T23:59:30+00:00
targeted_outreach_events,month,2025-07-01,,,,,No source value available for this period.,2026-05-28T23:59:30+00:00
targeted_outreach_events,month,2025-08-01,,,,,No source value available for this period.,2026-05-28T23:59:30+00:00
targeted_outreach_events,month,2025-09-01,,,,,No source value available for this period.,2026-05-28T23:59:30+00:00
targeted_outreach_events,month,2025-10-01,,,,,No source value available for this period.,2026-05-28T23:59:30+00:00
targeted_outreach_events,month,2025-11-01,,,,,No source value available for this period.,2026-05-28T23:59:30+00:00
targeted_outreach_events,month,2025-12-01,,,,,No source value available for this period.,2026-05-28T23:59:30+00:00
targeted_outreach_events,month,2026-01-01,,,,,No source value available for this period.,2026-05-28T23:59:30+00:00
targeted_outreach_events,month,2026-02-01,,,,,No source value available for this period.,2026-05-28T23:59:30+00:00
targeted_outreach_events,month,2026-03-01,,,,,No source value available for this period.,2026-05-28T23:59:30+00:00
targeted_outreach_events,month,2026-04-01,,,,,No source value available for this period.,2026-05-28T23:59:30+00:00
targeted_outreach_events,month,2026-05-01,,,,,No source value available for this period.,2026-05-28T23:59:30+00:00
tools_methods_adopted,year,2013-01-01,,,,,Manual metric not yet captured.,2026-05-28T23:59:30+00:00
tools_methods_adopted,year,2014-01-01,,,,,Manual metric not yet captured.,2026-05-28T23:59:30+00:00
tools_methods_adopted,year,2015-01-01,,,,,Manual metric not yet captured.,2026-05-28T23:59:30+00:00
tools_methods_adopted,year,2016-01-01,,,,,Manual metric not yet captured.,2026-05-28T23:59:30+00:00
tools_methods_adopted,year,2017-01-01,,,,,Manual metric not yet captured.,2026-05-28T23:59:30+00:00
tools_methods_adopted,year,2018-01-01,,,,,Manual metric not yet captured.,2026-05-28T23:59:30+00:00
tools_methods_adopted,year,2019-01-01,,,,,Manual metric not yet captured.,2026-05-28T23:59:30+00:00
tools_methods_adopted,year,2020-01-01,,,,,Manual metric not yet captured.,2026-05-28T23:59:30+00:00
tools_methods_adopted,year,2021-01-01,,,,,Manual metric not yet captured.,2026-05-28T23:59:30+00:00
tools_methods_adopted,year,2022-01-01,,,,,Manual metric not yet captured.,2026-05-28T23:59:30+00:00
tools_methods_adopted,year,2023-01-01,,,,,Manual metric not yet captured.,2026-05-28T23:59:30+00:00
tools_methods_adopted,year,2024-01-01,,,,,Manual metric not yet captured.,2026-05-28T23:59:30+00:00
tools_methods_adopted,year,2025-01-01,,,,,Manual metric not yet captured.,2026-05-28T23:59:30+00:00
tools_methods_adopted,year,2026-01-01,,,,,Manual metric not yet captured.,2026-05-28T23:59:30+00:00
